timestamp,node_id,distance,tilt_x,tilt_y,vibration,temperature,humidity,status
2026-01-01T00:02:00,NODE_01,79.48,1.27,1.05,0.166,27.13,68.11,normal
2026-01-01T00:12:00,NODE_01,79.33,1.12,1.18,0.188,27.91,65.23,normal
2026-01-01T00:22:00,NODE_01,79.47,0.82,0.71,0.189,26.87,69.29,normal
2026-01-01T00:32:00,NODE_01,79.8,1.17,0.62,0.131,26.12,68.93,normal
2026-01-01T00:42:00,NODE_01,78.97,1.19,0.69,0.148,26.81,71.79,normal
2026-01-01T00:52:00,NODE_01,79.19,0.85,0.73,0.144,26.62,74.94,normal
2026-01-01T01:02:00,NODE_01,78.85,0.65,1.32,0.136,24.75,65.36,normal
2026-01-01T01:12:00,NODE_01,80.08,1.16,1.24,0.154,26.27,68.86,normal
2026-01-01T01:22:00,NODE_01,79.1,1.08,1.09,0.218,27.49,72.24,normal
2026-01-01T01:32:00,NODE_01,79.67,1.42,0.91,0.282,25.15,73.15,normal
2026-01-01T01:42:00,NODE_01,78.46,1.6,1.46,0.164,24.83,70.37,normal
2026-01-01T01:52:00,NODE_01,78.55,1.92,0.8,0.285,25.91,74.5,normal
2026-01-01T02:02:00,NODE_01,78.77,1.55,1.57,0.278,25.54,72.15,normal
2026-01-01T02:12:00,NODE_01,79.68,1.72,1.5,0.251,26.37,75.21,normal
2026-01-01T02:22:00,NODE_01,78.95,1.56,1.1,0.333,28.17,69.47,normal
2026-01-01T02:32:00,NODE_01,78.54,1.65,1.43,0.242,26.6,73.3,normal
2026-01-01T02:42:00,NODE_01,79.3,1.35,1.48,0.352,27.5,72.47,normal
2026-01-01T02:52:00,NODE_01,78.1,2.16,0.68,0.246,26.15,68.36,normal
2026-01-01T03:02:00,NODE_01,79.98,1.66,0.97,0.417,24.38,63.38,normal
2026-01-01T03:12:00,NODE_01,78.31,1.89,1.38,0.239,25.48,71.86,normal
2026-01-01T03:22:00,NODE_01,77.66,1.17,1.19,0.236,26.74,75.54,normal
2026-01-01T03:32:00,NODE_01,79.32,1.62,1.12,0.26,24.25,74.98,normal
2026-01-01T03:42:00,NODE_01,78.65,1.42,1.3,0.206,26.17,69.31,normal
2026-01-01T03:52:00,NODE_01,79.09,1.82,1.47,0.257,26.6,70.1,normal
2026-01-01T04:02:00,NODE_01,78.79,1.37,0.97,0.204,26.39,70.28,normal
2026-01-01T04:12:00,NODE_01,71.42,5.3,4.9,1.195,25.43,70.66,critical
2026-01-01T04:22:00,NODE_01,71.84,7.5,4.48,0.988,23.16,69.62,critical
2026-01-01T04:32:00,NODE_01,70.52,5.91,3.22,0.888,25.86,72.31,critical
2026-01-01T04:42:00,NODE_01,75.24,5.64,3.51,0.795,27.5,74.82,critical
2026-01-01T04:52:00,NODE_01,74.92,6.96,4.31,0.633,25.82,73.59,critical
2026-01-01T05:02:00,NODE_01,73.62,4.64,5.45,0.975,26.55,70.22,critical
2026-01-01T05:12:00,NODE_01,73.47,7.15,3.44,1.04,28.24,68.9,critical
2026-01-01T05:22:00,NODE_01,70.9,4.6,4.34,1.005,27.98,70.39,critical
2026-01-01T05:32:00,NODE_01,73.83,4.16,4.72,1.009,25.51,67.74,critical
2026-01-01T05:42:00,NODE_01,74.68,6.17,3.21,0.615,25.87,72.55,critical
2026-01-01T05:52:00,NODE_01,73.27,6.35,5.03,0.689,29.1,74.13,warning
2026-01-01T06:02:00,NODE_01,72.86,4.36,3.83,0.69,26.94,69.76,warning
2026-01-01T06:12:00,NODE_01,75.33,4.81,2.84,0.709,25.26,66.51,warning
2026-01-01T06:22:00,NODE_01,73.75,6.18,4.38,0.521,26.57,76.29,warning
2026-01-01T06:32:00,NODE_01,72.97,4.35,3.73,0.615,27.63,67.47,warning
2026-01-01T06:42:00,NODE_01,75.2,3.87,3.19,0.756,29.32,69.38,warning
2026-01-01T06:52:00,NODE_01,75.85,5.16,3.49,0.611,26.61,68.49,warning
2026-01-01T07:02:00,NODE_01,74.62,3.02,3.44,0.723,25.51,74.43,warning
2026-01-01T07:12:00,NODE_01,75.45,3.54,2.7,0.475,27.36,66.9,warning
2026-01-01T07:22:00,NODE_01,74.23,3.87,3.42,0.672,25.83,73.63,warning
2026-01-01T07:32:00,NODE_01,75.66,3.81,2.82,0.473,27.52,69.35,warning
2026-01-01T07:42:00,NODE_01,74.5,3.61,3.02,0.521,26.78,65.44,warning
2026-01-01T07:52:00,NODE_01,74.13,4.21,2.37,0.606,25.63,69.44,warning
2026-01-01T08:02:00,NODE_01,76.69,4.29,2.15,0.422,26.65,66.1,warning
2026-01-01T08:12:00,NODE_01,78.09,4.13,1.94,0.558,26.31,63.35,warning
2026-01-01T08:22:00,NODE_01,77.31,2.76,2.38,0.556,26.92,76.13,warning
2026-01-01T08:32:00,NODE_01,76.14,2.83,2.15,0.395,26.21,71.41,warning
2026-01-01T08:42:00,NODE_01,77.19,3.99,1.59,0.451,27.07,72.7,warning
2026-01-01T08:52:00,NODE_01,75.83,3.94,1.84,0.421,26.25,72.66,warning
2026-01-01T09:02:00,NODE_01,76.47,3.5,2.7,0.488,26.91,71.1,warning
2026-01-01T09:12:00,NODE_01,76.91,2.99,1.79,0.42,24.52,65.94,warning
2026-01-01T09:22:00,NODE_01,76.94,2.46,2.21,0.298,26.15,68.54,warning
2026-01-01T09:32:00,NODE_01,76.54,2.16,1.84,0.403,25.76,67.79,normal
2026-01-01T09:42:00,NODE_01,77.5,2.06,1.18,0.427,24.49,68.72,normal
2026-01-01T09:52:00,NODE_01,77.54,1.66,0.96,0.36,23.44,76.36,normal
2026-01-01T10:02:00,NODE_01,77.87,2.55,1.64,0.298,26.54,68.65,normal
2026-01-01T10:12:00,NODE_01,78.73,1.66,2.43,0.291,25.69,71.34,normal
2026-01-01T10:22:00,NODE_01,77.33,2.49,1.3,0.305,26.2,75.67,normal
2026-01-01T10:32:00,NODE_01,78.23,2.65,1.97,0.311,25.39,68.73,normal
2026-01-01T10:42:00,NODE_01,78.35,2.07,0.99,0.357,24.91,69.68,normal
2026-01-01T10:52:00,NODE_01,78.37,2.17,1.51,0.333,26.54,71.39,normal
2026-01-01T11:02:00,NODE_01,78.3,1.35,1.88,0.301,24.15,73.15,normal
2026-01-01T11:12:00,NODE_01,79.36,1.64,0.85,0.225,25.68,72.04,normal
2026-01-01T11:22:00,NODE_01,78.87,1.5,1.23,0.364,23.72,70.25,normal
2026-01-01T11:32:00,NODE_01,78.67,2.22,0.98,0.352,27.04,72.49,normal
2026-01-01T11:42:00,NODE_01,76.99,2.6,1.07,0.317,26.35,70.18,normal
2026-01-01T11:52:00,NODE_01,78.43,1.71,1.49,0.223,24.67,72.19,normal
2026-01-01T12:02:00,NODE_01,77.98,1.58,1.47,0.33,24.48,66.83,normal
2026-01-01T12:12:00,NODE_01,78.04,1.33,1.66,0.246,25.57,67.5,normal
2026-01-01T12:22:00,NODE_01,78.72,2.04,1.23,0.248,26.27,71.48,normal
2026-01-01T12:32:00,NODE_01,77.6,2.17,1.08,0.224,25.45,71.56,normal
2026-01-01T12:42:00,NODE_01,78.08,1.51,0.95,0.281,26.47,72.3,normal
2026-01-01T12:52:00,NODE_01,78.91,2.06,1.13,0.238,24.26,73.91,normal
2026-01-01T13:02:00,NODE_01,78.81,1.31,1.54,0.264,25.79,74.09,normal
2026-01-01T13:12:00,NODE_01,78.28,1.72,1.02,0.249,23.43,65.26,normal
2026-01-01T13:22:00,NODE_01,78.84,1.49,0.61,0.256,24.9,67.0,normal
2026-01-01T13:32:00,NODE_01,79.59,1.31,0.64,0.154,26.01,72.84,normal
2026-01-01T13:42:00,NODE_01,79.06,1.44,0.96,0.242,26.71,68.7,normal
2026-01-01T13:52:00,NODE_01,78.32,1.34,0.98,0.203,26.66,73.71,normal
2026-01-01T14:02:00,NODE_01,78.9,1.81,1.69,0.261,26.42,73.39,normal
2026-01-01T14:12:00,NODE_01,78.96,1.35,1.87,0.201,26.0,72.77,normal
2026-01-01T14:22:00,NODE_01,78.43,1.44,1.24,0.33,26.41,74.12,normal
2026-01-01T14:32:00,NODE_01,78.93,1.65,1.53,0.253,27.21,76.21,normal
2026-01-01T14:42:00,NODE_01,78.89,1.57,1.12,0.207,27.45,71.81,normal
2026-01-01T14:52:00,NODE_01,77.6,1.54,1.93,0.198,25.68,72.91,normal
2026-01-01T15:02:00,NODE_01,78.15,0.92,0.92,0.189,24.57,70.49,normal
2026-01-01T15:12:00,NODE_01,78.97,1.07,1.7,0.294,25.54,72.22,normal
2026-01-01T15:22:00,NODE_01,78.24,1.6,1.65,0.369,28.09,65.53,normal
2026-01-01T15:32:00,NODE_01,79.24,2.2,1.39,0.221,26.74,71.01,normal
2026-01-01T15:42:00,NODE_01,78.77,1.53,1.31,0.271,26.24,70.95,normal
2026-01-01T15:52:00,NODE_01,78.94,1.76,1.4,0.298,25.73,73.3,normal
2026-01-01T16:02:00,NODE_01,78.47,2.59,1.18,0.224,27.15,70.66,normal
2026-01-01T16:12:00,NODE_01,78.23,2.02,1.03,0.268,25.15,68.18,normal
2026-01-01T16:22:00,NODE_01,79.38,1.58,1.36,0.287,25.36,67.15,normal
2026-01-01T16:32:00,NODE_01,79.35,1.45,0.94,0.336,26.31,67.71,normal
2026-01-01T16:42:00,NODE_01,78.32,1.79,1.32,0.21,26.15,64.68,normal
2026-01-01T16:52:00,NODE_01,78.58,1.33,1.39,0.278,25.91,71.37,normal
2026-01-01T17:02:00,NODE_01,79.15,2.19,0.67,0.17,26.09,66.15,normal
2026-01-01T17:12:00,NODE_01,79.09,1.29,0.7,0.259,26.43,67.04,normal
2026-01-01T17:22:00,NODE_01,78.86,0.94,0.86,0.206,25.17,73.05,normal
2026-01-01T17:32:00,NODE_01,79.46,0.82,0.72,0.203,23.23,66.8,normal
2026-01-01T17:42:00,NODE_01,79.74,0.95,0.67,0.159,26.99,69.73,normal
2026-01-01T17:52:00,NODE_01,79.02,1.06,0.67,0.271,28.39,64.48,normal
2026-01-01T18:02:00,NODE_01,79.72,1.12,1.2,0.208,24.14,73.99,normal
2026-01-01T18:12:00,NODE_01,79.89,1.46,1.01,0.147,24.99,69.02,normal
2026-01-01T18:22:00,NODE_01,79.48,1.53,0.9,0.2,26.23,71.31,normal
2026-01-01T18:32:00,NODE_01,80.02,1.34,1.06,0.267,26.82,74.51,normal
2026-01-01T18:42:00,NODE_01,78.82,1.11,0.52,0.33,27.17,72.98,normal
2026-01-01T18:52:00,NODE_01,78.38,1.1,1.2,0.216,27.04,72.45,normal
2026-01-01T19:02:00,NODE_01,78.48,1.12,1.05,0.29,24.9,71.82,normal
2026-01-01T19:12:00,NODE_01,79.7,1.39,1.27,0.183,28.17,62.75,normal
2026-01-01T19:22:00,NODE_01,78.77,1.56,0.92,0.211,25.42,72.4,normal
2026-01-01T19:32:00,NODE_01,78.4,0.7,0.78,0.199,25.92,72.28,normal
2026-01-01T19:42:00,NODE_01,79.05,1.29,0.76,0.297,25.38,74.9,normal
2026-01-01T19:52:00,NODE_01,79.44,1.09,0.92,0.288,25.74,68.8,normal
2026-01-01T20:02:00,NODE_01,80.6,1.13,0.27,0.167,26.26,67.19,normal
2026-01-01T20:12:00,NODE_01,79.52,0.97,0.79,0.161,27.01,77.83,normal
2026-01-01T20:22:00,NODE_01,79.55,1.15,0.68,0.205,26.2,68.27,normal
2026-01-01T20:32:00,NODE_01,79.61,1.11,0.46,0.136,27.65,70.61,normal
2026-01-01T20:42:00,NODE_01,80.27,0.75,0.23,0.153,25.8,67.73,normal
2026-01-01T20:52:00,NODE_01,79.63,1.07,1.03,0.135,26.19,68.1,normal
2026-01-01T21:02:00,NODE_01,80.23,0.89,0.78,0.167,26.38,71.81,normal
2026-01-01T21:12:00,NODE_01,79.48,1.46,0.77,0.148,26.97,68.84,normal
2026-01-01T21:22:00,NODE_01,79.11,1.25,1.1,0.294,26.82,69.14,normal
2026-01-01T21:32:00,NODE_01,79.76,1.41,1.32,0.2,24.99,72.69,normal
2026-01-01T21:42:00,NODE_01,78.63,1.66,1.12,0.255,24.09,65.73,normal
2026-01-01T21:52:00,NODE_01,77.96,1.55,1.24,0.31,26.67,74.19,normal
2026-01-01T22:02:00,NODE_01,78.21,1.44,1.04,0.198,28.0,70.24,normal
2026-01-01T22:12:00,NODE_01,78.88,1.45,1.01,0.232,26.63,70.87,normal
2026-01-01T22:22:00,NODE_01,78.87,2.06,1.13,0.258,27.59,64.35,normal
2026-01-01T22:32:00,NODE_01,79.75,1.41,0.72,0.241,27.15,65.55,normal
2026-01-01T22:42:00,NODE_01,78.92,1.29,1.27,0.316,25.4,74.75,normal
2026-01-01T22:52:00,NODE_01,78.82,1.91,1.2,0.249,26.17,74.21,normal
2026-01-01T23:02:00,NODE_01,79.87,0.99,1.14,0.193,25.02,75.09,normal
2026-01-01T23:12:00,NODE_01,79.3,1.9,0.45,0.26,26.22,71.27,normal
2026-01-01T23:22:00,NODE_01,79.0,1.26,0.6,0.246,25.77,70.22,normal
2026-01-01T23:32:00,NODE_01,79.39,1.34,0.9,0.241,24.09,74.37,normal
2026-01-01T23:42:00,NODE_01,78.96,1.25,1.02,0.263,24.49,70.52,normal
2026-01-01T23:52:00,NODE_01,78.59,1.73,1.12,0.224,27.28,71.29,normal
2026-01-02T00:02:00,NODE_01,77.4,1.31,1.66,0.308,25.99,70.48,normal
2026-01-02T00:12:00,NODE_01,78.85,2.08,1.07,0.276,25.04,75.6,normal
2026-01-02T00:22:00,NODE_01,78.11,1.72,1.18,0.245,29.09,68.02,normal
2026-01-02T00:32:00,NODE_01,78.79,1.66,0.83,0.199,26.48,65.42,normal
2026-01-02T00:42:00,NODE_01,78.38,1.9,1.45,0.341,25.49,69.14,normal
2026-01-02T00:52:00,NODE_01,79.15,1.59,1.46,0.227,25.59,72.39,normal
2026-01-02T01:02:00,NODE_01,78.49,1.3,1.51,0.176,26.13,69.1,normal
2026-01-02T01:12:00,NODE_01,78.98,1.84,1.28,0.222,26.72,69.34,normal
2026-01-02T01:22:00,NODE_01,78.56,1.98,0.92,0.233,25.32,69.27,normal
2026-01-02T01:32:00,NODE_01,79.5,1.26,1.09,0.177,26.84,70.15,normal
2026-01-02T01:42:00,NODE_01,78.68,2.17,1.06,0.233,26.71,71.81,normal
2026-01-02T01:52:00,NODE_01,77.94,2.02,1.03,0.291,25.49,72.84,normal
2026-01-02T02:02:00,NODE_01,79.61,1.99,1.72,0.172,25.61,66.3,normal
2026-01-02T02:12:00,NODE_01,79.56,1.5,1.27,0.293,23.88,67.02,normal
2026-01-02T02:22:00,NODE_01,78.72,1.31,1.04,0.261,27.2,70.15,normal
2026-01-02T02:32:00,NODE_01,78.12,2.07,1.27,0.212,25.24,73.22,normal
2026-01-02T02:42:00,NODE_01,78.41,1.46,1.05,0.293,27.56,67.2,normal
2026-01-02T02:52:00,NODE_01,78.33,1.96,1.68,0.387,24.8,68.04,normal
2026-01-02T03:02:00,NODE_01,77.78,2.51,1.61,0.287,25.47,74.57,normal
2026-01-02T03:12:00,NODE_01,77.05,2.64,1.71,0.29,26.14,70.6,normal
2026-01-02T03:22:00,NODE_01,77.7,2.61,1.33,0.27,23.17,67.37,normal
2026-01-02T03:32:00,NODE_01,78.71,2.26,1.53,0.225,24.47,68.78,normal
2026-01-02T03:42:00,NODE_01,79.16,2.33,2.13,0.331,26.23,78.11,normal
2026-01-02T03:52:00,NODE_01,78.56,2.29,1.96,0.328,26.52,72.26,normal
2026-01-02T04:02:00,NODE_01,77.89,1.98,1.76,0.309,27.83,77.09,normal
2026-01-02T04:12:00,NODE_01,77.16,2.42,1.47,0.245,25.79,73.23,normal
2026-01-02T04:22:00,NODE_01,78.38,2.17,2.4,0.259,25.9,69.64,normal
2026-01-02T04:32:00,NODE_01,78.48,2.22,1.41,0.348,26.7,70.59,normal
2026-01-02T04:42:00,NODE_01,78.59,1.75,1.55,0.242,26.74,74.49,normal
2026-01-02T04:52:00,NODE_01,78.65,1.39,1.68,0.338,25.87,71.56,normal
2026-01-02T05:02:00,NODE_01,79.0,1.8,1.51,0.239,26.51,73.31,normal
2026-01-02T05:12:00,NODE_01,78.87,1.72,0.96,0.246,25.7,73.37,normal
2026-01-02T05:22:00,NODE_01,77.59,2.36,1.8,0.309,24.99,68.88,normal
2026-01-02T05:32:00,NODE_01,77.71,1.41,1.1,0.263,26.31,67.62,normal
2026-01-02T05:42:00,NODE_01,79.73,2.05,0.95,0.213,24.71,71.14,normal
2026-01-02T05:52:00,NODE_01,79.13,2.23,1.63,0.307,25.2,68.26,normal
2026-01-02T06:02:00,NODE_01,79.35,2.22,1.49,0.339,25.83,69.14,normal
2026-01-02T06:12:00,NODE_01,77.61,2.23,1.62,0.235,25.43,78.66,normal
2026-01-02T06:22:00,NODE_01,78.68,1.73,1.41,0.264,25.29,67.39,normal
2026-01-02T06:32:00,NODE_01,78.29,2.3,1.11,0.291,26.77,67.17,normal
2026-01-02T06:42:00,NODE_01,78.75,1.23,1.5,0.332,24.36,71.42,normal
2026-01-02T06:52:00,NODE_01,79.16,2.01,1.59,0.375,25.75,72.1,normal
2026-01-02T07:02:00,NODE_01,79.28,1.33,1.47,0.289,27.34,66.7,normal
2026-01-02T07:12:00,NODE_01,78.54,2.44,1.1,0.23,25.0,71.92,normal
2026-01-02T07:22:00,NODE_01,79.63,1.62,1.89,0.306,27.34,73.44,normal
2026-01-02T07:32:00,NODE_01,78.69,1.92,1.45,0.322,27.56,66.91,normal
2026-01-02T07:42:00,NODE_01,78.61,2.11,1.31,0.395,26.53,68.73,normal
2026-01-02T07:52:00,NODE_01,78.73,2.13,1.62,0.293,23.72,73.54,normal
2026-01-02T08:02:00,NODE_01,77.83,2.49,2.23,0.348,24.51,69.81,normal
2026-01-02T08:12:00,NODE_01,77.88,2.13,1.2,0.236,25.47,72.24,normal
2026-01-02T08:22:00,NODE_01,77.69,2.46,1.69,0.324,25.56,69.65,normal
2026-01-02T08:32:00,NODE_01,77.89,1.48,2.2,0.245,26.23,73.42,normal
2026-01-02T08:42:00,NODE_01,77.6,2.18,1.2,0.228,26.25,69.62,normal
2026-01-02T08:52:00,NODE_01,78.38,2.22,1.83,0.239,26.36,71.72,normal
2026-01-02T09:02:00,NODE_01,77.9,1.99,0.9,0.283,25.48,70.51,normal
2026-01-02T09:12:00,NODE_01,78.59,1.5,1.14,0.223,26.25,66.11,normal
2026-01-02T09:22:00,NODE_01,78.6,1.39,1.27,0.287,26.53,68.0,normal
2026-01-02T09:32:00,NODE_01,78.93,1.62,0.88,0.33,24.92,72.39,normal
2026-01-02T09:42:00,NODE_01,78.17,2.11,1.17,0.333,24.72,75.23,normal
2026-01-02T09:52:00,NODE_01,78.16,0.83,1.39,0.328,26.2,73.27,normal
2026-01-02T10:02:00,NODE_01,78.67,1.92,1.81,0.274,26.92,73.36,normal
2026-01-02T10:12:00,NODE_01,78.0,1.54,0.81,0.265,28.34,70.64,normal
2026-01-02T10:22:00,NODE_01,79.27,1.18,1.03,0.234,27.05,72.38,normal
2026-01-02T10:32:00,NODE_01,74.97,3.61,3.15,0.54,24.71,76.48,warning
2026-01-02T10:42:00,NODE_01,75.0,3.5,3.04,0.659,27.17,70.98,warning
2026-01-02T10:52:00,NODE_01,75.94,3.1,3.3,0.506,26.81,69.95,warning
2026-01-02T11:02:00,NODE_01,76.4,3.39,2.26,0.358,26.96,75.84,warning
2026-01-02T11:12:00,NODE_01,75.7,3.11,2.16,0.421,24.35,74.95,warning
2026-01-02T11:22:00,NODE_01,75.42,3.22,1.83,0.413,26.14,65.65,warning
2026-01-02T11:32:00,NODE_01,77.39,2.57,3.29,0.545,26.61,67.22,warning
2026-01-02T11:42:00,NODE_01,77.49,3.62,2.37,0.475,25.28,74.3,warning
2026-01-02T11:52:00,NODE_01,76.72,2.56,2.02,0.433,26.95,67.62,warning
2026-01-02T12:02:00,NODE_01,75.89,3.0,2.82,0.358,27.19,72.64,warning
2026-01-02T12:12:00,NODE_01,77.34,1.73,2.62,0.476,26.88,70.88,warning
2026-01-02T12:22:00,NODE_01,77.52,2.95,1.74,0.524,28.3,70.14,warning
2026-01-02T12:32:00,NODE_01,77.97,2.79,1.87,0.507,26.1,65.2,normal
2026-01-02T12:42:00,NODE_01,77.56,2.11,1.14,0.319,24.03,73.66,normal
2026-01-02T12:52:00,NODE_01,78.36,2.37,2.2,0.462,26.42,74.73,normal
2026-01-02T13:02:00,NODE_01,77.37,2.32,1.54,0.381,26.71,66.38,normal
2026-01-02T13:12:00,NODE_01,77.09,2.43,1.71,0.395,28.05,72.86,normal
2026-01-02T13:22:00,NODE_01,78.65,2.54,1.84,0.376,25.52,70.1,normal
2026-01-02T13:32:00,NODE_01,77.26,1.95,1.44,0.331,24.4,66.93,normal
2026-01-02T13:42:00,NODE_01,77.52,2.04,1.62,0.375,24.86,78.8,normal
2026-01-02T13:52:00,NODE_01,78.86,2.23,1.7,0.245,25.09,70.29,normal
2026-01-02T14:02:00,NODE_01,77.39,1.89,1.34,0.33,26.73,69.58,normal
2026-01-02T14:12:00,NODE_01,78.17,1.95,1.34,0.362,27.36,70.48,normal
2026-01-02T14:22:00,NODE_01,78.95,2.1,1.53,0.373,26.3,69.52,normal
2026-01-02T14:32:00,NODE_01,77.41,2.01,2.05,0.365,24.13,68.83,normal
2026-01-02T14:42:00,NODE_01,78.44,2.23,1.82,0.347,24.78,65.05,normal
2026-01-02T14:52:00,NODE_01,77.82,2.25,2.13,0.435,26.94,66.01,normal
2026-01-02T15:02:00,NODE_01,77.53,2.78,1.88,0.373,23.87,74.24,normal
2026-01-02T15:12:00,NODE_01,76.43,2.17,1.13,0.39,27.08,70.97,normal
2026-01-02T15:22:00,NODE_01,77.51,1.85,1.77,0.352,22.98,70.66,normal
2026-01-02T15:32:00,NODE_01,78.79,2.21,1.76,0.326,26.53,69.69,normal
2026-01-02T15:42:00,NODE_01,77.62,1.77,1.64,0.302,24.97,77.55,normal
2026-01-02T15:52:00,NODE_01,79.06,2.2,1.1,0.355,25.91,75.89,normal
2026-01-02T16:02:00,NODE_01,78.35,2.23,1.22,0.303,25.92,64.5,normal
2026-01-02T16:12:00,NODE_01,77.41,1.67,1.7,0.295,25.04,75.49,normal
2026-01-02T16:22:00,NODE_01,78.46,2.14,1.11,0.3,24.71,66.28,normal
2026-01-02T16:32:00,NODE_01,78.37,1.93,1.14,0.313,25.86,66.67,normal
2026-01-02T16:42:00,NODE_01,77.95,1.49,2.45,0.38,26.9,65.45,normal
2026-01-02T16:52:00,NODE_01,79.52,1.71,1.5,0.464,25.5,63.49,normal
2026-01-02T17:02:00,NODE_01,78.49,1.9,1.93,0.328,26.19,73.3,normal
2026-01-02T17:12:00,NODE_01,78.4,1.99,2.04,0.313,27.78,70.66,normal
2026-01-02T17:22:00,NODE_01,77.98,1.59,1.5,0.31,23.91,70.98,normal
2026-01-02T17:32:00,NODE_01,78.5,1.55,1.38,0.298,25.28,74.35,normal
2026-01-02T17:42:00,NODE_01,77.62,1.91,1.43,0.342,26.36,76.14,normal
2026-01-02T17:52:00,NODE_01,78.9,2.23,1.2,0.271,24.42,68.58,normal
2026-01-02T18:02:00,NODE_01,79.08,1.75,1.74,0.304,25.22,70.24,normal
2026-01-02T18:12:00,NODE_01,79.02,1.71,1.76,0.32,26.75,74.53,normal
2026-01-02T18:22:00,NODE_01,79.56,1.78,1.49,0.27,26.23,71.66,normal
2026-01-02T18:32:00,NODE_01,78.47,1.18,1.15,0.231,25.57,72.44,normal
2026-01-02T18:42:00,NODE_01,79.06,1.43,1.13,0.151,24.46,69.91,normal
2026-01-02T18:52:00,NODE_01,78.98,1.47,0.94,0.237,26.52,69.21,normal
2026-01-02T19:02:00,NODE_01,79.79,0.81,0.41,0.126,26.66,70.18,normal
2026-01-02T19:12:00,NODE_01,79.39,1.21,0.71,0.331,25.62,68.97,normal
2026-01-02T19:22:00,NODE_01,78.77,1.69,0.53,0.19,26.93,70.24,normal
2026-01-02T19:32:00,NODE_01,79.72,1.27,1.05,0.173,26.24,75.69,normal
2026-01-02T19:42:00,NODE_01,73.28,4.66,3.73,0.464,27.2,69.33,warning
2026-01-02T19:52:00,NODE_01,76.37,3.3,1.98,0.653,26.15,69.64,warning
2026-01-02T20:02:00,NODE_01,74.51,3.32,2.23,0.467,26.29,71.85,warning
2026-01-02T20:12:00,NODE_01,73.98,4.21,3.27,0.65,26.5,69.3,warning
2026-01-02T20:22:00,NODE_01,74.38,3.0,3.16,0.42,25.08,73.86,warning
2026-01-02T20:32:00,NODE_01,74.64,4.04,2.87,0.62,26.77,69.2,warning
2026-01-02T20:42:00,NODE_01,74.72,2.78,3.11,0.541,24.71,71.89,warning
2026-01-02T20:52:00,NODE_01,77.01,3.39,2.94,0.412,28.06,71.81,warning
2026-01-02T21:02:00,NODE_01,75.75,3.5,3.47,0.462,26.38,75.46,warning
2026-01-02T21:12:00,NODE_01,75.93,3.84,3.07,0.553,27.11,70.57,warning
2026-01-02T21:22:00,NODE_01,77.08,2.47,2.67,0.553,27.15,72.26,warning
2026-01-02T21:32:00,NODE_01,76.69,2.66,1.7,0.539,25.44,69.34,warning
2026-01-02T21:42:00,NODE_01,75.1,3.84,1.76,0.377,24.4,73.98,warning
2026-01-02T21:52:00,NODE_01,76.18,3.35,3.1,0.471,25.69,71.27,warning
2026-01-02T22:02:00,NODE_01,76.24,3.27,2.71,0.549,25.9,68.03,warning
2026-01-02T22:12:00,NODE_01,76.13,2.59,2.41,0.348,26.86,66.09,warning
2026-01-02T22:22:00,NODE_01,77.73,2.34,2.93,0.315,27.64,68.89,warning
2026-01-02T22:32:00,NODE_01,76.35,2.6,2.42,0.325,26.3,70.36,warning
2026-01-02T22:42:00,NODE_01,77.61,2.21,1.58,0.348,25.63,72.83,warning
2026-01-02T22:52:00,NODE_01,77.97,3.14,1.81,0.344,25.89,69.44,warning
2026-01-02T23:02:00,NODE_01,76.92,2.8,1.32,0.527,26.91,66.83,warning
2026-01-02T23:12:00,NODE_01,76.47,3.46,1.91,0.506,26.49,69.97,warning
2026-01-02T23:22:00,NODE_01,77.99,2.33,1.07,0.451,28.54,64.15,warning
2026-01-02T23:32:00,NODE_01,77.04,2.56,1.69,0.306,25.79,73.38,normal
2026-01-02T23:42:00,NODE_01,78.39,2.09,1.62,0.395,25.73,66.4,normal
2026-01-02T23:52:00,NODE_01,77.69,1.96,1.44,0.328,24.01,70.23,normal
2026-01-03T00:02:00,NODE_01,77.99,2.33,1.76,0.449,27.24,68.26,normal
2026-01-03T00:12:00,NODE_01,77.74,2.02,1.67,0.269,26.61,,normal
2026-01-03T00:22:00,NODE_01,76.43,2.16,2.22,0.353,25.0,71.01,normal
2026-01-03T00:32:00,NODE_01,78.13,2.23,1.25,0.415,26.01,71.55,normal
2026-01-03T00:42:00,NODE_01,77.95,2.31,1.34,0.353,25.09,67.85,normal
2026-01-03T00:52:00,NODE_01,78.2,2.07,1.87,0.29,26.27,71.71,normal
2026-01-03T01:02:00,NODE_01,79.17,2.29,1.55,0.299,24.98,67.02,normal
2026-01-03T01:12:00,NODE_01,77.41,1.9,1.59,0.25,28.04,67.56,normal
2026-01-03T01:22:00,NODE_01,78.63,1.75,1.34,0.252,26.12,65.49,normal
2026-01-03T01:32:00,NODE_01,77.82,1.39,1.27,0.22,26.24,75.02,normal
2026-01-03T01:42:00,NODE_01,79.4,1.61,1.21,0.284,26.91,71.37,normal
2026-01-03T01:52:00,NODE_01,78.14,0.9,1.68,0.241,25.41,71.58,normal
2026-01-03T02:02:00,NODE_01,79.08,2.01,1.43,0.254,25.97,70.49,normal
2026-01-03T02:12:00,NODE_01,79.08,2.13,1.0,0.317,26.84,71.66,normal
2026-01-03T02:22:00,NODE_01,78.82,1.95,1.46,0.248,26.88,74.87,normal
2026-01-03T02:32:00,NODE_01,78.81,1.79,1.12,0.225,27.1,69.5,normal
2026-01-03T02:42:00,NODE_01,79.6,1.81,1.1,0.252,24.75,67.45,normal
2026-01-03T02:52:00,NODE_01,79.82,1.29,1.76,0.226,29.47,66.8,normal
2026-01-03T03:02:00,NODE_01,79.1,1.3,1.06,0.197,24.12,67.48,normal
2026-01-03T03:12:00,NODE_01,78.75,1.11,0.9,0.262,27.18,70.64,normal
2026-01-03T03:22:00,NODE_01,78.82,1.18,1.29,0.235,26.18,67.4,normal
2026-01-03T03:32:00,NODE_01,79.24,1.06,1.05,0.295,27.82,75.84,normal
2026-01-03T03:42:00,NODE_01,78.56,1.73,0.81,0.274,27.01,67.5,normal
2026-01-03T03:52:00,NODE_01,78.36,1.15,0.84,0.242,25.41,71.37,normal
2026-01-03T04:02:00,NODE_01,78.55,2.03,1.0,0.252,25.62,71.45,normal
2026-01-03T04:12:00,NODE_01,78.95,1.15,1.06,0.287,25.12,75.2,normal
2026-01-03T04:22:00,NODE_01,78.73,0.51,0.8,0.197,27.46,66.95,normal
2026-01-03T04:32:00,NODE_01,78.54,2.23,1.28,0.21,27.22,69.88,normal
2026-01-03T04:42:00,NODE_01,79.09,1.81,1.53,0.221,24.03,71.17,normal
2026-01-03T04:52:00,NODE_01,79.81,1.56,0.94,0.23,29.47,75.37,normal
2026-01-03T05:02:00,NODE_01,78.95,1.33,1.22,0.335,25.71,69.89,normal
2026-01-03T05:12:00,NODE_01,78.46,1.56,1.63,0.203,26.29,66.89,normal
2026-01-03T05:22:00,NODE_01,79.85,0.44,0.89,0.256,26.59,72.07,normal
2026-01-03T05:32:00,NODE_01,78.96,1.37,1.05,0.278,25.36,70.41,normal
2026-01-03T05:42:00,NODE_01,78.85,1.42,1.26,0.22,24.36,68.78,normal
2026-01-03T05:52:00,NODE_01,79.43,1.23,1.3,0.213,23.89,67.75,normal
2026-01-03T06:02:00,NODE_01,78.48,1.28,0.69,0.23,24.63,72.83,normal
2026-01-03T06:12:00,NODE_01,79.61,1.2,1.19,0.182,27.5,68.75,normal
2026-01-03T06:22:00,NODE_01,78.29,1.28,0.65,0.232,25.63,70.96,normal
2026-01-03T06:32:00,NODE_01,78.57,1.14,0.94,0.189,24.84,70.95,normal
2026-01-03T06:42:00,NODE_01,79.87,1.48,1.04,0.176,24.41,67.73,normal
2026-01-03T06:52:00,NODE_01,79.72,1.17,0.59,0.176,26.34,73.93,normal
2026-01-03T07:02:00,NODE_01,79.37,0.6,0.6,0.207,26.16,70.33,normal
2026-01-03T07:12:00,NODE_01,79.75,0.94,0.33,0.176,26.57,73.43,normal
2026-01-03T07:22:00,NODE_01,80.28,0.92,0.72,0.161,24.88,68.51,normal
2026-01-03T07:32:00,NODE_01,79.35,1.25,0.58,0.168,25.09,64.66,normal
2026-01-03T07:42:00,NODE_01,79.73,0.99,0.42,0.136,25.49,70.62,normal
2026-01-03T07:52:00,NODE_01,79.29,0.84,0.81,0.181,25.37,72.18,normal
2026-01-03T08:02:00,NODE_01,79.86,0.36,0.55,0.123,26.47,72.83,normal
2026-01-03T08:12:00,NODE_01,79.41,0.8,0.64,0.094,24.98,69.41,normal
2026-01-03T08:22:00,NODE_01,80.1,0.34,0.5,0.123,24.54,75.05,normal
2026-01-03T08:32:00,NODE_01,79.98,0.66,0.44,0.15,24.88,62.55,normal
2026-01-03T08:42:00,NODE_01,80.71,0.6,0.54,0.098,24.27,67.98,normal
2026-01-03T08:52:00,NODE_01,80.09,0.58,0.03,0.127,24.8,73.07,normal
2026-01-03T09:02:00,NODE_01,80.93,0.34,0.24,0.062,26.09,72.62,normal
2026-01-03T09:12:00,NODE_01,80.49,0.12,0.23,0.074,26.03,69.27,normal
2026-01-03T09:22:00,NODE_01,80.3,0.63,0.11,0.065,25.83,73.94,normal
2026-01-03T09:32:00,NODE_01,79.79,0.8,0.15,0.102,25.71,77.14,normal
2026-01-03T09:42:00,NODE_01,80.01,0.92,0.41,0.126,25.67,72.01,normal
2026-01-03T09:52:00,NODE_01,79.62,1.07,0.79,0.133,26.83,66.09,normal
2026-01-03T10:02:00,NODE_01,79.69,0.77,0.67,0.147,26.15,66.12,normal
2026-01-03T10:12:00,NODE_01,79.88,0.9,0.51,0.145,27.45,70.63,normal
2026-01-03T10:22:00,NODE_01,79.41,1.37,0.63,0.161,25.07,71.65,normal
2026-01-03T10:32:00,NODE_01,79.28,1.12,0.66,0.21,24.76,77.09,normal
2026-01-03T10:42:00,NODE_01,79.15,1.74,1.09,0.238,25.27,70.18,normal
2026-01-03T10:52:00,NODE_01,79.35,0.86,0.69,0.195,26.14,71.23,normal
2026-01-03T11:02:00,NODE_01,80.44,0.51,0.32,0.101,24.93,65.38,normal
2026-01-03T11:12:00,NODE_01,79.76,0.23,0.68,0.112,26.68,67.98,normal
2026-01-03T11:22:00,NODE_01,80.09,0.2,0.74,0.106,26.15,71.53,normal
2026-01-03T11:32:00,NODE_01,79.41,1.03,0.54,0.085,25.22,72.72,normal
2026-01-03T11:42:00,NODE_01,79.97,0.74,0.74,0.13,24.99,74.39,normal
2026-01-03T11:52:00,NODE_01,80.09,0.86,0.11,0.136,27.14,71.84,normal
2026-01-03T12:02:00,NODE_01,79.69,0.82,0.66,0.116,26.8,64.63,normal
2026-01-03T12:12:00,NODE_01,80.13,0.47,0.21,0.127,26.5,68.02,normal
2026-01-03T12:22:00,NODE_01,74.69,5.74,3.14,0.668,26.76,73.93,warning
2026-01-03T12:32:00,NODE_01,73.89,4.87,3.16,0.641,27.53,69.46,warning
2026-01-03T12:42:00,NODE_01,76.14,5.14,3.37,0.554,24.6,67.49,warning
2026-01-03T12:52:00,NODE_01,75.52,3.52,3.2,0.621,28.55,67.09,warning
2026-01-03T13:02:00,NODE_01,74.36,4.79,2.37,0.445,25.93,76.06,warning
2026-01-03T13:12:00,NODE_01,76.62,3.94,3.79,0.427,24.31,70.82,warning
2026-01-03T13:22:00,NODE_01,76.69,4.33,3.65,0.577,26.71,72.31,warning
2026-01-03T13:32:00,NODE_01,76.08,4.1,3.12,0.558,27.54,69.14,warning
2026-01-03T13:42:00,NODE_01,76.66,4.51,2.14,0.596,24.52,72.97,warning
2026-01-03T13:52:00,NODE_01,76.84,3.55,2.88,0.586,26.69,65.25,warning
2026-01-03T14:02:00,NODE_01,74.78,3.92,2.89,0.685,27.03,69.36,warning
2026-01-03T14:12:00,NODE_01,76.21,3.7,2.11,0.52,27.44,65.85,warning
2026-01-03T14:22:00,NODE_01,75.1,3.59,2.04,0.407,26.55,72.46,warning
2026-01-03T14:32:00,NODE_01,75.08,3.63,2.66,0.428,28.66,68.39,warning
2026-01-03T14:42:00,NODE_01,76.91,3.23,2.48,0.459,25.08,73.36,warning
2026-01-03T14:52:00,NODE_01,69.61,9.49,6.11,0.888,26.01,76.21,critical
2026-01-03T15:02:00,NODE_01,70.91,8.77,5.9,1.195,25.28,72.3,critical
2026-01-03T15:12:00,NODE_01,73.12,8.67,4.19,1.051,25.51,69.94,critical
2026-01-03T15:22:00,NODE_01,71.59,5.53,5.28,1.186,24.26,69.63,critical
2026-01-03T15:32:00,NODE_01,68.85,7.25,4.72,1.242,26.8,71.43,critical
2026-01-03T15:42:00,NODE_01,70.62,6.22,4.51,1.122,26.09,74.14,critical
2026-01-03T15:52:00,NODE_01,71.28,5.43,6.31,1.173,27.15,72.22,critical
2026-01-03T16:02:00,NODE_01,73.76,7.62,5.27,1.004,28.11,74.91,critical
2026-01-03T16:12:00,NODE_01,74.25,5.06,5.88,0.888,24.2,76.58,critical
2026-01-03T16:22:00,NODE_01,71.22,7.35,4.02,1.196,26.27,68.59,critical
2026-01-03T16:32:00,NODE_01,69.39,7.65,4.31,0.798,26.59,71.49,critical
2026-01-03T16:42:00,NODE_01,70.05,6.82,4.04,0.926,27.07,73.48,critical
2026-01-03T16:52:00,NODE_01,70.68,7.19,4.05,0.945,29.2,72.87,critical
2026-01-03T17:02:00,NODE_01,75.21,6.27,4.57,0.943,23.56,70.87,critical
2026-01-03T17:12:00,NODE_01,72.93,4.57,4.11,0.705,27.86,66.34,critical
2026-01-03T17:22:00,NODE_01,71.8,6.23,4.24,0.863,24.48,71.85,critical
2026-01-03T17:32:00,NODE_01,71.54,5.12,4.27,0.77,25.93,68.54,critical
2026-01-03T17:42:00,NODE_01,72.32,4.0,4.54,0.873,25.7,71.12,warning
2026-01-03T17:52:00,NODE_01,71.73,4.51,2.75,0.617,26.31,73.03,warning
2026-01-03T18:02:00,NODE_01,72.86,3.73,4.11,0.591,25.07,74.52,warning
2026-01-03T18:12:00,NODE_01,71.93,3.67,4.97,0.835,26.03,74.92,warning
2026-01-03T18:22:00,NODE_01,74.23,4.9,2.55,0.782,28.13,63.92,warning
2026-01-03T18:32:00,NODE_01,75.67,3.75,2.79,0.683,27.53,72.65,warning
2026-01-03T18:42:00,NODE_01,76.05,5.11,2.26,0.508,28.14,68.81,warning
2026-01-03T18:52:00,NODE_01,73.43,4.27,4.11,0.551,25.7,69.8,warning
2026-01-03T19:02:00,NODE_01,73.98,4.38,2.5,0.449,26.34,75.94,warning
2026-01-03T19:12:00,NODE_01,73.8,3.52,2.39,0.541,25.75,75.59,warning
2026-01-03T19:22:00,NODE_01,77.16,3.63,2.49,0.613,26.99,67.58,warning
2026-01-03T19:32:00,NODE_01,75.09,4.27,2.33,0.673,26.81,73.75,warning
2026-01-03T19:42:00,NODE_01,77.18,4.16,1.97,0.476,26.11,73.17,warning
2026-01-03T19:52:00,NODE_01,76.25,3.23,3.52,0.409,24.33,69.51,warning
2026-01-03T20:02:00,NODE_01,75.99,4.06,3.18,0.518,27.77,72.12,warning
2026-01-03T20:12:00,NODE_01,76.09,3.8,3.61,0.522,28.16,74.65,warning
2026-01-03T20:22:00,NODE_01,77.03,2.79,2.58,0.6,28.92,77.37,warning
2026-01-03T20:32:00,NODE_01,75.31,2.6,3.41,0.649,25.65,71.63,warning
2026-01-03T20:42:00,NODE_01,75.34,2.85,2.11,0.543,27.97,69.94,warning
2026-01-03T20:52:00,NODE_01,77.39,3.12,2.8,0.498,26.01,68.49,warning
2026-01-03T21:02:00,NODE_01,76.06,2.52,1.89,0.508,26.4,69.91,warning
2026-01-03T21:12:00,NODE_01,77.97,2.74,1.92,0.539,26.31,68.91,warning
2026-01-03T21:22:00,NODE_01,76.22,1.98,1.72,0.494,24.64,62.09,warning
2026-01-03T21:32:00,NODE_01,78.0,2.19,1.59,0.528,26.81,71.26,normal
2026-01-03T21:42:00,NODE_01,77.7,2.82,2.76,0.368,27.51,70.15,normal
2026-01-03T21:52:00,NODE_01,76.44,2.88,1.72,0.278,25.66,65.9,normal
2026-01-03T22:02:00,NODE_01,77.69,2.13,1.63,0.408,25.52,73.07,normal
2026-01-03T22:12:00,NODE_01,77.98,2.07,1.35,0.361,26.08,72.92,normal
2026-01-03T22:22:00,NODE_01,76.89,2.06,1.28,0.341,26.45,67.86,normal
2026-01-03T22:32:00,NODE_01,78.53,2.59,1.72,0.4,26.76,68.65,normal
2026-01-03T22:42:00,NODE_01,76.73,2.49,1.63,0.346,26.74,73.34,normal
2026-01-03T22:52:00,NODE_01,77.51,2.85,1.63,0.39,26.19,69.53,normal
2026-01-03T23:02:00,NODE_01,75.95,2.84,1.5,0.421,27.34,67.44,warning
2026-01-03T23:12:00,NODE_01,76.64,3.14,1.68,0.465,25.07,66.95,warning
2026-01-03T23:22:00,NODE_01,77.68,2.84,2.38,0.439,23.82,67.36,warning
2026-01-03T23:32:00,NODE_01,78.24,3.46,2.28,0.34,25.47,74.72,warning
2026-01-03T23:42:00,NODE_01,76.28,2.52,1.55,0.364,26.55,78.17,warning
2026-01-03T23:52:00,NODE_01,77.56,2.33,2.48,0.523,24.67,69.5,warning
2026-01-04T00:02:00,NODE_01,78.01,2.06,2.56,0.479,25.89,70.66,warning
2026-01-04T00:12:00,NODE_01,76.48,2.56,1.82,0.509,26.94,71.25,warning
2026-01-04T00:22:00,NODE_01,76.68,1.79,1.36,0.441,26.15,77.38,normal
2026-01-04T00:32:00,NODE_01,78.11,2.89,1.97,0.404,26.92,62.55,normal
2026-01-04T00:42:00,NODE_01,77.47,2.31,2.43,0.333,26.24,67.28,normal
2026-01-04T00:52:00,NODE_01,77.53,1.97,2.05,0.441,25.98,73.54,normal
2026-01-04T01:02:00,NODE_01,78.42,2.12,1.88,0.272,26.34,68.28,normal
2026-01-04T01:12:00,NODE_01,78.34,2.47,1.53,0.293,27.7,70.86,normal
2026-01-04T01:22:00,NODE_01,78.71,1.84,1.88,0.278,27.22,69.26,normal
2026-01-04T01:32:00,NODE_01,77.29,1.57,1.25,0.286,25.77,67.03,normal
2026-01-04T01:42:00,NODE_01,79.49,1.15,1.3,0.329,25.47,71.51,normal
2026-01-04T01:52:00,NODE_01,79.08,1.72,0.96,0.329,24.98,72.24,normal
2026-01-04T02:02:00,NODE_01,79.34,1.39,1.17,0.23,23.84,79.7,normal
2026-01-04T02:12:00,NODE_01,78.92,2.11,1.33,0.296,24.66,66.63,normal
2026-01-04T02:22:00,NODE_01,78.71,1.22,1.12,0.279,23.95,70.99,normal
2026-01-04T02:32:00,NODE_01,79.92,1.43,1.24,0.239,28.73,,normal
2026-01-04T02:42:00,NODE_01,78.46,1.21,1.4,0.189,25.6,73.83,normal
2026-01-04T02:52:00,NODE_01,79.01,1.31,1.14,0.225,26.47,70.82,normal
2026-01-04T03:02:00,NODE_01,79.06,1.19,0.96,0.189,25.18,67.98,normal
2026-01-04T03:12:00,NODE_01,79.62,0.97,0.97,0.241,25.34,70.05,normal
2026-01-04T03:22:00,NODE_01,80.02,1.06,1.06,0.102,25.42,75.57,normal
2026-01-04T03:32:00,NODE_01,80.58,1.19,0.75,0.149,24.03,71.12,normal
2026-01-04T03:42:00,NODE_01,79.08,0.77,1.04,0.191,25.39,70.31,normal
2026-01-04T03:52:00,NODE_01,79.89,0.84,0.44,0.212,27.41,70.47,normal
2026-01-04T04:02:00,NODE_01,79.49,0.98,0.69,0.194,26.27,69.58,normal
2026-01-04T04:12:00,NODE_01,80.01,1.17,0.59,0.297,26.29,74.72,normal
2026-01-04T04:22:00,NODE_01,79.84,0.64,0.61,0.118,26.37,73.78,normal
2026-01-04T04:32:00,NODE_01,80.11,0.96,0.6,0.183,26.06,74.53,normal
2026-01-04T04:42:00,NODE_01,79.89,0.76,0.64,0.163,27.12,73.27,normal
2026-01-04T04:52:00,NODE_01,80.09,1.11,1.11,0.179,26.3,67.11,normal
2026-01-04T05:02:00,NODE_01,79.66,0.74,0.5,0.148,28.2,68.67,normal
2026-01-04T05:12:00,NODE_01,79.17,1.72,0.66,0.212,23.69,73.23,normal
2026-01-04T05:22:00,NODE_01,79.44,2.2,0.96,0.213,26.24,71.23,normal
2026-01-04T05:32:00,NODE_01,79.28,1.23,1.0,0.192,26.4,,normal
2026-01-04T05:42:00,NODE_01,79.68,1.76,1.12,0.163,25.69,75.55,normal
2026-01-04T05:52:00,NODE_01,79.22,1.28,0.71,0.183,27.34,70.4,normal
2026-01-04T06:02:00,NODE_01,77.94,1.53,0.89,0.2,26.18,69.32,normal
2026-01-04T06:12:00,NODE_01,79.47,1.41,1.23,0.262,24.79,66.9,normal
2026-01-04T06:22:00,NODE_01,79.86,1.09,0.76,0.216,26.7,68.67,normal
2026-01-04T06:32:00,NODE_01,79.27,1.86,0.63,0.253,28.07,74.44,normal
2026-01-04T06:42:00,NODE_01,78.7,1.33,1.23,0.217,26.39,66.43,normal
2026-01-04T06:52:00,NODE_01,79.52,0.82,1.09,0.25,26.86,70.27,normal
2026-01-04T07:02:00,NODE_01,78.74,1.92,1.05,0.231,25.75,68.17,normal
2026-01-04T07:12:00,NODE_01,79.0,1.42,1.26,0.234,27.05,69.53,normal
2026-01-04T07:22:00,NODE_01,78.98,1.3,1.0,0.2,25.69,66.75,normal
2026-01-04T07:32:00,NODE_01,78.7,1.34,1.59,0.339,26.15,69.36,normal
2026-01-04T07:42:00,NODE_01,79.43,1.84,1.05,0.333,25.25,77.7,normal
2026-01-04T07:52:00,NODE_01,79.76,1.62,1.24,0.257,27.08,74.59,normal
2026-01-04T08:02:00,NODE_01,79.6,1.17,0.79,0.207,25.75,68.11,normal
2026-01-04T08:12:00,NODE_01,79.63,1.19,0.64,0.283,27.6,71.24,normal
2026-01-04T08:22:00,NODE_01,78.37,1.28,1.02,0.244,25.35,71.48,normal
2026-01-04T08:32:00,NODE_01,78.78,0.94,0.81,0.254,26.9,75.97,normal
2026-01-04T08:42:00,NODE_01,78.48,1.66,1.31,0.196,26.78,69.53,normal
2026-01-04T08:52:00,NODE_01,78.6,1.32,1.06,0.193,25.71,75.84,normal
2026-01-04T09:02:00,NODE_01,79.01,1.65,1.09,0.137,28.24,72.03,normal
2026-01-04T09:12:00,NODE_01,79.27,1.63,1.07,0.262,27.54,66.92,normal
2026-01-04T09:22:00,NODE_01,79.17,1.02,0.71,0.196,26.56,70.66,normal
2026-01-04T09:32:00,NODE_01,79.15,1.55,1.52,0.168,27.0,74.09,normal
2026-01-04T09:42:00,NODE_01,78.53,1.38,0.85,0.138,25.38,71.14,normal
2026-01-04T09:52:00,NODE_01,78.82,1.76,1.16,0.334,25.67,70.03,normal
2026-01-04T10:02:00,NODE_01,79.03,0.93,0.81,0.213,28.18,72.51,normal
2026-01-04T10:12:00,NODE_01,79.88,0.83,1.57,0.275,26.13,68.74,normal
2026-01-04T10:22:00,NODE_01,80.16,1.03,0.68,0.183,25.8,68.3,normal
2026-01-04T10:32:00,NODE_01,79.16,1.47,0.76,0.208,27.0,68.64,normal
2026-01-04T10:42:00,NODE_01,78.89,1.17,0.82,0.131,24.85,73.54,normal
2026-01-04T10:52:00,NODE_01,78.3,1.39,0.8,0.256,24.49,74.83,normal
2026-01-04T11:02:00,NODE_01,78.91,1.06,0.91,0.204,25.36,76.81,normal
2026-01-04T11:12:00,NODE_01,79.13,1.1,1.07,0.136,27.31,67.1,normal
2026-01-01T00:23:00,NODE_02,75.44,0.86,0.88,0.243,28.26,65.35,normal
2026-01-01T00:33:00,NODE_02,76.37,0.79,1.0,0.154,26.73,71.05,normal
2026-01-01T00:43:00,NODE_02,76.74,0.59,0.22,0.11,26.5,65.24,normal
2026-01-01T00:53:00,NODE_02,76.6,0.5,1.18,0.162,24.94,71.99,normal
2026-01-01T01:03:00,NODE_02,76.41,0.99,1.27,0.211,25.37,71.51,normal
2026-01-01T01:13:00,NODE_02,75.97,0.98,0.6,0.142,25.62,68.27,normal
2026-01-01T01:23:00,NODE_02,75.94,0.89,0.53,0.158,26.5,69.53,normal
2026-01-01T01:33:00,NODE_02,76.69,0.97,0.57,0.118,24.06,66.53,normal
2026-01-01T01:43:00,NODE_02,76.4,1.06,0.68,0.139,25.45,71.99,normal
2026-01-01T01:53:00,NODE_02,76.27,0.71,0.54,0.152,24.17,66.26,normal
2026-01-01T02:03:00,NODE_02,76.32,1.14,0.57,0.313,25.0,73.1,normal
2026-01-01T02:13:00,NODE_02,76.38,0.83,0.53,0.262,27.82,67.4,normal
2026-01-01T02:23:00,NODE_02,76.19,1.73,1.45,0.236,26.97,71.41,normal
2026-01-01T02:33:00,NODE_02,75.15,1.48,1.12,0.241,24.67,69.9,normal
2026-01-01T02:43:00,NODE_02,76.06,1.95,1.09,0.276,26.3,68.68,normal
2026-01-01T02:53:00,NODE_02,75.85,1.5,0.7,0.185,24.1,73.39,normal
2026-01-01T03:03:00,NODE_02,75.18,1.04,0.97,0.204,24.74,72.29,normal
2026-01-01T03:13:00,NODE_02,75.95,1.45,0.84,0.181,25.21,69.42,normal
2026-01-01T03:23:00,NODE_02,76.31,0.82,0.61,0.174,27.39,73.43,normal
2026-01-01T03:33:00,NODE_02,75.91,1.01,0.67,0.223,27.43,67.42,normal
2026-01-01T03:43:00,NODE_02,76.13,0.96,0.73,0.292,27.48,66.69,normal
2026-01-01T03:53:00,NODE_02,75.19,1.27,1.38,0.276,25.93,76.06,normal
2026-01-01T04:03:00,NODE_02,75.94,1.29,1.9,0.241,26.37,75.81,normal
2026-01-01T04:13:00,NODE_02,76.38,1.48,1.19,0.213,24.18,68.27,normal
2026-01-01T04:23:00,NODE_02,75.37,1.69,1.33,0.262,25.04,72.07,normal
2026-01-01T04:33:00,NODE_02,75.69,1.19,1.16,0.249,25.57,66.53,normal
2026-01-01T04:43:00,NODE_02,75.82,2.24,1.59,0.263,26.34,70.95,normal
2026-01-01T04:53:00,NODE_02,75.09,2.39,1.48,0.264,24.67,71.78,normal
2026-01-01T05:03:00,NODE_02,75.14,2.3,1.7,0.333,26.63,71.36,normal
2026-01-01T05:13:00,NODE_02,75.2,2.04,1.2,0.254,26.63,72.33,normal
2026-01-01T05:23:00,NODE_02,75.26,1.35,1.53,0.27,25.8,73.23,normal
2026-01-01T05:33:00,NODE_02,75.58,1.38,1.11,0.197,24.95,69.93,normal
2026-01-01T05:43:00,NODE_02,76.26,1.65,0.83,0.312,26.89,70.87,normal
2026-01-01T05:53:00,NODE_02,75.98,1.54,1.15,0.3,26.74,70.28,normal
2026-01-01T06:03:00,NODE_02,74.9,1.57,1.23,0.208,24.64,77.57,normal
2026-01-01T06:13:00,NODE_02,75.99,1.14,1.21,0.175,24.67,65.11,normal
2026-01-01T06:23:00,NODE_02,75.51,1.3,1.17,0.272,25.32,75.35,normal
2026-01-01T06:33:00,NODE_02,76.07,0.98,1.31,0.193,26.2,68.72,normal
2026-01-01T06:43:00,NODE_02,75.66,0.86,0.86,0.248,25.44,76.02,normal
2026-01-01T06:53:00,NODE_02,76.85,0.96,0.8,0.189,27.74,68.19,normal
2026-01-01T07:03:00,NODE_02,76.57,0.69,0.3,0.146,27.5,70.52,normal
2026-01-01T07:13:00,NODE_02,76.87,0.5,0.42,0.146,25.18,72.26,normal
2026-01-01T07:23:00,NODE_02,76.76,0.65,0.32,0.14,25.99,70.38,normal
2026-01-01T07:33:00,NODE_02,77.26,0.55,0.41,0.113,26.93,73.07,normal
2026-01-01T07:43:00,NODE_02,76.96,0.65,0.56,0.143,24.43,73.39,normal
2026-01-01T07:53:00,NODE_02,76.49,0.78,0.69,0.104,25.46,66.42,normal
2026-01-01T08:03:00,NODE_02,76.96,0.66,0.52,0.139,26.45,70.89,normal
2026-01-01T08:13:00,NODE_02,76.91,0.65,0.68,0.133,26.15,69.66,normal
2026-01-01T08:23:00,NODE_02,75.84,0.97,0.53,0.094,27.23,74.64,normal
2026-01-01T08:33:00,NODE_02,70.87,4.36,5.21,1.036,25.99,66.69,critical
2026-01-01T08:43:00,NODE_02,68.52,6.56,5.21,0.853,25.76,71.35,critical
2026-01-01T08:53:00,NODE_02,70.48,5.97,5.25,0.854,27.05,72.7,critical
2026-01-01T09:03:00,NODE_02,71.67,5.89,4.6,0.94,28.22,71.47,critical
2026-01-01T09:13:00,NODE_02,71.94,4.9,4.01,0.845,26.26,71.06,critical
2026-01-01T09:23:00,NODE_02,68.92,5.49,2.73,0.797,25.02,69.43,warning
2026-01-01T09:33:00,NODE_02,68.11,5.52,5.09,0.885,24.47,69.69,warning
2026-01-01T09:43:00,NODE_02,68.72,4.59,3.59,0.744,26.49,70.48,warning
2026-01-01T09:53:00,NODE_02,72.09,5.7,2.75,0.851,28.33,78.45,warning
2026-01-01T10:03:00,NODE_02,68.75,5.39,4.05,0.615,26.48,72.71,warning
2026-01-01T10:13:00,NODE_02,70.64,3.91,2.53,0.536,25.85,72.58,warning
2026-01-01T10:23:00,NODE_02,72.76,3.75,2.67,0.736,27.55,70.94,warning
2026-01-01T10:33:00,NODE_02,71.63,3.65,3.29,0.793,26.2,67.46,warning
2026-01-01T10:43:00,NODE_02,69.6,3.49,2.39,0.587,27.43,71.78,warning
2026-01-01T10:53:00,NODE_02,73.11,5.18,2.22,0.707,25.88,61.58,warning
2026-01-01T11:03:00,NODE_02,71.17,3.38,3.59,0.511,24.62,69.72,warning
2026-01-01T11:13:00,NODE_02,72.35,5.22,3.1,0.538,27.81,66.85,warning
2026-01-01T11:23:00,NODE_02,71.45,4.17,2.95,0.549,24.73,73.55,warning
2026-01-01T11:33:00,NODE_02,72.07,4.7,4.42,0.681,26.58,75.14,warning
2026-01-01T11:43:00,NODE_02,69.17,3.13,4.29,0.474,26.28,74.38,warning
2026-01-01T11:53:00,NODE_02,71.42,4.05,2.74,0.719,28.24,71.65,warning
2026-01-01T12:03:00,NODE_02,72.08,4.83,2.98,0.681,26.04,75.35,warning
2026-01-01T12:13:00,NODE_02,69.8,3.98,2.28,0.672,25.94,71.65,warning
2026-01-01T12:23:00,NODE_02,70.51,3.58,2.23,0.733,26.48,71.52,warning
2026-01-01T12:33:00,NODE_02,70.91,5.02,4.16,0.581,26.74,75.04,warning
2026-01-01T12:43:00,NODE_02,70.75,4.21,3.85,0.802,25.41,73.17,warning
2026-01-01T12:53:00,NODE_02,72.9,5.06,3.45,0.709,25.85,74.6,warning
2026-01-01T13:03:00,NODE_02,72.25,3.6,3.84,0.529,24.09,67.99,warning
2026-01-01T13:13:00,NODE_02,72.04,3.4,4.03,0.472,25.89,76.17,warning
2026-01-01T13:23:00,NODE_02,70.86,3.23,3.64,0.546,28.75,67.98,warning
2026-01-01T13:33:00,NODE_02,71.09,3.38,2.96,0.597,28.17,69.24,warning
2026-01-01T13:43:00,NODE_02,72.84,3.06,1.66,0.505,25.73,69.74,warning
2026-01-01T13:53:00,NODE_02,73.16,3.25,2.64,0.606,25.66,73.8,warning
2026-01-01T14:03:00,NODE_02,72.08,3.1,3.09,0.703,24.47,73.51,warning
2026-01-01T14:13:00,NODE_02,73.91,3.56,2.93,0.635,27.24,70.84,warning
2026-01-01T14:23:00,NODE_02,73.22,2.83,2.6,0.406,27.23,68.86,warning
2026-01-01T14:33:00,NODE_02,73.43,2.54,1.99,0.455,27.69,67.17,warning
2026-01-01T14:43:00,NODE_02,73.4,2.85,1.8,0.381,27.88,73.97,warning
2026-01-01T14:53:00,NODE_02,73.19,2.91,2.02,0.485,26.97,66.3,warning
2026-01-01T15:03:00,NODE_02,72.93,2.49,1.79,0.55,25.04,76.42,warning
2026-01-01T15:13:00,NODE_02,72.13,2.82,1.49,0.356,27.71,63.58,warning
2026-01-01T15:23:00,NODE_02,72.19,2.71,2.79,0.479,24.61,70.56,warning
2026-01-01T15:33:00,NODE_02,74.25,3.63,3.11,0.466,24.17,67.01,warning
2026-01-01T15:43:00,NODE_02,73.1,3.15,1.85,0.473,26.28,71.96,warning
2026-01-01T15:53:00,NODE_02,73.04,3.66,2.18,0.444,27.61,76.8,warning
2026-01-01T16:03:00,NODE_02,74.01,3.05,2.2,0.379,25.99,80.5,warning
2026-01-01T16:13:00,NODE_02,72.89,1.98,2.02,0.542,25.49,72.94,normal
2026-01-01T16:23:00,NODE_02,73.8,2.85,1.84,0.517,25.0,62.21,normal
2026-01-01T16:33:00,NODE_02,72.86,2.22,1.69,0.427,25.86,77.11,normal
2026-01-01T16:43:00,NODE_02,73.75,2.29,1.19,0.286,24.26,66.82,normal
2026-01-01T16:53:00,NODE_02,74.71,2.26,1.17,0.416,26.54,66.3,normal
2026-01-01T17:03:00,NODE_02,75.29,2.22,1.83,0.29,22.32,68.42,normal
2026-01-01T17:13:00,NODE_02,73.85,1.87,1.22,0.233,27.38,68.06,normal
2026-01-01T17:23:00,NODE_02,73.78,1.44,1.3,0.334,27.52,71.86,normal
2026-01-01T17:33:00,NODE_02,75.36,1.9,1.48,0.286,26.79,71.68,normal
2026-01-01T17:43:00,NODE_02,75.35,2.15,1.38,0.294,26.73,69.45,normal
2026-01-01T17:53:00,NODE_02,74.07,1.79,2.05,0.179,27.61,73.83,normal
2026-01-01T18:03:00,NODE_02,74.51,2.34,1.87,0.329,27.33,64.75,normal
2026-01-01T18:13:00,NODE_02,74.86,1.77,1.73,0.382,24.87,67.75,normal
2026-01-01T18:23:00,NODE_02,74.12,1.17,0.41,0.282,25.43,74.15,normal
2026-01-01T18:33:00,NODE_02,75.09,1.71,1.25,0.279,25.08,68.44,normal
2026-01-01T18:43:00,NODE_02,74.82,1.76,1.83,0.261,26.29,72.78,normal
2026-01-01T18:53:00,NODE_02,75.11,1.28,1.94,0.212,26.17,79.95,normal
2026-01-01T19:03:00,NODE_02,74.82,1.44,1.02,0.28,25.33,70.5,normal
2026-01-01T19:13:00,NODE_02,74.99,1.45,1.41,0.241,26.12,71.79,normal
2026-01-01T19:23:00,NODE_02,73.5,1.94,1.01,0.262,24.15,71.34,normal
2026-01-01T19:33:00,NODE_02,75.21,2.16,0.95,0.284,26.52,73.38,normal
2026-01-01T19:43:00,NODE_02,73.62,2.07,1.09,0.321,25.85,66.77,normal
2026-01-01T19:53:00,NODE_02,74.99,1.99,1.61,0.318,23.46,65.3,normal
2026-01-01T20:03:00,NODE_02,76.03,2.6,1.15,0.269,25.22,69.74,normal
2026-01-01T20:13:00,NODE_02,75.39,1.5,0.78,0.302,25.46,69.61,normal
2026-01-01T20:23:00,NODE_02,74.33,2.39,1.75,0.349,25.63,66.33,normal
2026-01-01T20:33:00,NODE_02,74.73,2.58,0.56,0.228,27.88,74.21,normal
2026-01-01T20:43:00,NODE_02,74.87,1.63,0.84,0.361,26.42,72.22,normal
2026-01-01T20:53:00,NODE_02,75.31,1.92,1.09,0.251,29.33,73.62,normal
2026-01-01T21:03:00,NODE_02,75.41,1.3,1.27,0.314,25.61,66.88,normal
2026-01-01T21:13:00,NODE_02,73.88,1.32,1.92,0.377,28.56,69.44,normal
2026-01-01T21:23:00,NODE_02,74.96,2.13,1.6,0.361,24.78,68.33,normal
2026-01-01T21:33:00,NODE_02,74.94,2.01,0.9,0.287,25.07,73.87,normal
2026-01-01T21:43:00,NODE_02,74.9,1.16,1.87,0.325,25.32,71.83,normal
2026-01-01T21:53:00,NODE_02,75.95,2.11,1.38,0.265,26.53,71.34,normal
2026-01-01T22:03:00,NODE_02,75.12,1.12,0.67,0.228,26.35,68.15,normal
2026-01-01T22:13:00,NODE_02,75.56,1.41,0.88,0.177,25.73,67.93,normal
2026-01-01T22:23:00,NODE_02,75.19,1.69,1.12,0.192,25.9,73.66,normal
2026-01-01T22:33:00,NODE_02,75.21,2.19,1.18,0.279,26.26,71.01,normal
2026-01-01T22:43:00,NODE_02,75.21,0.68,1.25,0.211,25.53,72.0,normal
2026-01-01T22:53:00,NODE_02,75.34,1.04,1.05,0.219,24.96,69.41,normal
2026-01-01T23:03:00,NODE_02,75.97,1.44,0.66,0.176,25.4,73.25,normal
2026-01-01T23:13:00,NODE_02,75.06,1.5,1.29,0.223,26.75,70.14,normal
2026-01-01T23:23:00,NODE_02,75.89,1.76,0.72,0.34,24.56,69.43,normal
2026-01-01T23:33:00,NODE_02,75.43,1.38,1.06,0.212,27.66,67.33,normal
2026-01-01T23:43:00,NODE_02,76.16,1.88,1.03,0.187,25.16,70.28,normal
2026-01-01T23:53:00,NODE_02,75.58,1.56,0.99,0.184,26.33,72.8,normal
2026-01-02T00:03:00,NODE_02,75.86,0.73,1.13,0.292,28.38,70.86,normal
2026-01-02T00:13:00,NODE_02,75.39,1.27,0.67,0.34,26.25,76.16,normal
2026-01-02T00:23:00,NODE_02,75.73,1.32,0.75,0.261,26.63,69.04,normal
2026-01-02T00:33:00,NODE_02,75.53,1.33,0.33,0.177,24.38,75.0,normal
2026-01-02T00:43:00,NODE_02,76.5,1.07,0.47,0.201,25.7,69.89,normal
2026-01-02T00:53:00,NODE_02,75.45,1.31,1.16,0.238,24.79,70.39,normal
2026-01-02T01:03:00,NODE_02,75.51,1.46,1.34,0.174,26.1,68.14,normal
2026-01-02T01:13:00,NODE_02,75.49,1.49,1.01,0.229,25.43,69.21,normal
2026-01-02T01:23:00,NODE_02,76.75,1.26,0.53,0.123,26.56,68.4,normal
2026-01-02T01:33:00,NODE_02,76.84,0.78,0.58,0.098,26.55,74.43,normal
2026-01-02T01:43:00,NODE_02,76.7,0.4,0.68,0.212,25.01,66.35,normal
2026-01-02T01:53:00,NODE_02,76.45,0.57,0.68,0.124,24.63,64.64,normal
2026-01-02T02:03:00,NODE_02,76.1,0.65,0.65,0.132,24.63,67.74,normal
2026-01-02T02:13:00,NODE_02,76.52,0.22,0.73,0.181,25.71,71.65,normal
2026-01-02T02:23:00,NODE_02,76.06,0.97,0.7,0.227,24.18,69.67,normal
2026-01-02T02:33:00,NODE_02,75.91,1.04,1.16,0.223,26.6,64.69,normal
2026-01-02T02:43:00,NODE_02,76.03,1.08,0.82,0.27,26.71,73.4,normal
2026-01-02T02:53:00,NODE_02,75.64,1.22,0.56,0.162,26.88,71.81,normal
2026-01-02T03:03:00,NODE_02,76.2,0.68,0.6,0.281,24.55,66.23,normal
2026-01-02T03:13:00,NODE_02,76.62,1.3,0.8,0.138,26.15,69.41,normal
2026-01-02T03:23:00,NODE_02,76.08,0.97,0.8,0.116,26.54,68.74,normal
2026-01-02T03:33:00,NODE_02,75.94,0.96,0.52,0.222,26.1,71.99,normal
2026-01-02T03:43:00,NODE_02,76.86,0.76,0.84,0.132,27.13,67.08,normal
2026-01-02T03:53:00,NODE_02,76.62,1.33,0.74,0.231,25.33,66.92,normal
2026-01-02T04:03:00,NODE_02,76.23,1.15,1.61,0.163,27.95,66.46,normal
2026-01-02T04:13:00,NODE_02,76.16,1.92,0.64,0.265,25.83,67.91,normal
2026-01-02T04:23:00,NODE_02,76.22,1.17,1.21,0.268,28.52,71.98,normal
2026-01-02T04:33:00,NODE_02,75.06,1.48,0.8,0.259,26.8,70.99,normal
2026-01-02T04:43:00,NODE_02,75.74,1.26,0.88,0.224,26.11,69.03,normal
2026-01-02T04:53:00,NODE_02,76.16,1.17,0.3,0.18,29.03,64.71,normal
2026-01-02T05:03:00,NODE_02,75.05,1.6,1.45,0.251,27.44,73.73,normal
2026-01-02T05:13:00,NODE_02,75.68,1.4,1.09,0.283,27.67,70.06,normal
2026-01-02T05:23:00,NODE_02,75.61,1.64,1.23,0.234,26.85,75.3,normal
2026-01-02T05:33:00,NODE_02,75.86,1.11,0.55,0.211,25.73,70.38,normal
2026-01-02T05:43:00,NODE_02,75.13,1.85,1.1,0.289,25.4,73.34,normal
2026-01-02T05:53:00,NODE_02,75.74,1.3,1.55,0.249,24.17,71.95,normal
2026-01-02T06:03:00,NODE_02,76.15,0.91,0.93,0.205,26.28,74.65,normal
2026-01-02T06:13:00,NODE_02,69.14,5.43,4.21,0.513,26.19,70.82,warning
2026-01-02T06:23:00,NODE_02,69.98,3.9,3.73,0.743,27.01,74.46,warning
2026-01-02T06:33:00,NODE_02,70.75,3.78,2.6,0.667,23.58,75.55,warning
2026-01-02T06:43:00,NODE_02,70.61,4.65,3.3,0.711,26.11,68.26,warning
2026-01-02T06:53:00,NODE_02,70.05,5.14,2.35,0.874,25.57,68.97,warning
2026-01-02T07:03:00,NODE_02,69.87,5.16,3.77,0.711,24.91,69.29,warning
2026-01-02T07:13:00,NODE_02,71.01,4.92,3.2,0.68,25.71,72.6,warning
2026-01-02T07:23:00,NODE_02,72.63,4.09,4.05,0.442,25.17,72.71,warning
2026-01-02T07:33:00,NODE_02,72.84,3.12,3.16,0.63,25.75,78.2,warning
2026-01-02T07:43:00,NODE_02,73.0,4.66,2.94,0.556,26.96,74.83,warning
2026-01-02T07:53:00,NODE_02,73.45,3.91,2.06,0.564,26.09,69.26,warning
2026-01-02T08:03:00,NODE_02,72.39,4.47,1.83,0.554,24.53,71.02,warning
2026-01-02T08:13:00,NODE_02,72.7,3.77,2.52,0.482,29.41,73.14,warning
2026-01-02T08:23:00,NODE_02,72.23,2.78,2.84,0.463,23.15,68.12,warning
2026-01-02T08:33:00,NODE_02,73.27,3.17,2.01,0.432,25.77,65.72,warning
2026-01-02T08:43:00,NODE_02,74.98,2.53,2.09,0.422,24.82,72.41,warning
2026-01-02T08:53:00,NODE_02,73.66,3.09,1.87,0.556,27.27,70.61,warning
2026-01-02T09:03:00,NODE_02,74.57,3.73,1.6,0.547,26.06,74.33,warning
2026-01-02T09:13:00,NODE_02,72.92,2.86,1.42,0.461,24.33,70.61,warning
2026-01-02T09:23:00,NODE_02,73.21,2.23,2.58,0.307,28.15,69.09,warning
2026-01-02T09:33:00,NODE_02,75.21,2.94,2.47,0.289,27.57,70.24,normal
2026-01-02T09:43:00,NODE_02,74.78,2.84,2.12,0.504,25.42,73.38,warning
2026-01-02T09:53:00,NODE_02,73.19,2.99,2.56,0.491,26.28,69.35,warning
2026-01-02T10:03:00,NODE_02,72.79,2.44,2.47,0.406,27.41,74.79,normal
2026-01-02T10:13:00,NODE_02,73.36,2.58,2.58,0.471,26.21,68.58,warning
2026-01-02T10:23:00,NODE_02,72.85,2.76,2.1,0.362,25.28,76.1,warning
2026-01-02T10:33:00,NODE_02,71.67,2.59,1.63,0.489,27.3,66.14,warning
2026-01-02T10:43:00,NODE_02,71.7,3.07,3.0,0.463,26.89,67.45,warning
2026-01-02T10:53:00,NODE_02,73.43,3.43,1.98,0.383,28.69,69.21,warning
2026-01-02T11:03:00,NODE_02,72.3,3.17,2.74,0.433,27.09,73.1,warning
2026-01-02T11:13:00,NODE_02,73.36,2.62,1.51,0.457,27.65,73.56,warning
2026-01-02T11:23:00,NODE_02,73.1,2.96,1.24,0.501,23.52,71.84,warning
2026-01-02T11:33:00,NODE_02,74.96,1.91,1.64,0.487,27.6,73.73,normal
2026-01-02T11:43:00,NODE_02,73.89,2.65,1.95,0.475,24.37,67.96,normal
2026-01-02T11:53:00,NODE_02,73.24,2.58,2.12,0.394,26.02,73.63,normal
2026-01-02T12:03:00,NODE_02,73.54,2.44,2.26,0.34,26.97,70.84,normal
2026-01-02T12:13:00,NODE_02,75.33,2.01,1.14,0.488,25.62,72.13,normal
2026-01-02T12:23:00,NODE_02,74.17,2.73,1.58,0.294,26.66,67.59,normal
2026-01-02T12:33:00,NODE_02,75.27,2.32,1.18,0.286,25.33,72.23,normal
2026-01-02T12:43:00,NODE_02,74.56,2.64,2.14,0.282,24.44,70.6,normal
2026-01-02T12:53:00,NODE_02,75.38,2.6,0.83,0.301,25.47,70.9,normal
2026-01-02T13:03:00,NODE_02,65.25,6.82,4.93,1.153,25.76,74.49,critical
2026-01-02T13:13:00,NODE_02,67.35,5.64,4.34,1.275,25.19,66.29,critical
2026-01-02T13:23:00,NODE_02,67.34,6.12,4.22,0.987,26.24,68.17,critical
2026-01-02T13:33:00,NODE_02,65.95,6.45,6.9,0.823,26.39,67.83,critical
2026-01-02T13:43:00,NODE_02,67.65,7.42,4.45,0.893,28.45,70.43,critical
2026-01-02T13:53:00,NODE_02,66.94,5.62,3.96,1.008,26.96,72.99,critical
2026-01-02T14:03:00,NODE_02,67.99,7.13,5.08,0.975,27.37,70.02,critical
2026-01-02T14:13:00,NODE_02,69.05,4.49,4.63,0.776,25.58,75.26,critical
2026-01-02T14:23:00,NODE_02,71.4,5.02,3.25,0.993,26.6,70.26,critical
2026-01-02T14:33:00,NODE_02,71.35,6.63,4.76,0.664,26.45,72.0,critical
2026-01-02T14:43:00,NODE_02,69.82,4.82,4.42,0.927,27.24,73.68,critical
2026-01-02T14:53:00,NODE_02,67.59,4.59,4.75,0.758,28.57,68.54,warning
2026-01-02T15:03:00,NODE_02,65.84,9.19,5.12,1.239,25.74,71.95,critical
2026-01-02T15:13:00,NODE_02,67.46,8.5,5.62,1.349,28.69,73.17,critical
2026-01-02T15:23:00,NODE_02,67.75,7.06,7.63,1.34,26.18,74.27,critical
2026-01-02T15:33:00,NODE_02,63.83,7.45,5.44,1.081,27.92,73.41,critical
2026-01-02T15:43:00,NODE_02,66.6,7.27,5.33,0.926,26.42,67.63,critical
2026-01-02T15:53:00,NODE_02,68.88,8.85,5.81,0.868,24.88,71.7,critical
2026-01-02T16:03:00,NODE_02,65.21,5.38,6.6,0.793,26.04,72.28,critical
2026-01-02T16:13:00,NODE_02,65.74,6.17,5.24,0.873,26.97,75.68,critical
2026-01-02T16:23:00,NODE_02,67.07,7.19,6.01,1.096,27.4,72.0,critical
2026-01-02T16:33:00,NODE_02,66.39,6.13,5.37,0.896,26.23,72.43,critical
2026-01-02T16:43:00,NODE_02,68.64,5.29,3.86,0.837,25.0,73.6,critical
2026-01-02T16:53:00,NODE_02,71.23,5.7,3.6,0.729,26.74,73.02,critical
2026-01-02T17:03:00,NODE_02,70.96,4.98,3.65,0.889,26.69,72.25,critical
2026-01-02T17:13:00,NODE_02,68.6,6.57,4.04,0.794,23.76,71.21,critical
2026-01-02T17:23:00,NODE_02,71.98,4.19,4.59,0.824,24.39,72.05,warning
2026-01-02T17:33:00,NODE_02,71.63,4.49,2.81,0.75,25.03,73.33,warning
2026-01-02T17:43:00,NODE_02,70.98,3.46,2.49,0.638,25.58,69.88,warning
2026-01-02T17:53:00,NODE_02,68.97,5.86,4.12,0.593,27.47,69.6,warning
2026-01-02T18:03:00,NODE_02,70.21,3.58,3.59,0.584,26.17,70.62,warning
2026-01-02T18:13:00,NODE_02,70.04,3.81,3.54,0.74,27.32,71.38,warning
2026-01-02T18:23:00,NODE_02,70.67,4.67,3.8,0.631,25.65,72.79,warning
2026-01-02T18:33:00,NODE_02,72.99,5.07,2.84,0.584,26.57,69.2,warning
2026-01-02T18:43:00,NODE_02,70.49,3.06,2.82,0.76,25.86,66.18,warning
2026-01-02T18:53:00,NODE_02,72.04,4.4,3.02,0.525,25.3,71.03,warning
2026-01-02T19:03:00,NODE_02,72.15,3.43,2.32,0.44,26.21,69.76,warning
2026-01-02T19:13:00,NODE_02,72.87,3.22,3.47,0.502,23.6,72.05,warning
2026-01-02T19:23:00,NODE_02,72.3,3.99,2.61,0.442,25.35,75.73,warning
2026-01-02T19:33:00,NODE_02,72.91,3.25,2.47,0.485,25.42,72.3,warning
2026-01-02T19:43:00,NODE_02,72.28,2.49,2.35,0.633,25.53,69.78,warning
2026-01-02T19:53:00,NODE_02,73.14,3.0,2.45,0.619,26.06,68.89,warning
2026-01-02T20:03:00,NODE_02,71.36,2.99,2.39,0.528,24.92,72.11,warning
2026-01-02T20:13:00,NODE_02,71.95,3.52,2.01,0.377,26.68,68.66,warning
2026-01-02T20:23:00,NODE_02,74.73,2.74,2.19,0.424,26.4,71.53,warning
2026-01-02T20:33:00,NODE_02,72.72,3.8,2.4,0.396,27.87,61.62,warning
2026-01-02T20:43:00,NODE_02,73.64,3.02,1.75,0.436,27.75,69.49,warning
2026-01-02T20:53:00,NODE_02,74.59,2.07,1.87,0.386,27.44,75.31,warning
2026-01-02T21:03:00,NODE_02,72.7,2.91,1.66,0.426,27.73,71.48,normal
2026-01-02T21:13:00,NODE_02,74.73,3.07,1.87,0.413,26.77,68.22,normal
2026-01-02T21:23:00,NODE_02,74.78,1.95,1.16,0.361,24.7,75.99,normal
2026-01-02T21:33:00,NODE_02,75.76,2.37,1.33,0.339,25.24,70.56,normal
2026-01-02T21:43:00,NODE_02,74.86,2.36,1.74,0.353,25.78,73.66,normal
2026-01-02T21:53:00,NODE_02,74.94,2.0,0.95,0.353,25.92,68.97,normal
2026-01-02T22:03:00,NODE_02,74.16,1.74,2.12,0.256,25.06,70.09,normal
2026-01-02T22:13:00,NODE_02,75.13,1.99,1.46,0.282,27.46,68.32,normal
2026-01-02T22:23:00,NODE_02,74.64,2.0,2.04,0.308,24.89,71.33,normal
2026-01-02T22:33:00,NODE_02,76.09,1.32,1.37,0.312,24.35,76.02,normal
2026-01-02T22:43:00,NODE_02,75.3,1.85,1.49,0.208,25.81,65.85,normal
2026-01-02T22:53:00,NODE_02,75.12,1.66,1.19,0.322,26.27,65.88,normal
2026-01-02T23:03:00,NODE_02,74.83,1.02,1.05,0.237,25.67,72.18,normal
2026-01-02T23:13:00,NODE_02,75.39,1.91,1.83,0.19,26.46,69.66,normal
2026-01-02T23:23:00,NODE_02,74.4,1.57,1.63,0.293,26.11,75.79,normal
2026-01-02T23:33:00,NODE_02,75.75,1.2,0.62,0.262,27.35,75.15,normal
2026-01-02T23:43:00,NODE_02,74.99,1.37,0.96,0.182,24.52,72.87,normal
2026-01-02T23:53:00,NODE_02,74.78,1.13,0.91,0.189,26.67,68.64,normal
2026-01-03T00:03:00,NODE_02,76.08,0.99,1.45,0.181,26.31,71.07,normal
2026-01-03T00:13:00,NODE_02,75.97,0.84,0.57,0.171,25.94,67.13,normal
2026-01-03T00:23:00,NODE_02,75.83,0.91,0.64,0.151,24.95,71.72,normal
2026-01-03T00:33:00,NODE_02,76.76,1.45,0.93,0.199,24.74,68.61,normal
2026-01-03T00:43:00,NODE_02,75.97,0.82,0.73,0.218,25.39,66.11,normal
2026-01-03T00:53:00,NODE_02,75.64,1.14,1.02,0.14,27.33,66.2,normal
2026-01-03T01:03:00,NODE_02,76.32,0.67,0.19,0.173,26.33,71.72,normal
2026-01-03T01:13:00,NODE_02,76.41,0.93,0.56,0.123,25.94,67.25,normal
2026-01-03T01:23:00,NODE_02,76.17,0.46,0.33,0.196,25.03,74.98,normal
2026-01-03T01:33:00,NODE_02,77.25,0.59,0.24,0.124,26.93,71.31,normal
2026-01-03T01:43:00,NODE_02,76.78,0.61,0.64,0.108,23.26,74.29,normal
2026-01-03T01:53:00,NODE_02,76.67,0.16,0.91,0.106,24.84,69.29,normal
2026-01-03T02:03:00,NODE_02,77.07,0.26,0.43,0.168,24.73,64.07,normal
2026-01-03T02:13:00,NODE_02,76.61,0.6,0.47,0.083,26.41,78.34,normal
2026-01-03T02:23:00,NODE_02,76.73,0.74,0.36,0.123,26.66,71.18,normal
2026-01-03T02:33:00,NODE_02,76.35,0.81,0.72,0.105,26.68,67.55,normal
2026-01-03T02:43:00,NODE_02,77.24,0.67,0.5,0.148,26.23,70.35,normal
2026-01-03T02:53:00,NODE_02,75.89,1.17,1.03,0.213,27.37,71.32,normal
2026-01-03T03:03:00,NODE_02,76.02,1.35,0.64,0.148,24.84,74.75,normal
2026-01-03T03:13:00,NODE_02,75.81,1.27,1.07,0.158,26.95,69.86,normal
2026-01-03T03:23:00,NODE_02,75.39,1.43,0.68,0.164,27.63,69.93,normal
2026-01-03T03:33:00,NODE_02,75.89,1.35,1.35,0.207,24.93,69.55,normal
2026-01-03T03:43:00,NODE_02,76.01,0.99,0.92,0.231,27.08,65.19,normal
2026-01-03T03:53:00,NODE_02,76.65,1.29,0.62,0.186,24.68,72.93,normal
2026-01-03T04:03:00,NODE_02,75.96,1.11,0.29,0.211,26.89,66.39,normal
2026-01-03T04:13:00,NODE_02,74.88,1.49,1.01,0.205,25.52,65.53,normal
2026-01-03T04:23:00,NODE_02,75.49,1.21,0.84,0.208,23.95,69.4,normal
2026-01-03T04:33:00,NODE_02,75.59,1.53,1.42,0.227,28.43,61.94,normal
2026-01-03T04:43:00,NODE_02,75.31,0.87,0.7,0.23,25.4,71.33,normal
2026-01-03T04:53:00,NODE_02,75.05,1.51,1.02,0.236,25.67,69.48,normal
2026-01-03T05:03:00,NODE_02,75.38,2.05,0.75,0.227,26.23,72.97,normal
2026-01-03T05:13:00,NODE_02,74.5,1.03,1.27,0.317,26.75,72.26,normal
2026-01-03T05:23:00,NODE_02,75.54,1.42,1.06,0.256,28.0,72.37,normal
2026-01-03T05:33:00,NODE_02,75.61,1.98,1.46,0.368,26.32,68.77,normal
2026-01-03T05:43:00,NODE_02,74.43,1.25,0.66,0.169,23.17,70.15,normal
2026-01-03T05:53:00,NODE_02,75.0,1.42,1.15,0.262,27.36,71.11,normal
2026-01-03T06:03:00,NODE_02,75.91,1.04,0.93,0.174,24.82,70.54,normal
2026-01-03T06:13:00,NODE_02,76.06,1.45,1.14,0.192,25.06,67.63,normal
2026-01-03T06:23:00,NODE_02,75.31,1.3,1.03,0.183,25.46,67.4,normal
2026-01-03T06:33:00,NODE_02,75.59,1.45,1.38,0.206,26.66,74.98,normal
2026-01-03T06:43:00,NODE_02,75.05,1.27,0.85,0.253,26.07,72.09,normal
2026-01-03T06:53:00,NODE_02,75.53,1.73,1.19,0.182,26.07,69.18,normal
2026-01-03T07:03:00,NODE_02,75.6,1.12,1.07,0.178,25.93,74.59,normal
2026-01-03T07:13:00,NODE_02,75.51,1.42,1.18,0.267,25.97,70.34,normal
2026-01-03T07:23:00,NODE_02,75.79,1.23,1.07,0.251,25.5,66.08,normal
2026-01-03T07:33:00,NODE_02,76.51,1.2,0.77,0.237,26.23,71.26,normal
2026-01-03T07:43:00,NODE_02,76.37,0.96,1.16,0.164,25.79,69.35,normal
2026-01-03T07:53:00,NODE_02,76.37,1.15,1.23,0.203,24.05,76.84,normal
2026-01-03T08:03:00,NODE_02,74.91,1.53,1.26,0.259,27.53,69.51,normal
2026-01-03T08:13:00,NODE_02,76.04,1.8,1.59,0.182,26.73,65.18,normal
2026-01-03T08:23:00,NODE_02,75.71,0.72,0.74,0.164,26.09,70.51,normal
2026-01-03T08:33:00,NODE_02,75.7,1.11,0.68,0.192,25.01,67.99,normal
2026-01-03T08:43:00,NODE_02,75.62,1.37,1.05,0.218,26.68,70.08,normal
2026-01-03T08:53:00,NODE_02,76.24,0.86,0.42,0.189,25.82,66.01,normal
2026-01-03T09:03:00,NODE_02,76.82,0.88,1.19,0.178,26.48,71.98,normal
2026-01-03T09:13:00,NODE_02,75.8,0.93,0.94,0.141,27.0,64.79,normal
2026-01-03T09:23:00,NODE_02,75.62,0.87,0.55,0.211,25.66,66.88,normal
2026-01-03T09:33:00,NODE_02,75.69,0.93,0.3,0.177,26.11,66.29,normal
2026-01-03T09:43:00,NODE_02,75.47,0.86,0.55,0.144,22.85,69.71,normal
2026-01-03T09:53:00,NODE_02,76.35,0.86,0.73,0.159,27.18,78.72,normal
2026-01-03T10:03:00,NODE_02,76.59,0.99,0.14,0.113,27.55,70.86,normal
2026-01-03T10:13:00,NODE_02,76.31,0.54,0.52,0.182,26.2,70.72,normal
2026-01-03T10:23:00,NODE_02,75.04,1.43,0.65,0.144,24.79,70.13,normal
2026-01-03T10:33:00,NODE_02,75.52,0.86,0.49,0.205,26.58,77.45,normal
2026-01-03T10:43:00,NODE_02,75.4,0.82,0.56,0.143,25.76,68.89,normal
2026-01-03T10:53:00,NODE_02,75.76,0.81,0.82,0.169,26.14,68.16,normal
2026-01-03T11:03:00,NODE_02,75.74,0.86,0.21,0.177,28.59,66.89,normal
2026-01-03T11:13:00,NODE_02,76.35,0.65,0.77,0.141,26.38,72.07,normal
2026-01-03T11:23:00,NODE_02,77.13,0.73,0.45,0.084,25.39,67.64,normal
2026-01-03T11:33:00,NODE_02,76.6,0.81,0.15,0.13,27.31,63.2,normal
2026-01-03T11:43:00,NODE_02,76.53,0.64,0.03,0.089,25.19,72.47,normal
2026-01-03T11:53:00,NODE_02,76.54,0.51,0.51,0.104,25.07,72.81,normal
2026-01-03T12:03:00,NODE_02,76.47,0.88,0.21,0.129,23.71,71.79,normal
2026-01-03T12:13:00,NODE_02,76.48,0.68,0.55,0.156,25.13,77.06,normal
2026-01-03T12:23:00,NODE_02,76.57,0.56,0.37,0.189,25.79,69.45,normal
2026-01-03T12:33:00,NODE_02,76.2,0.86,0.57,0.15,25.54,68.79,normal
2026-01-03T12:43:00,NODE_02,76.8,0.8,0.38,0.166,24.92,69.13,normal
2026-01-03T12:53:00,NODE_02,75.76,0.8,0.74,0.15,25.37,70.24,normal
2026-01-03T13:03:00,NODE_02,77.08,0.77,0.45,0.124,27.05,67.69,normal
2026-01-03T13:13:00,NODE_02,76.5,0.44,0.51,0.104,25.02,69.26,normal
2026-01-03T13:23:00,NODE_02,76.65,0.8,0.78,0.086,25.33,74.12,normal
2026-01-03T13:33:00,NODE_02,76.74,0.95,0.53,0.192,25.62,68.09,normal
2026-01-03T13:43:00,NODE_02,76.6,0.31,0.5,0.102,26.26,68.85,normal
2026-01-03T13:53:00,NODE_02,76.91,0.94,0.63,0.133,27.49,67.88,normal
2026-01-03T14:03:00,NODE_02,76.49,0.82,0.82,0.102,26.76,71.29,normal
2026-01-03T14:13:00,NODE_02,76.84,0.93,0.8,0.2,26.34,69.18,normal
2026-01-03T14:23:00,NODE_02,76.21,0.58,0.57,0.095,25.53,66.67,normal
2026-01-03T14:33:00,NODE_02,76.38,0.97,0.63,0.128,26.36,63.12,normal
2026-01-03T14:43:00,NODE_02,76.32,0.89,1.24,0.239,26.79,67.53,normal
2026-01-03T14:53:00,NODE_02,76.65,0.96,0.54,0.142,25.52,73.98,normal
2026-01-03T15:03:00,NODE_02,76.25,1.25,0.41,0.142,24.25,69.17,normal
2026-01-03T15:13:00,NODE_02,76.7,1.12,0.6,0.138,25.25,73.91,normal
2026-01-03T15:23:00,NODE_02,76.35,0.51,0.72,0.097,23.53,70.35,normal
2026-01-03T15:33:00,NODE_02,76.59,0.97,0.45,0.096,27.04,71.96,normal
2026-01-03T15:43:00,NODE_02,76.44,0.78,0.65,0.138,24.44,68.07,normal
2026-01-03T15:53:00,NODE_02,76.67,0.28,0.63,0.102,24.71,70.03,normal
2026-01-03T16:03:00,NODE_02,76.73,1.12,0.31,0.133,26.92,68.75,normal
2026-01-03T16:13:00,NODE_02,77.29,0.36,0.3,0.091,26.53,72.34,normal
2026-01-03T16:23:00,NODE_02,76.91,0.06,0.3,0.091,26.65,68.3,normal
2026-01-03T16:33:00,NODE_02,76.64,0.5,0.31,0.129,26.76,68.32,normal
2026-01-03T16:43:00,NODE_02,76.76,1.02,0.44,0.119,27.05,71.73,normal
2026-01-03T16:53:00,NODE_02,76.12,0.75,0.46,0.117,25.81,71.79,normal
2026-01-03T17:03:00,NODE_02,76.09,1.0,0.69,0.1,26.62,71.4,normal
2026-01-03T17:13:00,NODE_02,75.42,0.83,0.6,0.125,25.24,71.92,normal
2026-01-03T17:23:00,NODE_02,76.54,0.7,0.3,0.174,27.44,66.5,normal
2026-01-03T17:33:00,NODE_02,76.36,0.64,0.53,0.191,25.81,74.93,normal
2026-01-03T17:43:00,NODE_02,76.69,0.93,0.64,0.199,25.37,72.4,normal
2026-01-03T17:53:00,NODE_02,76.8,0.4,-0.07,0.131,25.85,69.47,normal
2026-01-03T18:03:00,NODE_02,76.26,0.96,0.43,0.177,24.77,70.42,normal
2026-01-03T18:13:00,NODE_02,76.73,0.74,0.43,0.11,26.73,76.15,normal
2026-01-03T18:23:00,NODE_02,77.02,0.66,0.25,0.165,25.03,71.26,normal
2026-01-03T18:33:00,NODE_02,76.64,0.52,0.26,0.116,25.27,71.17,normal
2026-01-03T18:43:00,NODE_02,76.71,0.18,0.5,0.072,26.9,67.2,normal
2026-01-03T18:53:00,NODE_02,76.76,0.91,0.73,0.087,24.79,69.53,normal
2026-01-03T19:03:00,NODE_02,77.11,0.15,0.19,0.1,24.03,66.23,normal
2026-01-03T19:13:00,NODE_02,76.59,0.41,0.0,0.079,27.19,70.36,normal
2026-01-03T19:23:00,NODE_02,76.21,0.76,0.55,0.116,27.31,69.92,normal
2026-01-03T19:33:00,NODE_02,77.19,0.78,0.23,0.126,25.76,69.32,normal
2026-01-03T19:43:00,NODE_02,76.96,0.38,0.18,0.105,26.12,75.92,normal
2026-01-03T19:53:00,NODE_02,76.86,0.31,-0.07,0.164,28.41,75.45,normal
2026-01-03T20:03:00,NODE_02,77.31,0.31,0.05,0.049,25.6,68.4,normal
2026-01-03T20:13:00,NODE_02,70.71,4.37,3.74,0.632,27.07,70.89,warning
2026-01-03T20:23:00,NODE_02,70.1,5.33,2.04,0.664,29.3,69.76,warning
2026-01-03T20:33:00,NODE_02,72.06,4.59,3.0,0.742,24.64,76.51,warning
2026-01-03T20:43:00,NODE_02,72.03,2.94,3.53,0.426,26.02,67.22,warning
2026-01-03T20:53:00,NODE_02,70.97,4.58,2.55,0.48,27.63,71.41,warning
2026-01-03T21:03:00,NODE_02,72.09,3.21,2.45,0.689,24.57,72.74,warning
2026-01-03T21:13:00,NODE_02,72.2,3.22,2.09,0.416,25.65,67.95,warning
2026-01-03T21:23:00,NODE_02,73.35,3.39,3.64,0.58,27.72,71.97,warning
2026-01-03T21:33:00,NODE_02,72.0,3.34,3.19,0.395,26.96,69.36,warning
2026-01-03T21:43:00,NODE_02,73.47,2.87,3.09,0.55,26.01,70.73,warning
2026-01-03T21:53:00,NODE_02,73.74,2.97,2.13,0.476,25.69,68.58,warning
2026-01-03T22:03:00,NODE_02,73.44,2.45,2.12,0.605,26.37,68.2,warning
2026-01-03T22:13:00,NODE_02,73.08,2.81,2.07,0.446,27.11,75.46,warning
2026-01-03T22:23:00,NODE_02,72.78,3.33,2.27,0.437,26.85,69.48,warning
2026-01-03T22:33:00,NODE_02,72.64,1.9,2.39,0.473,23.32,74.82,warning
2026-01-03T22:43:00,NODE_02,73.75,2.2,2.94,0.395,27.18,70.43,warning
2026-01-03T22:53:00,NODE_02,72.57,2.2,2.58,0.421,25.96,68.0,warning
2026-01-03T23:03:00,NODE_02,73.59,2.53,2.61,0.423,26.72,71.08,warning
2026-01-03T23:13:00,NODE_02,73.19,2.65,2.11,0.363,23.35,74.76,warning
2026-01-03T23:23:00,NODE_02,72.16,2.98,2.67,0.29,24.46,71.7,warning
2026-01-03T23:33:00,NODE_02,72.77,3.84,2.63,0.558,25.94,72.95,warning
2026-01-03T23:43:00,NODE_02,74.76,2.7,2.13,0.508,24.94,72.75,warning
2026-01-03T23:53:00,NODE_02,72.48,3.59,1.6,0.396,26.86,77.57,warning
2026-01-04T00:03:00,NODE_02,75.02,2.97,1.53,0.344,25.96,74.22,warning
2026-01-04T00:13:00,NODE_02,72.89,2.95,2.68,0.47,25.23,67.8,warning
2026-01-04T00:23:00,NODE_02,74.52,2.01,1.57,0.368,25.54,71.49,normal
2026-01-04T00:33:00,NODE_02,74.7,3.01,1.35,0.493,26.14,72.79,normal
2026-01-04T00:43:00,NODE_02,73.58,1.98,1.58,0.452,26.25,69.78,normal
2026-01-04T00:53:00,NODE_02,73.51,2.28,1.42,0.326,26.98,76.33,normal
2026-01-04T01:03:00,NODE_02,73.82,2.62,1.38,0.411,23.68,71.28,normal
2026-01-04T01:13:00,NODE_02,73.29,1.88,2.1,0.331,24.34,74.86,normal
2026-01-04T01:23:00,NODE_02,73.25,2.24,1.01,0.41,26.54,71.6,normal
2026-01-04T01:33:00,NODE_02,73.03,3.06,1.76,0.333,24.53,71.6,normal
2026-01-04T01:43:00,NODE_02,74.33,1.87,2.29,0.4,25.38,70.58,normal
2026-01-04T01:53:00,NODE_02,75.03,2.48,1.65,0.44,25.23,69.57,normal
2026-01-04T02:03:00,NODE_02,74.35,2.06,1.99,0.265,25.25,76.52,normal
2026-01-04T02:13:00,NODE_02,75.18,1.4,1.72,0.352,26.24,71.3,normal
2026-01-04T02:23:00,NODE_02,75.35,2.09,1.73,0.29,24.04,72.47,normal
2026-01-04T02:33:00,NODE_02,74.19,1.98,1.47,0.412,24.27,72.19,normal
2026-01-04T02:43:00,NODE_02,75.42,2.13,1.54,0.237,24.53,72.54,normal
2026-01-04T02:53:00,NODE_02,75.45,2.37,1.12,0.215,27.34,71.78,normal
2026-01-04T03:03:00,NODE_02,74.45,1.84,0.66,0.288,25.62,70.84,normal
2026-01-04T03:13:00,NODE_02,75.45,1.45,1.89,0.31,27.24,74.23,normal
2026-01-04T03:23:00,NODE_02,74.99,1.98,1.14,0.272,26.52,71.55,normal
2026-01-04T03:33:00,NODE_02,75.5,1.58,0.63,0.302,25.42,67.27,normal
2026-01-04T03:43:00,NODE_02,76.09,1.75,1.74,0.301,25.59,75.65,normal
2026-01-04T03:53:00,NODE_02,74.2,1.63,1.54,0.286,25.05,72.49,normal
2026-01-04T04:03:00,NODE_02,74.61,1.45,1.09,0.311,26.25,66.57,normal
2026-01-04T04:13:00,NODE_02,75.82,2.54,1.42,0.306,25.66,70.64,normal
2026-01-04T04:23:00,NODE_02,75.65,1.61,0.78,0.322,25.71,71.88,normal
2026-01-04T04:33:00,NODE_02,73.66,2.36,1.63,0.282,24.82,66.4,normal
2026-01-04T04:43:00,NODE_02,75.12,1.55,1.33,0.228,24.91,72.31,normal
2026-01-04T04:53:00,NODE_02,73.77,1.97,1.4,0.341,27.27,68.14,normal
2026-01-04T05:03:00,NODE_02,74.09,2.03,1.51,0.289,27.48,70.32,normal
2026-01-04T05:13:00,NODE_02,75.33,1.41,1.06,0.269,24.03,71.3,normal
2026-01-04T05:23:00,NODE_02,73.67,1.94,1.87,0.324,24.12,70.37,normal
2026-01-04T05:33:00,NODE_02,74.55,2.09,1.59,0.307,27.2,69.82,normal
2026-01-04T05:43:00,NODE_02,75.82,2.18,1.44,0.319,26.41,71.81,normal
2026-01-04T05:53:00,NODE_02,74.86,1.93,1.41,0.256,26.6,76.99,normal
2026-01-04T06:03:00,NODE_02,73.96,2.1,2.14,0.257,27.98,74.95,normal
2026-01-04T06:13:00,NODE_02,74.72,2.34,1.31,0.311,25.77,74.2,normal
2026-01-04T06:23:00,NODE_02,74.05,1.88,1.11,0.292,27.59,68.14,normal
2026-01-04T06:33:00,NODE_02,74.5,2.32,1.77,0.403,26.74,72.45,normal
2026-01-04T06:43:00,NODE_02,75.1,1.89,1.2,0.194,24.75,69.12,normal
2026-01-04T06:53:00,NODE_02,75.47,1.33,1.35,0.272,28.09,74.76,normal
2026-01-04T07:03:00,NODE_02,75.69,1.38,1.06,0.217,27.3,78.28,normal
2026-01-04T07:13:00,NODE_02,75.4,1.25,0.54,0.23,26.5,72.74,normal
2026-01-04T07:23:00,NODE_02,75.03,1.18,0.84,0.228,24.97,69.16,normal
2026-01-04T07:33:00,NODE_02,74.58,1.78,0.98,0.269,27.33,70.51,normal
2026-01-04T07:43:00,NODE_02,75.57,1.22,1.22,0.243,26.54,67.7,normal
2026-01-04T07:53:00,NODE_02,75.18,0.78,0.73,0.257,25.24,70.52,normal
2026-01-04T08:03:00,NODE_02,74.71,1.4,1.22,0.249,27.48,73.62,normal
2026-01-04T08:13:00,NODE_02,75.97,1.55,1.26,0.251,25.54,73.13,normal
2026-01-04T08:23:00,NODE_02,76.1,1.12,1.18,0.249,26.01,69.9,normal
2026-01-04T08:33:00,NODE_02,75.87,1.09,0.85,0.252,27.31,68.58,normal
2026-01-04T08:43:00,NODE_02,76.07,1.01,0.99,0.267,26.54,70.02,normal
2026-01-04T08:53:00,NODE_02,75.55,0.77,1.01,0.162,27.41,70.44,normal
2026-01-04T09:03:00,NODE_02,76.33,1.09,0.97,0.181,26.51,75.14,normal
2026-01-04T09:13:00,NODE_02,75.94,1.3,0.45,0.15,26.09,74.05,normal
2026-01-04T09:23:00,NODE_02,76.16,0.53,1.01,0.131,26.04,67.36,normal
2026-01-04T09:33:00,NODE_02,76.36,1.16,0.82,0.201,27.39,68.04,normal
2026-01-04T09:43:00,NODE_02,75.65,0.94,0.71,0.178,26.27,69.49,normal
2026-01-04T09:53:00,NODE_02,77.14,0.93,0.78,0.222,27.62,71.02,normal
2026-01-04T10:03:00,NODE_02,76.54,0.68,0.63,0.19,25.54,71.33,normal
2026-01-04T10:13:00,NODE_02,76.1,0.99,0.95,0.156,25.58,70.86,normal
2026-01-04T10:23:00,NODE_02,76.16,0.99,0.62,0.169,27.44,69.78,normal
2026-01-04T10:33:00,NODE_02,76.87,1.03,0.28,0.156,28.26,67.78,normal
2026-01-04T10:43:00,NODE_02,76.31,0.61,0.73,0.183,26.42,72.67,normal
2026-01-04T10:53:00,NODE_02,76.31,1.6,0.26,0.13,25.94,69.62,normal
2026-01-04T11:03:00,NODE_02,76.18,0.71,0.83,0.16,24.9,71.34,normal
2026-01-04T11:13:00,NODE_02,76.72,0.7,0.08,0.155,27.25,70.05,normal
2026-01-04T11:23:00,NODE_02,76.97,1.01,0.82,0.105,25.41,70.76,normal
2026-01-04T11:33:00,NODE_02,75.94,0.84,0.32,0.156,26.65,69.6,normal
2026-01-01T00:07:00,NODE_03,89.51,0.85,0.8,0.146,27.34,70.62,normal
2026-01-01T00:17:00,NODE_03,89.19,0.69,0.56,0.209,25.32,64.67,normal
2026-01-01T00:27:00,NODE_03,89.18,0.98,0.74,0.179,25.96,72.5,normal
2026-01-01T00:37:00,NODE_03,89.17,0.89,0.72,0.142,25.45,65.66,normal
2026-01-01T00:47:00,NODE_03,89.27,0.79,0.23,0.131,25.01,75.77,normal
2026-01-01T00:57:00,NODE_03,89.1,1.03,0.79,0.196,25.52,66.12,normal
2026-01-01T01:07:00,NODE_03,89.04,1.24,0.77,0.104,26.73,75.46,normal
2026-01-01T01:17:00,NODE_03,89.4,0.71,0.6,0.237,24.12,68.33,normal
2026-01-01T01:27:00,NODE_03,89.51,0.3,0.38,0.098,24.84,68.58,normal
2026-01-01T01:37:00,NODE_03,90.0,0.69,0.25,0.151,25.08,66.15,normal
2026-01-01T01:47:00,NODE_03,89.02,0.55,0.57,0.162,25.6,68.05,normal
2026-01-01T01:57:00,NODE_03,89.68,0.62,0.36,0.147,28.29,69.93,normal
2026-01-01T02:07:00,NODE_03,89.43,0.59,0.44,0.12,25.31,73.29,normal
2026-01-01T02:17:00,NODE_03,89.71,0.84,0.51,0.175,27.43,63.75,normal
2026-01-01T02:27:00,NODE_03,89.63,1.25,0.63,0.138,25.79,69.9,normal
2026-01-01T02:37:00,NODE_03,89.13,0.52,0.05,0.144,24.69,78.66,normal
2026-01-01T02:47:00,NODE_03,89.72,0.73,0.53,0.132,26.32,70.1,normal
2026-01-01T02:57:00,NODE_03,89.76,0.47,0.61,0.13,26.15,70.58,normal
2026-01-01T03:07:00,NODE_03,89.76,0.96,0.3,0.086,24.48,70.56,normal
2026-01-01T03:17:00,NODE_03,89.29,0.33,0.49,0.138,25.41,71.19,normal
2026-01-01T03:27:00,NODE_03,89.09,0.98,0.24,0.089,25.45,69.51,normal
2026-01-01T03:37:00,NODE_03,89.96,0.58,0.13,0.077,27.11,73.84,normal
2026-01-01T03:47:00,NODE_03,89.88,0.72,0.57,0.086,24.26,65.2,normal
2026-01-01T03:57:00,NODE_03,89.22,0.38,0.42,0.13,27.31,66.86,normal
2026-01-01T04:07:00,NODE_03,89.55,0.5,0.36,0.158,27.63,70.18,normal
2026-01-01T04:17:00,NODE_03,89.83,0.65,0.47,0.135,27.15,68.87,normal
2026-01-01T04:27:00,NODE_03,86.24,5.64,3.23,0.671,24.37,78.01,warning
2026-01-01T04:37:00,NODE_03,83.39,4.41,3.62,0.767,24.68,73.75,warning
2026-01-01T04:47:00,NODE_03,81.8,5.66,4.34,0.688,26.16,75.47,warning
2026-01-01T04:57:00,NODE_03,83.28,4.06,2.06,0.667,28.53,70.42,warning
2026-01-01T05:07:00,NODE_03,83.71,3.69,3.57,0.442,29.42,68.97,warning
2026-01-01T05:17:00,NODE_03,84.9,4.17,2.2,0.44,26.49,71.04,warning
2026-01-01T05:27:00,NODE_03,84.58,3.73,2.35,0.665,27.54,72.86,warning
2026-01-01T05:37:00,NODE_03,85.42,4.24,3.14,0.568,25.56,71.05,warning
2026-01-01T05:47:00,NODE_03,84.06,4.54,2.11,0.489,25.56,71.99,warning
2026-01-01T05:57:00,NODE_03,86.5,4.31,1.83,0.647,24.63,73.97,warning
2026-01-01T06:07:00,NODE_03,84.81,3.82,2.69,0.539,26.04,66.88,warning
2026-01-01T06:17:00,NODE_03,86.06,2.61,2.48,0.426,26.11,74.88,warning
2026-01-01T06:27:00,NODE_03,86.07,3.84,1.95,0.415,25.24,72.04,warning
2026-01-01T06:37:00,NODE_03,84.81,3.86,1.44,0.386,26.86,75.04,warning
2026-01-01T06:47:00,NODE_03,87.25,3.82,1.88,0.457,24.71,67.83,warning
2026-01-01T06:57:00,NODE_03,84.04,4.1,1.39,0.561,27.24,72.72,warning
2026-01-01T07:07:00,NODE_03,84.28,3.4,2.72,0.627,25.41,67.68,warning
2026-01-01T07:17:00,NODE_03,85.51,3.38,1.84,0.529,26.2,72.8,warning
2026-01-01T07:27:00,NODE_03,86.78,3.63,2.39,0.441,26.32,71.63,warning
2026-01-01T07:37:00,NODE_03,86.19,3.86,2.83,0.468,27.34,69.16,warning
2026-01-01T07:47:00,NODE_03,87.26,3.32,2.31,0.587,27.19,68.29,warning
2026-01-01T07:57:00,NODE_03,85.18,2.81,1.27,0.309,28.05,70.78,warning
2026-01-01T08:07:00,NODE_03,85.76,3.2,1.26,0.478,24.92,69.58,warning
2026-01-01T08:17:00,NODE_03,86.86,2.14,2.42,0.406,24.63,67.21,normal
2026-01-01T08:27:00,NODE_03,85.71,3.51,2.45,0.37,26.32,75.09,warning
2026-01-01T08:37:00,NODE_03,86.41,2.28,2.84,0.349,24.15,68.39,warning
2026-01-01T08:47:00,NODE_03,85.98,3.27,2.07,0.457,24.41,72.72,normal
2026-01-01T08:57:00,NODE_03,87.09,2.56,1.84,0.385,28.08,69.39,normal
2026-01-01T09:07:00,NODE_03,85.93,2.63,1.29,0.321,27.54,71.41,normal
2026-01-01T09:17:00,NODE_03,86.93,2.17,1.54,0.4,25.24,66.56,normal
2026-01-01T09:27:00,NODE_03,87.53,2.68,2.19,0.369,26.19,75.36,normal
2026-01-01T09:37:00,NODE_03,87.56,2.91,1.72,0.275,26.29,66.99,normal
2026-01-01T09:47:00,NODE_03,86.56,2.64,1.33,0.385,24.46,68.12,normal
2026-01-01T09:57:00,NODE_03,87.36,2.12,1.35,0.284,24.84,69.88,normal
2026-01-01T10:07:00,NODE_03,88.05,1.86,1.35,0.273,27.22,68.94,normal
2026-01-01T10:17:00,NODE_03,87.84,2.3,1.45,0.344,25.84,69.67,normal
2026-01-01T10:27:00,NODE_03,88.13,1.68,1.22,0.234,25.93,71.41,normal
2026-01-01T10:37:00,NODE_03,88.18,1.87,1.2,0.241,25.55,69.24,normal
2026-01-01T10:47:00,NODE_03,88.03,1.59,1.7,0.188,25.14,74.52,normal
2026-01-01T10:57:00,NODE_03,87.35,1.43,1.08,0.197,27.08,74.6,normal
2026-01-01T11:07:00,NODE_03,88.6,1.25,1.38,0.26,25.49,66.31,normal
2026-01-01T11:17:00,NODE_03,89.49,1.3,0.78,0.294,27.16,73.38,normal
2026-01-01T11:27:00,NODE_03,88.47,1.37,0.87,0.286,26.54,72.26,normal
2026-01-01T11:37:00,NODE_03,88.82,0.96,1.14,0.177,26.67,68.48,normal
2026-01-01T11:47:00,NODE_03,89.08,1.62,0.85,0.196,23.41,67.82,normal
2026-01-01T11:57:00,NODE_03,89.25,1.13,0.76,0.19,26.2,69.0,normal
2026-01-01T12:07:00,NODE_03,88.51,1.21,1.07,0.214,27.56,77.05,normal
2026-01-01T12:17:00,NODE_03,89.35,1.49,1.2,0.238,25.7,67.19,normal
2026-01-01T12:27:00,NODE_03,88.19,1.2,0.57,0.221,25.95,69.79,normal
2026-01-01T12:37:00,NODE_03,88.94,1.35,1.25,0.318,26.91,68.84,normal
2026-01-01T12:47:00,NODE_03,88.46,1.24,0.55,0.222,26.66,70.43,normal
2026-01-01T12:57:00,NODE_03,88.3,1.16,0.96,0.223,23.01,67.79,normal
2026-01-01T13:07:00,NODE_03,88.02,1.13,1.56,0.239,27.53,71.93,normal
2026-01-01T13:17:00,NODE_03,88.53,1.36,0.87,0.151,27.44,67.22,normal
2026-01-01T13:27:00,NODE_03,88.61,1.74,0.8,0.196,23.96,67.6,normal
2026-01-01T13:37:00,NODE_03,89.27,1.33,1.1,0.204,23.95,66.39,normal
2026-01-01T13:47:00,NODE_03,88.21,1.5,1.33,0.18,26.49,68.2,normal
2026-01-01T13:57:00,NODE_03,87.8,1.37,0.58,0.204,28.18,66.59,normal
2026-01-01T14:07:00,NODE_03,89.17,1.49,1.32,0.211,26.35,70.36,normal
2026-01-01T14:17:00,NODE_03,88.42,1.69,0.92,0.298,27.71,74.1,normal
2026-01-01T14:27:00,NODE_03,87.66,1.73,1.08,0.321,23.7,71.21,normal
2026-01-01T14:37:00,NODE_03,88.8,0.9,1.37,0.256,25.67,76.49,normal
2026-01-01T14:47:00,NODE_03,88.41,1.1,1.07,0.178,25.27,70.52,normal
2026-01-01T14:57:00,NODE_03,88.72,1.45,1.17,0.24,25.83,73.01,normal
2026-01-01T15:07:00,NODE_03,88.22,1.37,0.25,0.29,25.16,71.57,normal
2026-01-01T15:17:00,NODE_03,89.78,0.8,0.94,0.202,26.05,69.3,normal
2026-01-01T15:27:00,NODE_03,89.16,0.76,0.26,0.196,27.08,75.12,normal
2026-01-01T15:37:00,NODE_03,88.85,1.47,0.67,0.133,23.47,70.53,normal
2026-01-01T15:47:00,NODE_03,88.96,0.63,0.71,0.136,25.84,71.17,normal
2026-01-01T15:57:00,NODE_03,89.31,1.04,0.79,0.114,25.66,65.88,normal
2026-01-01T16:07:00,NODE_03,88.55,0.54,-0.01,0.18,26.98,64.61,normal
2026-01-01T16:17:00,NODE_03,89.55,0.36,0.33,0.149,26.43,65.42,normal
2026-01-01T16:27:00,NODE_03,89.72,0.96,0.41,0.151,26.43,65.83,normal
2026-01-01T16:37:00,NODE_03,89.47,1.08,0.49,0.115,26.46,69.98,normal
2026-01-01T16:47:00,NODE_03,89.06,0.69,0.07,0.125,26.93,68.78,normal
2026-01-01T16:57:00,NODE_03,89.88,0.54,0.83,0.089,26.42,66.61,normal
2026-01-01T17:07:00,NODE_03,89.21,0.88,0.54,0.111,25.69,67.95,normal
2026-01-01T17:17:00,NODE_03,89.53,0.81,0.47,0.161,25.92,74.48,normal
2026-01-01T17:27:00,NODE_03,89.22,1.18,0.96,0.207,23.92,70.14,normal
2026-01-01T17:37:00,NODE_03,89.07,0.85,0.51,0.15,24.93,74.9,normal
2026-01-01T17:47:00,NODE_03,87.24,3.58,2.39,0.604,26.58,70.18,warning
2026-01-01T17:57:00,NODE_03,86.11,3.69,2.45,0.58,27.53,67.03,warning
2026-01-01T18:07:00,NODE_03,86.34,2.33,2.54,0.534,27.0,73.55,warning
2026-01-01T18:17:00,NODE_03,86.54,3.77,3.1,0.51,25.03,74.12,warning
2026-01-01T18:27:00,NODE_03,85.65,3.65,1.98,0.449,26.73,66.77,warning
2026-01-01T18:37:00,NODE_03,85.79,3.17,2.24,0.322,25.33,72.76,warning
2026-01-01T18:47:00,NODE_03,86.69,1.88,1.4,0.47,27.25,70.22,warning
2026-01-01T18:57:00,NODE_03,85.61,2.52,2.02,0.295,23.39,74.38,normal
2026-01-01T19:07:00,NODE_03,86.04,2.21,1.42,0.319,25.48,66.23,normal
2026-01-01T19:17:00,NODE_03,87.61,2.58,2.32,0.49,25.79,67.21,normal
2026-01-01T19:27:00,NODE_03,86.52,2.7,2.48,0.265,25.58,71.11,normal
2026-01-01T19:37:00,NODE_03,87.46,2.89,1.97,0.439,25.68,67.45,normal
2026-01-01T19:47:00,NODE_03,87.94,3.23,2.49,0.427,25.91,72.89,normal
2026-01-01T19:57:00,NODE_03,86.53,3.58,2.08,0.376,25.71,72.5,warning
2026-01-01T20:07:00,NODE_03,86.16,2.43,2.14,0.338,26.1,67.51,normal
2026-01-01T20:17:00,NODE_03,86.63,3.12,1.62,0.415,27.17,69.96,normal
2026-01-01T20:27:00,NODE_03,87.17,1.87,2.22,0.319,25.79,69.2,normal
2026-01-01T20:37:00,NODE_03,87.52,2.15,1.42,0.399,26.71,70.29,normal
2026-01-01T20:47:00,NODE_03,88.17,2.19,1.26,0.308,27.57,72.98,normal
2026-01-01T20:57:00,NODE_03,87.83,1.91,1.77,0.388,25.35,70.22,normal
2026-01-01T21:07:00,NODE_03,87.6,1.52,1.73,0.302,25.79,68.14,normal
2026-01-01T21:17:00,NODE_03,87.8,1.96,1.77,0.336,27.16,77.05,normal
2026-01-01T21:27:00,NODE_03,87.76,1.79,1.89,0.248,25.97,72.78,normal
2026-01-01T21:37:00,NODE_03,88.87,2.28,1.2,0.356,26.72,63.73,normal
2026-01-01T21:47:00,NODE_03,87.6,2.07,1.25,0.307,27.58,72.68,normal
2026-01-01T21:57:00,NODE_03,87.22,2.76,1.5,0.376,28.88,74.16,normal
2026-01-01T22:07:00,NODE_03,87.31,2.24,1.16,0.233,26.35,70.24,normal
2026-01-01T22:17:00,NODE_03,88.08,1.69,2.12,0.27,25.39,70.08,normal
2026-01-01T22:27:00,NODE_03,88.35,1.91,0.87,0.204,26.72,73.02,normal
2026-01-01T22:37:00,NODE_03,87.65,1.38,0.63,0.268,24.67,75.13,normal
2026-01-01T22:47:00,NODE_03,87.89,1.26,1.73,0.266,27.25,69.33,normal
2026-01-01T22:57:00,NODE_03,89.02,1.52,1.28,0.227,25.16,65.58,normal
2026-01-01T23:07:00,NODE_03,88.93,1.3,0.89,0.337,25.39,70.52,normal
2026-01-01T23:17:00,NODE_03,87.82,1.62,1.06,0.265,24.94,72.46,normal
2026-01-01T23:27:00,NODE_03,87.86,1.3,0.48,0.187,25.01,77.4,normal
2026-01-01T23:37:00,NODE_03,87.72,1.27,1.64,0.197,27.12,69.8,normal
2026-01-01T23:47:00,NODE_03,87.78,1.37,0.51,0.286,25.72,67.28,normal
2026-01-01T23:57:00,NODE_03,88.03,1.6,1.09,0.231,26.66,69.26,normal
2026-01-02T00:07:00,NODE_03,88.83,0.88,0.97,0.143,26.35,70.74,normal
2026-01-02T00:17:00,NODE_03,88.53,0.64,1.06,0.163,25.19,68.0,normal
2026-01-02T00:27:00,NODE_03,89.25,0.78,0.74,0.126,24.83,66.93,normal
2026-01-02T00:37:00,NODE_03,88.89,1.22,0.59,0.222,25.8,68.0,normal
2026-01-02T00:47:00,NODE_03,89.52,0.87,0.14,0.217,23.7,71.14,normal
2026-01-02T00:57:00,NODE_03,89.62,0.83,0.89,0.161,25.14,66.01,normal
2026-01-02T01:07:00,NODE_03,89.19,0.13,0.36,0.095,25.79,66.0,normal
2026-01-02T01:17:00,NODE_03,89.55,0.71,0.4,0.148,26.57,71.01,normal
2026-01-02T01:27:00,NODE_03,89.42,0.46,0.5,0.155,26.32,66.3,normal
2026-01-02T01:37:00,NODE_03,89.87,0.74,0.46,0.134,25.28,69.38,normal
2026-01-02T01:47:00,NODE_03,89.22,0.76,0.63,0.098,26.35,63.05,normal
2026-01-02T01:57:00,NODE_03,89.56,1.15,0.6,0.238,24.34,63.63,normal
2026-01-02T02:07:00,NODE_03,89.76,0.99,0.35,0.117,26.45,71.17,normal
2026-01-02T02:17:00,NODE_03,89.45,0.58,0.7,0.145,26.13,67.88,normal
2026-01-02T02:27:00,NODE_03,89.41,0.54,0.91,0.165,22.32,67.7,normal
2026-01-02T02:37:00,NODE_03,89.53,0.9,0.67,0.076,24.58,70.43,normal
2026-01-02T02:47:00,NODE_03,89.38,0.72,0.72,0.135,26.81,77.39,normal
2026-01-02T02:57:00,NODE_03,89.14,1.07,0.2,0.138,26.54,72.34,normal
2026-01-02T03:07:00,NODE_03,89.63,1.06,1.1,0.1,25.7,75.18,normal
2026-01-02T03:17:00,NODE_03,88.74,0.77,0.77,0.103,26.35,66.4,normal
2026-01-02T03:27:00,NODE_03,89.63,1.06,0.64,0.191,24.48,75.29,normal
2026-01-02T03:37:00,NODE_03,89.8,0.21,0.59,0.153,25.7,70.23,normal
2026-01-02T03:47:00,NODE_03,89.05,0.36,0.72,0.142,23.15,71.16,normal
2026-01-02T03:57:00,NODE_03,89.35,0.93,0.94,0.242,24.2,67.86,normal
2026-01-02T04:07:00,NODE_03,89.74,0.84,0.92,0.214,26.8,71.78,normal
2026-01-02T04:17:00,NODE_03,88.93,1.17,0.63,0.217,26.54,68.07,normal
2026-01-02T04:27:00,NODE_03,89.24,0.67,0.49,0.151,25.55,67.02,normal
2026-01-02T04:37:00,NODE_03,88.7,1.07,0.48,0.146,27.51,71.34,normal
2026-01-02T04:47:00,NODE_03,88.17,1.73,0.89,0.199,25.82,73.68,normal
2026-01-02T04:57:00,NODE_03,88.2,0.98,0.58,0.203,25.98,70.42,normal
2026-01-02T05:07:00,NODE_03,89.3,1.52,1.3,0.184,25.81,70.19,normal
2026-01-02T05:17:00,NODE_03,88.73,1.14,0.87,0.132,26.54,70.73,normal
2026-01-02T05:27:00,NODE_03,88.95,1.6,1.19,0.18,25.31,69.81,normal
2026-01-02T05:37:00,NODE_03,89.07,1.32,0.57,0.201,27.09,72.37,normal
2026-01-02T05:47:00,NODE_03,89.26,0.84,0.82,0.171,26.77,74.21,normal
2026-01-02T05:57:00,NODE_03,89.43,0.57,0.9,0.202,28.58,69.68,normal
2026-01-02T06:07:00,NODE_03,89.53,1.24,0.26,0.193,27.15,73.39,normal
2026-01-02T06:17:00,NODE_03,89.74,0.86,0.83,0.181,25.91,71.39,normal
2026-01-02T06:27:00,NODE_03,90.08,0.72,0.71,0.144,24.28,73.9,normal
2026-01-02T06:37:00,NODE_03,89.17,1.02,0.55,0.231,26.85,73.75,normal
2026-01-02T06:47:00,NODE_03,89.24,0.78,1.36,0.16,23.84,70.62,normal
2026-01-02T06:57:00,NODE_03,89.09,1.15,0.82,0.156,25.19,77.85,normal
2026-01-02T07:07:00,NODE_03,88.16,1.23,1.17,0.155,23.4,71.64,normal
2026-01-02T07:17:00,NODE_03,88.37,1.37,1.27,0.177,25.83,68.82,normal
2026-01-02T07:27:00,NODE_03,88.69,1.83,1.53,0.274,24.5,74.44,normal
2026-01-02T07:37:00,NODE_03,88.9,1.87,0.96,0.185,27.49,73.68,normal
2026-01-02T07:47:00,NODE_03,87.7,1.75,1.25,0.25,26.38,74.83,normal
2026-01-02T07:57:00,NODE_03,88.27,1.83,0.83,0.22,25.37,67.63,normal
2026-01-02T08:07:00,NODE_03,88.48,1.36,0.97,0.262,26.2,69.0,normal
2026-01-02T08:17:00,NODE_03,87.34,1.95,1.19,0.191,27.35,73.5,normal
2026-01-02T08:27:00,NODE_03,88.38,1.54,0.98,0.185,26.57,68.84,normal
2026-01-02T08:37:00,NODE_03,87.68,1.63,1.46,0.194,25.68,72.67,normal
2026-01-02T08:47:00,NODE_03,88.57,1.12,0.56,0.158,26.68,68.88,normal
2026-01-02T08:57:00,NODE_03,88.69,1.0,0.89,0.295,26.45,63.98,normal
2026-01-02T09:07:00,NODE_03,88.02,2.22,1.02,0.285,25.75,68.1,normal
2026-01-02T09:17:00,NODE_03,87.91,1.02,1.33,0.182,25.8,70.69,normal
2026-01-02T09:27:00,NODE_03,88.57,1.06,1.04,0.266,27.71,70.62,normal
2026-01-02T09:37:00,NODE_03,89.07,0.79,0.96,0.203,25.84,68.64,normal
2026-01-02T09:47:00,NODE_03,88.9,0.94,0.82,0.172,27.1,69.52,normal
2026-01-02T09:57:00,NODE_03,89.05,1.01,0.49,0.233,27.85,74.37,normal
2026-01-02T10:07:00,NODE_03,83.45,3.68,3.96,0.705,27.51,68.17,warning
2026-01-02T10:17:00,NODE_03,82.56,4.3,2.97,0.579,27.62,71.95,warning
2026-01-02T10:27:00,NODE_03,84.82,3.48,4.6,0.601,26.46,,warning
2026-01-02T10:37:00,NODE_03,85.65,3.88,2.55,0.453,27.02,73.04,warning
2026-01-02T10:47:00,NODE_03,84.74,3.56,3.85,0.536,28.2,64.59,warning
2026-01-02T10:57:00,NODE_03,84.32,4.93,2.02,0.545,26.07,72.26,warning
2026-01-02T11:07:00,NODE_03,85.12,4.27,2.78,0.418,27.52,71.84,warning
2026-01-02T11:17:00,NODE_03,85.26,3.64,3.87,0.701,27.5,69.43,warning
2026-01-02T11:27:00,NODE_03,83.05,2.93,3.1,0.611,25.68,70.51,warning
2026-01-02T11:37:00,NODE_03,86.34,4.23,2.8,0.624,28.35,72.25,warning
2026-01-02T11:47:00,NODE_03,85.1,3.73,2.93,0.482,26.27,66.44,warning
2026-01-02T11:57:00,NODE_03,85.34,3.88,2.06,0.577,27.6,70.3,warning
2026-01-02T12:07:00,NODE_03,84.67,4.28,1.92,0.463,27.89,65.81,warning
2026-01-02T12:17:00,NODE_03,84.81,2.45,3.07,0.364,25.81,72.2,warning
2026-01-02T12:27:00,NODE_03,85.17,3.91,2.07,0.391,26.83,69.64,warning
2026-01-02T12:37:00,NODE_03,85.91,3.31,2.01,0.549,27.46,70.99,warning
2026-01-02T12:47:00,NODE_03,84.29,2.54,3.04,0.524,27.79,71.6,warning
2026-01-02T12:57:00,NODE_03,85.18,3.4,2.92,0.579,26.64,72.74,warning
2026-01-02T13:07:00,NODE_03,86.07,2.76,1.75,0.59,24.98,71.41,warning
2026-01-02T13:17:00,NODE_03,85.98,2.65,1.86,0.393,25.03,72.42,warning
2026-01-02T13:27:00,NODE_03,86.45,2.55,2.69,0.369,24.14,69.75,warning
2026-01-02T13:37:00,NODE_03,87.71,3.69,2.1,0.526,26.57,70.86,warning
2026-01-02T13:47:00,NODE_03,87.0,3.12,1.75,0.447,26.36,69.82,normal
2026-01-02T13:57:00,NODE_03,86.81,3.39,2.37,0.449,25.88,69.54,normal
2026-01-02T14:07:00,NODE_03,86.75,2.29,2.43,0.349,26.07,66.07,warning
2026-01-02T14:17:00,NODE_03,87.17,3.7,2.53,0.473,27.88,72.24,warning
2026-01-02T14:27:00,NODE_03,86.64,2.33,2.47,0.414,26.18,74.61,warning
2026-01-02T14:37:00,NODE_03,86.08,2.81,2.12,0.364,29.42,72.39,normal
2026-01-02T14:47:00,NODE_03,86.79,2.92,1.21,0.365,25.83,72.88,normal
2026-01-02T14:57:00,NODE_03,86.89,2.78,2.17,0.278,27.26,72.62,normal
2026-01-02T15:07:00,NODE_03,86.86,2.49,2.09,0.254,24.91,74.63,normal
2026-01-02T15:17:00,NODE_03,87.57,2.33,1.36,0.288,26.53,72.86,normal
2026-01-02T15:27:00,NODE_03,86.19,2.02,1.33,0.36,24.94,71.49,normal
2026-01-02T15:37:00,NODE_03,87.81,2.49,1.4,0.243,27.42,74.87,normal
2026-01-02T15:47:00,NODE_03,87.67,2.12,2.02,0.286,26.84,76.47,normal
2026-01-02T15:57:00,NODE_03,86.33,2.7,1.7,0.28,26.66,67.47,normal
2026-01-02T16:07:00,NODE_03,88.22,2.76,1.57,0.329,26.05,71.33,normal
2026-01-02T16:17:00,NODE_03,87.39,1.98,1.55,0.302,26.44,76.36,normal
2026-01-02T16:27:00,NODE_03,87.82,2.51,1.92,0.34,25.3,75.79,normal
2026-01-02T16:37:00,NODE_03,87.05,2.11,1.91,0.256,26.91,74.22,normal
2026-01-02T16:47:00,NODE_03,87.92,2.06,1.55,0.285,26.67,68.01,normal
2026-01-02T16:57:00,NODE_03,88.22,1.65,0.84,0.371,27.29,68.98,normal
2026-01-02T17:07:00,NODE_03,88.3,2.26,1.01,0.213,25.69,71.18,normal
2026-01-02T17:17:00,NODE_03,88.0,1.91,1.25,0.196,23.97,71.12,normal
2026-01-02T17:27:00,NODE_03,88.48,1.09,1.89,0.363,26.55,66.73,normal
2026-01-02T17:37:00,NODE_03,88.01,1.2,0.93,0.283,26.77,70.79,normal
2026-01-02T17:47:00,NODE_03,87.63,1.9,1.16,0.25,26.87,74.84,normal
2026-01-02T17:57:00,NODE_03,88.65,1.32,0.81,0.207,26.5,74.83,normal
2026-01-02T18:07:00,NODE_03,88.88,1.35,0.7,0.271,25.53,66.1,normal
2026-01-02T18:17:00,NODE_03,88.94,1.29,1.84,0.306,25.9,72.1,normal
2026-01-02T18:27:00,NODE_03,87.58,1.5,1.45,0.274,25.75,71.05,normal
2026-01-02T18:37:00,NODE_03,87.35,1.57,0.71,0.23,26.31,74.36,normal
2026-01-02T18:47:00,NODE_03,88.18,1.69,1.38,0.202,28.16,70.34,normal
2026-01-02T18:57:00,NODE_03,88.59,1.68,0.88,0.207,25.49,72.05,normal
2026-01-02T19:07:00,NODE_03,88.85,1.41,1.09,0.202,26.55,63.37,normal
2026-01-02T19:17:00,NODE_03,87.99,0.95,0.79,0.273,26.55,68.3,normal
2026-01-02T19:27:00,NODE_03,88.11,1.0,1.03,0.26,25.75,72.0,normal
2026-01-02T19:37:00,NODE_03,88.17,1.62,1.01,0.172,27.28,72.29,normal
2026-01-02T19:47:00,NODE_03,88.3,1.14,1.46,0.257,28.61,68.63,normal
2026-01-02T19:57:00,NODE_03,87.76,1.87,0.98,0.257,27.17,66.91,normal
2026-01-02T20:07:00,NODE_03,88.48,1.59,0.93,0.311,26.1,66.72,normal
2026-01-02T20:17:00,NODE_03,88.27,1.43,1.85,0.224,24.29,68.6,normal
2026-01-02T20:27:00,NODE_03,88.71,1.21,0.91,0.241,24.18,72.55,normal
2026-01-02T20:37:00,NODE_03,88.41,1.57,1.16,0.222,25.18,75.92,normal
2026-01-02T20:47:00,NODE_03,88.3,1.69,0.97,0.171,27.16,61.89,normal
2026-01-02T20:57:00,NODE_03,88.56,1.3,0.57,0.184,25.66,69.67,normal
2026-01-02T21:07:00,NODE_03,88.54,1.53,0.83,0.23,26.98,64.63,normal
2026-01-02T21:17:00,NODE_03,88.61,1.03,1.3,0.219,24.11,70.93,normal
2026-01-02T21:27:00,NODE_03,88.45,1.05,0.72,0.149,25.78,72.8,normal
2026-01-02T21:37:00,NODE_03,89.8,1.37,1.01,0.123,26.68,74.9,normal
2026-01-02T21:47:00,NODE_03,89.23,1.25,0.91,0.21,27.01,72.81,normal
2026-01-02T21:57:00,NODE_03,89.18,1.11,0.4,0.182,27.71,70.06,normal
2026-01-02T22:07:00,NODE_03,89.03,0.97,0.72,0.161,27.13,69.89,normal
2026-01-02T22:17:00,NODE_03,89.57,1.23,0.67,0.18,27.08,71.22,normal
2026-01-02T22:27:00,NODE_03,89.28,0.84,0.38,0.122,24.74,67.94,normal
2026-01-02T22:37:00,NODE_03,89.1,1.63,0.59,0.207,24.2,72.54,normal
2026-01-02T22:47:00,NODE_03,88.66,1.05,1.0,0.229,24.63,66.46,normal
2026-01-02T22:57:00,NODE_03,88.85,0.88,0.81,0.256,26.57,68.99,normal
2026-01-02T23:07:00,NODE_03,88.49,1.56,0.84,0.291,26.39,69.09,normal
2026-01-02T23:17:00,NODE_03,89.19,1.25,0.75,0.203,27.7,69.42,normal
2026-01-02T23:27:00,NODE_03,89.11,0.99,0.88,0.232,26.52,69.21,normal
2026-01-02T23:37:00,NODE_03,89.07,0.9,0.58,0.216,25.18,71.22,normal
2026-01-02T23:47:00,NODE_03,88.79,1.3,0.51,0.165,24.76,71.64,normal
2026-01-02T23:57:00,NODE_03,88.42,0.71,0.89,0.172,25.41,73.62,normal
2026-01-03T00:07:00,NODE_03,89.64,0.76,0.89,0.137,26.84,72.13,normal
2026-01-03T00:17:00,NODE_03,89.19,1.36,0.79,0.105,25.46,71.52,normal
2026-01-03T00:27:00,NODE_03,90.04,0.75,0.46,0.137,25.12,68.29,normal
2026-01-03T00:37:00,NODE_03,88.98,0.43,0.57,0.157,25.75,70.88,normal
2026-01-03T00:47:00,NODE_03,89.47,0.37,0.67,0.141,25.96,76.33,normal
2026-01-03T00:57:00,NODE_03,89.8,0.68,0.52,0.103,27.09,67.16,normal
2026-01-03T01:07:00,NODE_03,89.54,0.75,0.09,0.182,25.01,73.37,normal
2026-01-03T01:17:00,NODE_03,89.24,0.42,0.74,0.092,26.75,71.26,normal
2026-01-03T01:27:00,NODE_03,89.34,0.91,0.87,0.113,25.15,68.04,normal
2026-01-03T01:37:00,NODE_03,89.17,1.23,1.0,0.168,25.67,69.1,normal
2026-01-03T01:47:00,NODE_03,88.41,0.85,0.67,0.194,25.86,71.99,normal
2026-01-03T01:57:00,NODE_03,84.46,5.3,5.24,0.591,28.42,75.65,warning
2026-01-03T02:07:00,NODE_03,82.82,5.96,5.04,0.61,28.53,70.37,warning
2026-01-03T02:17:00,NODE_03,82.78,4.1,2.18,0.764,26.79,68.09,warning
2026-01-03T02:27:00,NODE_03,83.82,5.1,3.99,0.837,27.24,71.16,warning
2026-01-03T02:37:00,NODE_03,83.58,3.73,3.48,0.796,25.74,70.74,warning
2026-01-03T02:47:00,NODE_03,82.91,4.84,2.59,0.654,25.7,69.49,warning
2026-01-03T02:57:00,NODE_03,85.53,4.39,2.95,0.44,27.23,74.49,warning
2026-01-03T03:07:00,NODE_03,84.71,3.77,2.79,0.601,27.16,63.98,warning
2026-01-03T03:17:00,NODE_03,83.73,3.18,2.88,0.647,27.46,70.2,warning
2026-01-03T03:27:00,NODE_03,85.93,2.77,2.98,0.403,27.06,69.41,warning
2026-01-03T03:37:00,NODE_03,85.88,4.35,2.76,0.446,25.6,65.54,warning
2026-01-03T03:47:00,NODE_03,86.42,4.16,2.16,0.347,27.19,72.84,warning
2026-01-03T03:57:00,NODE_03,85.51,3.65,2.89,0.46,28.06,72.16,warning
2026-01-03T04:07:00,NODE_03,86.5,4.17,2.63,0.642,26.64,73.46,warning
2026-01-03T04:17:00,NODE_03,85.35,2.53,2.84,0.464,27.92,68.82,warning
2026-01-03T04:27:00,NODE_03,84.53,2.45,1.97,0.516,25.73,67.87,warning
2026-01-03T04:37:00,NODE_03,86.85,3.44,2.43,0.521,26.0,68.27,warning
2026-01-03T04:47:00,NODE_03,85.96,3.1,2.56,0.334,27.87,74.11,warning
2026-01-03T04:57:00,NODE_03,86.14,3.46,2.4,0.471,26.55,69.57,warning
2026-01-03T05:07:00,NODE_03,84.3,2.59,2.5,0.401,25.22,73.24,warning
2026-01-03T05:17:00,NODE_03,85.61,3.1,2.12,0.517,25.68,72.48,warning
2026-01-03T05:27:00,NODE_03,85.94,2.25,1.31,0.445,25.45,68.6,warning
2026-01-03T05:37:00,NODE_03,85.47,2.83,1.88,0.364,25.38,68.56,warning
2026-01-03T05:47:00,NODE_03,87.08,3.49,1.38,0.327,26.11,72.43,warning
2026-01-03T05:57:00,NODE_03,86.11,2.36,2.66,0.306,25.62,71.71,normal
2026-01-03T06:07:00,NODE_03,86.58,2.47,1.75,0.358,26.19,76.71,normal
2026-01-03T06:17:00,NODE_03,86.53,1.7,1.99,0.35,26.69,72.55,normal
2026-01-03T06:27:00,NODE_03,86.83,1.86,2.41,0.351,26.16,75.95,normal
2026-01-03T06:37:00,NODE_03,87.13,2.66,2.16,0.365,25.29,71.76,normal
2026-01-03T06:47:00,NODE_03,86.76,2.11,2.33,0.368,27.26,70.46,normal
2026-01-03T06:57:00,NODE_03,88.47,2.35,1.6,0.435,25.7,72.57,normal
2026-01-03T07:07:00,NODE_03,87.39,1.8,1.84,0.327,23.91,69.13,normal
2026-01-03T07:17:00,NODE_03,86.96,2.03,0.8,0.245,28.36,67.73,normal
2026-01-03T07:27:00,NODE_03,87.49,1.62,1.13,0.243,26.28,71.31,normal
2026-01-03T07:37:00,NODE_03,88.45,1.95,1.08,0.273,26.61,69.04,normal
2026-01-03T07:47:00,NODE_03,87.54,1.8,1.5,0.281,25.88,69.9,normal
2026-01-03T07:57:00,NODE_03,80.02,6.69,4.1,1.146,28.83,70.59,critical
2026-01-03T08:07:00,NODE_03,78.36,5.02,4.23,0.935,26.86,74.68,critical
2026-01-03T08:17:00,NODE_03,79.44,5.98,3.74,1.048,27.91,71.63,critical
2026-01-03T08:27:00,NODE_03,83.3,5.54,3.94,0.885,28.63,73.37,critical
2026-01-03T08:37:00,NODE_03,83.81,8.14,5.01,0.858,27.05,72.35,critical
2026-01-03T08:47:00,NODE_03,80.01,6.37,5.95,0.883,28.06,73.88,critical
2026-01-03T08:57:00,NODE_03,84.48,4.82,2.92,0.671,27.7,75.94,critical
2026-01-03T09:07:00,NODE_03,82.86,7.33,5.71,0.983,25.93,69.49,critical
2026-01-03T09:17:00,NODE_03,82.15,7.13,5.06,0.971,24.5,71.87,critical
2026-01-03T09:27:00,NODE_03,82.7,5.22,2.79,0.787,25.27,74.97,critical
2026-01-03T09:37:00,NODE_03,82.91,6.72,4.17,0.995,27.64,75.7,critical
2026-01-03T09:47:00,NODE_03,84.79,5.54,4.39,0.763,26.09,75.61,critical
2026-01-03T09:57:00,NODE_03,80.98,4.45,4.41,1.042,26.08,73.87,critical
2026-01-03T10:07:00,NODE_03,81.57,5.89,3.16,0.628,26.42,68.72,warning
2026-01-03T10:17:00,NODE_03,84.54,6.17,2.55,0.606,26.24,71.62,warning
2026-01-03T10:27:00,NODE_03,84.62,5.42,2.97,0.894,28.6,75.93,warning
2026-01-03T10:37:00,NODE_03,81.73,4.16,5.01,0.854,28.37,70.16,warning
2026-01-03T10:47:00,NODE_03,81.67,5.86,4.02,0.857,25.22,73.83,warning
2026-01-03T10:57:00,NODE_03,83.65,5.65,4.49,0.535,29.43,73.06,warning
2026-01-03T11:07:00,NODE_03,84.01,4.57,3.14,0.799,26.02,73.87,warning
2026-01-03T11:17:00,NODE_03,84.51,5.13,3.3,0.685,24.46,70.16,warning
2026-01-03T11:27:00,NODE_03,83.35,4.64,3.63,0.52,25.06,75.12,warning
2026-01-03T11:37:00,NODE_03,84.67,4.52,2.76,0.5,25.94,73.68,warning
2026-01-03T11:47:00,NODE_03,85.89,4.35,1.8,0.603,24.29,75.1,warning
2026-01-03T11:57:00,NODE_03,85.84,4.93,3.85,0.587,23.44,70.24,warning
2026-01-03T12:07:00,NODE_03,85.38,3.75,2.34,0.553,24.89,67.89,warning
2026-01-03T12:17:00,NODE_03,83.23,3.52,3.78,0.479,22.25,68.55,warning
2026-01-03T12:27:00,NODE_03,84.99,4.17,3.97,0.454,25.79,72.59,warning
2026-01-03T12:37:00,NODE_03,85.95,3.76,3.13,0.599,24.27,71.26,warning
2026-01-03T12:47:00,NODE_03,84.76,4.14,3.63,0.405,27.04,74.45,warning
2026-01-03T12:57:00,NODE_03,84.93,2.61,2.87,0.475,26.32,69.83,warning
2026-01-03T13:07:00,NODE_03,84.35,3.47,2.18,0.398,26.42,71.62,warning
2026-01-03T13:17:00,NODE_03,86.57,2.7,1.71,0.414,25.68,70.19,warning
2026-01-03T13:27:00,NODE_03,85.99,2.93,2.75,0.395,27.96,67.02,warning
2026-01-03T13:37:00,NODE_03,85.83,4.3,2.53,0.452,26.18,74.82,warning
2026-01-03T13:47:00,NODE_03,85.3,2.6,2.77,0.59,25.53,70.81,warning
2026-01-03T13:57:00,NODE_03,87.08,2.5,3.42,0.45,25.61,70.26,warning
2026-01-03T14:07:00,NODE_03,85.56,2.91,3.15,0.402,26.92,68.97,warning
2026-01-03T14:17:00,NODE_03,84.72,2.9,3.36,0.455,26.29,73.86,warning
2026-01-03T14:27:00,NODE_03,85.33,3.99,2.89,0.603,26.38,73.34,warning
2026-01-03T14:37:00,NODE_03,85.98,3.9,2.6,0.428,26.29,73.93,warning
2026-01-03T14:47:00,NODE_03,85.43,2.46,1.95,0.41,24.99,70.47,warning
2026-01-03T14:57:00,NODE_03,86.4,4.04,2.4,0.495,26.1,72.04,warning
2026-01-03T15:07:00,NODE_03,86.49,2.68,2.72,0.566,27.47,71.62,warning
2026-01-03T15:17:00,NODE_03,86.23,3.78,1.47,0.363,26.49,67.5,warning
2026-01-03T15:27:00,NODE_03,87.39,3.22,2.55,0.331,28.1,69.57,warning
2026-01-03T15:37:00,NODE_03,85.97,2.81,1.84,0.562,25.9,77.54,warning
2026-01-03T15:47:00,NODE_03,86.94,2.86,2.38,0.465,27.92,71.47,normal
2026-01-03T15:57:00,NODE_03,87.17,2.43,2.5,0.439,24.96,75.07,normal
2026-01-03T16:07:00,NODE_03,86.86,1.76,1.96,0.351,25.75,69.11,normal
2026-01-03T16:17:00,NODE_03,87.53,2.0,1.74,0.279,26.41,68.41,normal
2026-01-03T16:27:00,NODE_03,86.67,2.46,1.72,0.357,24.92,66.1,normal
2026-01-03T16:37:00,NODE_03,88.22,2.11,1.16,0.471,25.02,68.4,normal
2026-01-03T16:47:00,NODE_03,85.32,3.35,2.0,0.446,27.42,73.42,normal
2026-01-03T16:57:00,NODE_03,87.3,2.15,2.12,0.3,26.5,67.67,normal
2026-01-03T17:07:00,NODE_03,87.27,2.35,1.44,0.465,27.24,66.85,normal
2026-01-03T17:17:00,NODE_03,85.92,2.13,2.03,0.368,27.71,71.92,normal
2026-01-03T17:27:00,NODE_03,88.27,1.85,2.19,0.398,27.29,68.96,normal
2026-01-03T17:37:00,NODE_03,87.19,2.22,1.81,0.328,26.58,71.95,normal
2026-01-03T17:47:00,NODE_03,87.75,1.78,2.12,0.407,26.6,69.18,normal
2026-01-03T17:57:00,NODE_03,86.69,2.74,2.45,0.401,27.73,70.0,normal
2026-01-03T18:07:00,NODE_03,87.1,2.92,2.74,0.316,28.77,65.83,normal
2026-01-03T18:17:00,NODE_03,86.08,2.23,2.34,0.487,25.72,69.86,warning
2026-01-03T18:27:00,NODE_03,85.39,3.59,1.92,0.446,26.77,69.36,warning
2026-01-03T18:37:00,NODE_03,85.77,3.15,2.48,0.498,27.07,70.15,normal
2026-01-03T18:47:00,NODE_03,87.17,2.82,0.89,0.54,24.97,64.59,normal
2026-01-03T18:57:00,NODE_03,86.93,2.16,1.85,0.296,27.28,71.39,normal
2026-01-03T19:07:00,NODE_03,87.63,2.34,1.03,0.281,25.66,71.89,normal
2026-01-03T19:17:00,NODE_03,86.71,2.76,1.82,0.337,26.45,65.78,normal
2026-01-03T19:27:00,NODE_03,87.92,2.51,1.56,0.395,27.05,71.4,normal
2026-01-03T19:37:00,NODE_03,87.54,1.39,1.56,0.364,23.87,70.47,normal
2026-01-03T19:47:00,NODE_03,87.83,1.88,1.46,0.315,26.03,69.89,normal
2026-01-03T19:57:00,NODE_03,87.72,2.76,1.99,0.224,27.43,66.28,normal
2026-01-03T20:07:00,NODE_03,87.82,2.01,1.24,0.288,25.35,71.3,normal
2026-01-03T20:17:00,NODE_03,87.7,2.01,1.51,0.228,27.14,66.82,normal
2026-01-03T20:27:00,NODE_03,87.86,1.86,1.23,0.369,25.68,69.29,normal
2026-01-03T20:37:00,NODE_03,88.13,2.42,1.36,0.372,28.35,73.4,normal
2026-01-03T20:47:00,NODE_03,83.03,8.18,6.85,1.192,27.46,73.4,critical
2026-01-03T20:57:00,NODE_03,78.05,7.83,4.41,0.792,26.39,67.91,critical
2026-01-03T21:07:00,NODE_03,81.78,8.0,5.93,0.724,27.71,69.36,critical
2026-01-03T21:17:00,NODE_03,83.54,6.59,4.26,0.727,26.55,79.59,critical
2026-01-03T21:27:00,NODE_03,79.61,5.63,5.7,0.673,25.03,72.74,critical
2026-01-03T21:37:00,NODE_03,84.11,6.9,3.92,0.692,25.4,67.53,critical
2026-01-03T21:47:00,NODE_03,81.78,6.93,5.37,0.944,26.05,73.43,critical
2026-01-03T21:57:00,NODE_03,83.44,7.29,5.87,0.892,25.04,72.17,critical
2026-01-03T22:07:00,NODE_03,79.99,4.15,4.06,0.964,26.31,69.78,critical
2026-01-03T22:17:00,NODE_03,83.28,6.32,5.11,0.619,27.32,69.94,critical
2026-01-03T22:27:00,NODE_03,83.02,4.41,4.21,0.82,26.7,70.15,critical
2026-01-03T22:37:00,NODE_03,80.98,5.6,3.32,0.993,23.95,69.46,critical
2026-01-03T22:47:00,NODE_03,83.86,4.65,3.04,0.931,27.49,67.66,critical
2026-01-03T22:57:00,NODE_03,81.13,5.53,3.43,0.793,26.62,69.66,warning
2026-01-03T23:07:00,NODE_03,82.9,4.08,3.6,0.892,26.43,71.09,warning
2026-01-03T23:17:00,NODE_03,85.74,6.12,5.23,0.726,23.99,74.34,warning
2026-01-03T23:27:00,NODE_03,82.37,4.63,2.52,0.869,27.51,75.12,warning
2026-01-03T23:37:00,NODE_03,83.36,5.53,4.25,0.865,28.8,74.1,warning
2026-01-03T23:47:00,NODE_03,83.38,4.24,4.25,0.595,26.57,74.17,warning
2026-01-03T23:57:00,NODE_03,85.45,3.77,4.47,0.816,25.25,73.0,warning
2026-01-04T00:07:00,NODE_03,82.56,4.75,3.68,0.699,27.1,73.56,warning
2026-01-04T00:17:00,NODE_03,82.92,4.4,2.67,0.725,27.43,73.29,warning
2026-01-04T00:27:00,NODE_03,85.97,4.67,4.49,0.63,27.09,67.49,warning
2026-01-04T00:37:00,NODE_03,85.28,5.12,2.46,0.762,27.66,71.56,warning
2026-01-04T00:47:00,NODE_03,86.03,4.54,2.38,0.607,30.49,73.62,warning
2026-01-04T00:57:00,NODE_03,83.35,4.75,3.16,0.555,28.31,73.31,warning
2026-01-04T01:07:00,NODE_03,84.31,3.94,2.98,0.599,25.96,73.94,warning
2026-01-04T01:17:00,NODE_03,83.68,3.34,2.83,0.653,24.45,71.64,warning
2026-01-04T01:27:00,NODE_03,86.28,3.28,3.33,0.722,27.24,67.29,warning
2026-01-04T01:37:00,NODE_03,84.31,4.12,2.66,0.557,26.74,68.94,warning
2026-01-04T01:47:00,NODE_03,86.15,3.15,2.62,0.625,27.09,72.27,warning
2026-01-04T01:57:00,NODE_03,85.61,4.85,2.84,0.823,27.02,71.82,warning
2026-01-04T02:07:00,NODE_03,86.54,3.8,2.91,0.477,24.91,71.37,warning
2026-01-04T02:17:00,NODE_03,84.83,4.05,4.16,0.588,25.09,71.92,warning
2026-01-04T02:27:00,NODE_03,85.81,4.59,2.54,0.524,26.16,67.98,warning
2026-01-04T02:37:00,NODE_03,85.76,4.45,3.16,0.727,28.2,68.73,warning
2026-01-04T02:47:00,NODE_03,84.66,5.09,3.66,0.713,28.71,68.83,warning
2026-01-04T02:57:00,NODE_03,85.01,5.4,4.41,0.529,27.66,74.55,warning
2026-01-04T03:07:00,NODE_03,84.26,5.07,3.24,0.622,25.31,73.91,warning
2026-01-04T03:17:00,NODE_03,84.26,4.85,2.8,0.663,26.62,74.3,warning
2026-01-04T03:27:00,NODE_03,83.72,3.47,2.88,0.642,25.61,74.61,warning
2026-01-04T03:37:00,NODE_03,85.44,4.29,2.6,0.646,26.54,67.5,warning
2026-01-04T03:47:00,NODE_03,85.24,3.26,3.4,0.599,28.45,71.95,warning
2026-01-04T03:57:00,NODE_03,84.88,4.43,3.12,0.43,26.13,69.61,warning
2026-01-04T04:07:00,NODE_03,84.69,3.33,2.26,0.551,26.84,64.94,warning
2026-01-04T04:17:00,NODE_03,86.52,2.99,2.34,0.619,28.84,67.75,warning
2026-01-04T04:27:00,NODE_03,84.26,4.08,2.71,0.49,25.29,66.87,warning
2026-01-04T04:37:00,NODE_03,85.2,3.03,3.29,0.534,26.16,68.51,warning
2026-01-04T04:47:00,NODE_03,85.03,3.23,1.38,0.604,28.62,71.83,warning
2026-01-04T04:57:00,NODE_03,86.93,3.28,1.77,0.486,27.74,70.62,warning
2026-01-04T05:07:00,NODE_03,85.39,3.01,2.35,0.423,27.1,71.6,warning
2026-01-04T05:17:00,NODE_03,87.52,3.3,2.55,0.411,23.98,70.23,warning
2026-01-04T05:27:00,NODE_03,86.23,2.34,1.97,0.45,25.52,71.75,warning
2026-01-04T05:37:00,NODE_03,86.98,2.55,1.27,0.307,27.13,70.54,warning
2026-01-04T05:47:00,NODE_03,86.95,2.86,2.01,0.444,26.64,74.29,normal
2026-01-04T05:57:00,NODE_03,86.07,3.08,1.69,0.361,27.4,73.61,normal
2026-01-04T06:07:00,NODE_03,86.88,2.54,2.35,0.396,28.27,72.49,warning
2026-01-04T06:17:00,NODE_03,85.14,2.66,1.31,0.418,25.99,67.18,warning
2026-01-04T06:27:00,NODE_03,87.06,2.97,2.25,0.435,25.23,65.23,warning
2026-01-04T06:37:00,NODE_03,85.54,3.45,2.08,0.455,27.37,75.17,warning
2026-01-04T06:47:00,NODE_03,85.2,3.5,2.14,0.359,24.76,64.58,warning
2026-01-04T06:57:00,NODE_03,87.49,2.21,1.66,0.369,26.8,76.35,normal
2026-01-04T07:07:00,NODE_03,86.64,2.04,2.22,0.323,29.26,66.85,normal
2026-01-04T07:17:00,NODE_03,87.23,2.7,2.19,0.321,28.15,70.23,normal
2026-01-04T07:27:00,NODE_03,87.59,2.0,1.7,0.411,26.53,65.11,normal
2026-01-04T07:37:00,NODE_03,86.41,2.78,1.64,0.33,27.95,67.38,normal
2026-01-04T07:47:00,NODE_03,86.92,1.54,1.18,0.426,27.44,71.92,normal
2026-01-04T07:57:00,NODE_03,87.45,2.15,1.75,0.344,27.45,70.23,normal
2026-01-04T08:07:00,NODE_03,87.49,2.03,1.26,0.394,26.36,67.72,normal
2026-01-04T08:17:00,NODE_03,88.01,1.85,1.69,0.272,24.98,68.5,normal
2026-01-04T08:27:00,NODE_03,87.1,2.14,1.24,0.289,24.62,67.99,normal
2026-01-04T08:37:00,NODE_03,87.73,1.54,1.55,0.335,27.73,74.92,normal
2026-01-04T08:47:00,NODE_03,88.32,2.04,2.05,0.371,27.63,67.61,normal
2026-01-04T08:57:00,NODE_03,87.42,2.04,1.29,0.214,27.31,67.84,normal
2026-01-04T09:07:00,NODE_03,87.63,2.05,0.78,0.254,25.75,69.93,normal
2026-01-04T09:17:00,NODE_03,87.95,1.95,1.12,0.202,27.02,64.04,normal
2026-01-04T09:27:00,NODE_03,88.02,1.34,1.74,0.289,26.84,68.18,normal
2026-01-04T09:37:00,NODE_03,88.74,1.19,1.66,0.198,25.53,73.27,normal
2026-01-04T09:47:00,NODE_03,88.27,1.72,0.84,0.252,26.88,69.25,normal
2026-01-04T09:57:00,NODE_03,87.26,2.21,1.8,0.322,27.19,71.56,normal
2026-01-04T10:07:00,NODE_03,88.12,1.92,2.14,0.354,27.52,68.06,normal
2026-01-04T10:17:00,NODE_03,88.28,2.1,1.5,0.203,26.83,70.84,normal
2026-01-04T10:27:00,NODE_03,86.92,1.36,1.13,0.194,23.53,69.94,normal
2026-01-04T10:37:00,NODE_03,87.85,1.48,1.85,0.186,26.34,75.1,normal
2026-01-04T10:47:00,NODE_03,88.08,1.2,1.43,0.244,26.75,66.62,normal
2026-01-04T10:57:00,NODE_03,88.67,1.76,1.07,0.3,26.08,72.55,normal
2026-01-04T11:07:00,NODE_03,89.09,1.66,0.97,0.259,24.84,69.57,normal
2026-01-04T11:17:00,NODE_03,89.03,1.05,1.11,0.172,25.04,68.71,normal
2026-01-01T00:23:00,NODE_04,72.9,1.42,1.04,0.283,26.07,68.95,normal
2026-01-01T00:33:00,NODE_04,73.85,1.51,1.23,0.336,26.53,72.47,normal
2026-01-01T00:43:00,NODE_04,73.37,1.81,1.36,0.314,27.01,69.41,normal
2026-01-01T00:53:00,NODE_04,71.88,1.75,1.38,0.252,26.39,69.16,normal
2026-01-01T01:03:00,NODE_04,73.24,1.21,1.32,0.279,27.26,73.32,normal
2026-01-01T01:13:00,NODE_04,74.11,1.47,1.34,0.311,27.56,71.1,normal
2026-01-01T01:23:00,NODE_04,73.57,1.83,1.26,0.231,24.86,68.1,normal
2026-01-01T01:33:00,NODE_04,73.77,1.34,0.84,0.206,27.2,65.45,normal
2026-01-01T01:43:00,NODE_04,73.41,1.43,1.05,0.269,25.05,66.17,normal
2026-01-01T01:53:00,NODE_04,73.7,1.67,1.08,0.292,26.26,72.5,normal
2026-01-01T02:03:00,NODE_04,72.64,0.87,1.35,0.157,27.18,69.26,normal
2026-01-01T02:13:00,NODE_04,72.41,1.8,1.04,0.273,26.56,71.65,normal
2026-01-01T02:23:00,NODE_04,73.77,1.32,0.78,0.271,25.45,69.18,normal
2026-01-01T02:33:00,NODE_04,73.94,0.86,1.05,0.216,26.85,70.45,normal
2026-01-01T02:43:00,NODE_04,73.54,1.95,0.95,0.259,26.05,73.16,normal
2026-01-01T02:53:00,NODE_04,73.88,1.27,1.4,0.267,26.3,71.04,normal
2026-01-01T03:03:00,NODE_04,73.81,1.24,1.19,0.217,26.48,69.09,normal
2026-01-01T03:13:00,NODE_04,74.17,1.12,0.88,0.224,26.07,72.12,normal
2026-01-01T03:23:00,NODE_04,73.13,1.75,1.29,0.286,26.08,70.18,normal
2026-01-01T03:33:00,NODE_04,73.24,2.08,1.51,0.328,27.55,70.16,normal
2026-01-01T03:43:00,NODE_04,72.88,1.93,1.42,0.388,26.37,64.7,normal
2026-01-01T03:53:00,NODE_04,73.84,1.75,1.57,0.37,26.54,69.13,normal
2026-01-01T04:03:00,NODE_04,72.34,1.5,1.43,0.245,24.52,72.13,normal
2026-01-01T04:13:00,NODE_04,72.2,1.73,0.84,0.362,26.57,70.99,normal
2026-01-01T04:23:00,NODE_04,73.48,2.47,0.87,0.313,24.67,73.26,normal
2026-01-01T04:33:00,NODE_04,73.78,1.87,0.78,0.268,26.58,70.34,normal
2026-01-01T04:43:00,NODE_04,73.25,1.47,0.98,0.327,25.12,71.56,normal
2026-01-01T04:53:00,NODE_04,73.34,1.76,1.51,0.217,26.06,71.71,normal
2026-01-01T05:03:00,NODE_04,73.47,2.16,1.3,0.351,28.25,71.21,normal
2026-01-01T05:13:00,NODE_04,72.58,1.49,1.04,0.285,23.08,71.75,normal
2026-01-01T05:23:00,NODE_04,72.95,2.12,0.8,0.312,25.16,67.26,normal
2026-01-01T05:33:00,NODE_04,73.0,2.02,1.23,0.27,25.88,71.5,normal
2026-01-01T05:43:00,NODE_04,72.94,2.34,1.64,0.279,26.62,67.78,normal
2026-01-01T05:53:00,NODE_04,73.64,2.42,1.66,0.329,27.32,68.74,normal
2026-01-01T06:03:00,NODE_04,73.26,2.25,1.56,0.231,28.94,75.09,normal
2026-01-01T06:13:00,NODE_04,72.36,1.83,0.9,0.299,26.83,64.94,normal
2026-01-01T06:23:00,NODE_04,72.84,1.88,0.88,0.251,28.01,70.36,normal
2026-01-01T06:33:00,NODE_04,73.38,2.29,2.19,0.357,23.91,68.12,normal
2026-01-01T06:43:00,NODE_04,72.76,1.75,1.47,0.327,27.28,64.57,normal
2026-01-01T06:53:00,NODE_04,71.7,2.03,1.81,0.279,26.03,72.07,normal
2026-01-01T07:03:00,NODE_04,73.13,1.78,1.97,0.276,28.48,65.02,normal
2026-01-01T07:13:00,NODE_04,72.63,1.92,1.29,0.418,27.32,66.58,normal
2026-01-01T07:23:00,NODE_04,72.86,1.46,2.0,0.29,26.42,69.79,normal
2026-01-01T07:33:00,NODE_04,72.16,1.41,2.04,0.259,25.58,74.05,normal
2026-01-01T07:43:00,NODE_04,73.25,1.88,1.34,0.21,26.86,70.82,normal
2026-01-01T07:53:00,NODE_04,73.47,2.23,1.7,0.307,25.54,65.74,normal
2026-01-01T08:03:00,NODE_04,72.65,1.82,1.25,0.341,27.51,65.8,normal
2026-01-01T08:13:00,NODE_04,73.12,2.03,1.53,0.344,25.64,66.37,normal
2026-01-01T08:23:00,NODE_04,73.71,1.99,1.5,0.297,24.91,72.22,normal
2026-01-01T08:33:00,NODE_04,72.3,1.78,1.37,0.289,27.44,74.06,normal
2026-01-01T08:43:00,NODE_04,74.27,1.53,1.11,0.273,27.19,69.54,normal
2026-01-01T08:53:00,NODE_04,73.47,2.39,1.76,0.224,26.4,72.8,normal
2026-01-01T09:03:00,NODE_04,73.4,1.75,1.49,0.225,26.92,68.5,normal
2026-01-01T09:13:00,NODE_04,73.02,2.01,0.91,0.253,27.07,69.59,normal
2026-01-01T09:23:00,NODE_04,72.1,2.01,1.96,0.346,24.12,67.22,normal
2026-01-01T09:33:00,NODE_04,72.45,2.18,1.33,0.329,26.38,69.27,normal
2026-01-01T09:43:00,NODE_04,72.32,2.61,1.36,0.262,25.93,71.51,normal
2026-01-01T09:53:00,NODE_04,71.78,1.88,1.24,0.318,25.02,69.79,normal
2026-01-01T10:03:00,NODE_04,71.36,2.54,1.21,0.302,25.72,66.83,normal
2026-01-01T10:13:00,NODE_04,71.92,1.46,2.0,0.317,24.89,72.25,normal
2026-01-01T10:23:00,NODE_04,73.24,1.7,1.15,0.314,26.61,72.57,normal
2026-01-01T10:33:00,NODE_04,73.57,1.92,2.01,0.35,25.01,68.08,normal
2026-01-01T10:43:00,NODE_04,72.22,1.74,1.42,0.365,22.63,72.65,normal
2026-01-01T10:53:00,NODE_04,72.92,2.37,1.82,0.396,25.74,71.16,normal
2026-01-01T11:03:00,NODE_04,72.43,1.91,1.58,0.418,24.79,73.82,normal
2026-01-01T11:13:00,NODE_04,73.75,1.6,1.51,0.231,25.61,68.73,normal
2026-01-01T11:23:00,NODE_04,72.96,1.51,1.28,0.271,26.37,70.84,normal
2026-01-01T11:33:00,NODE_04,73.62,1.3,1.44,0.224,26.88,62.75,normal
2026-01-01T11:43:00,NODE_04,72.45,1.95,1.42,0.26,26.2,74.89,normal
2026-01-01T11:53:00,NODE_04,72.94,2.22,2.17,0.219,27.04,72.56,normal
2026-01-01T12:03:00,NODE_04,72.96,2.04,1.15,0.27,26.93,71.2,normal
2026-01-01T12:13:00,NODE_04,72.93,1.85,1.55,0.276,24.45,71.01,normal
2026-01-01T12:23:00,NODE_04,72.61,2.5,1.75,0.316,25.84,62.72,normal
2026-01-01T12:33:00,NODE_04,72.4,2.66,1.42,0.367,25.81,68.7,normal
2026-01-01T12:43:00,NODE_04,73.11,2.21,1.61,0.319,26.06,74.05,normal
2026-01-01T12:53:00,NODE_04,72.21,2.52,1.3,0.362,27.25,72.9,normal
2026-01-01T13:03:00,NODE_04,71.78,1.88,1.17,0.287,26.21,71.32,normal
2026-01-01T13:13:00,NODE_04,73.29,2.26,1.59,0.316,26.31,72.65,normal
2026-01-01T13:23:00,NODE_04,73.24,1.66,1.16,0.266,26.93,71.57,normal
2026-01-01T13:33:00,NODE_04,74.27,2.01,2.02,0.291,26.54,68.12,normal
2026-01-01T13:43:00,NODE_04,73.36,1.31,0.94,0.246,26.51,73.75,normal
2026-01-01T13:53:00,NODE_04,73.73,1.62,1.19,0.215,26.67,66.14,normal
2026-01-01T14:03:00,NODE_04,73.71,1.49,0.75,0.185,27.93,75.82,normal
2026-01-01T14:13:00,NODE_04,74.03,1.45,1.49,0.293,27.04,68.15,normal
2026-01-01T14:23:00,NODE_04,72.44,1.54,0.75,0.21,26.91,70.06,normal
2026-01-01T14:33:00,NODE_04,72.44,1.27,0.76,0.251,26.46,63.39,normal
2026-01-01T14:43:00,NODE_04,73.2,1.62,1.15,0.175,26.35,71.55,normal
2026-01-01T14:53:00,NODE_04,73.55,1.12,1.19,0.256,26.25,72.74,normal
2026-01-01T15:03:00,NODE_04,73.2,1.9,1.67,0.3,27.93,67.18,normal
2026-01-01T15:13:00,NODE_04,73.21,1.68,0.81,0.285,25.3,,normal
2026-01-01T15:23:00,NODE_04,72.41,1.49,1.32,0.291,26.57,69.22,normal
2026-01-01T15:33:00,NODE_04,73.21,1.63,1.03,0.274,27.74,78.55,normal
2026-01-01T15:43:00,NODE_04,72.63,1.95,1.69,0.191,25.11,66.34,normal
2026-01-01T15:53:00,NODE_04,73.23,1.72,0.93,0.313,26.49,72.42,normal
2026-01-01T16:03:00,NODE_04,73.72,0.84,0.73,0.173,24.33,70.59,normal
2026-01-01T16:13:00,NODE_04,74.16,1.69,1.1,0.171,24.96,66.88,normal
2026-01-01T16:23:00,NODE_04,74.11,1.41,0.57,0.249,27.83,70.32,normal
2026-01-01T16:33:00,NODE_04,74.34,1.28,0.9,0.167,26.38,68.3,normal
2026-01-01T16:43:00,NODE_04,73.83,1.16,0.28,0.233,25.88,71.74,normal
2026-01-01T16:53:00,NODE_04,74.62,0.73,0.48,0.184,26.18,74.01,normal
2026-01-01T17:03:00,NODE_04,73.74,1.42,1.03,0.205,24.94,74.33,normal
2026-01-01T17:13:00,NODE_04,74.65,1.42,0.72,0.239,24.52,66.32,normal
2026-01-01T17:23:00,NODE_04,73.62,1.42,1.23,0.13,24.64,72.23,normal
2026-01-01T17:33:00,NODE_04,73.25,1.37,0.81,0.205,25.94,72.72,normal
2026-01-01T17:43:00,NODE_04,73.26,1.06,0.97,0.229,25.03,69.41,normal
2026-01-01T17:53:00,NODE_04,74.1,1.66,1.25,0.223,23.66,66.45,normal
2026-01-01T18:03:00,NODE_04,73.76,1.5,1.01,0.245,24.89,72.04,normal
2026-01-01T18:13:00,NODE_04,73.74,1.51,0.76,0.252,27.35,71.59,normal
2026-01-01T18:23:00,NODE_04,73.78,1.29,1.21,0.337,26.12,73.89,normal
2026-01-01T18:33:00,NODE_04,73.61,2.07,1.06,0.221,27.02,70.67,normal
2026-01-01T18:43:00,NODE_04,73.61,1.42,1.81,0.211,26.66,73.61,normal
2026-01-01T18:53:00,NODE_04,74.45,2.16,1.37,0.287,25.16,71.13,normal
2026-01-01T19:03:00,NODE_04,72.44,1.76,1.64,0.393,27.19,71.69,normal
2026-01-01T19:13:00,NODE_04,73.18,1.52,0.67,0.26,25.69,73.12,normal
2026-01-01T19:23:00,NODE_04,74.35,1.85,1.12,0.258,27.16,63.49,normal
2026-01-01T19:33:00,NODE_04,72.91,1.2,1.42,0.252,28.85,70.51,normal
2026-01-01T19:43:00,NODE_04,74.4,1.4,0.99,0.24,26.85,68.57,normal
2026-01-01T19:53:00,NODE_04,74.03,1.68,1.18,0.273,25.76,71.95,normal
2026-01-01T20:03:00,NODE_04,74.1,0.97,1.04,0.218,25.91,67.31,normal
2026-01-01T20:13:00,NODE_04,74.44,1.43,0.94,0.262,27.32,74.05,normal
2026-01-01T20:23:00,NODE_04,74.08,1.71,1.33,0.176,26.47,72.48,normal
2026-01-01T20:33:00,NODE_04,74.26,1.92,1.02,0.336,25.17,68.88,normal
2026-01-01T20:43:00,NODE_04,74.22,1.37,1.19,0.199,27.68,68.33,normal
2026-01-01T20:53:00,NODE_04,73.25,0.92,0.84,0.166,25.8,72.14,normal
2026-01-01T21:03:00,NODE_04,73.49,1.36,1.34,0.229,26.08,65.73,normal
2026-01-01T21:13:00,NODE_04,73.53,1.23,0.37,0.187,27.06,73.81,normal
2026-01-01T21:23:00,NODE_04,74.35,1.23,1.2,0.149,26.61,72.37,normal
2026-01-01T21:33:00,NODE_04,74.52,0.94,0.49,0.138,25.81,70.7,normal
2026-01-01T21:43:00,NODE_04,74.67,0.25,0.4,0.108,27.68,67.78,normal
2026-01-01T21:53:00,NODE_04,74.88,1.06,0.65,0.172,25.84,69.45,normal
2026-01-01T22:03:00,NODE_04,73.81,0.98,0.88,0.144,23.65,68.73,normal
2026-01-01T22:13:00,NODE_04,73.97,1.04,0.52,0.203,26.64,70.3,normal
2026-01-01T22:23:00,NODE_04,74.21,0.73,0.13,0.146,24.66,72.47,normal
2026-01-01T22:33:00,NODE_04,74.71,1.26,0.25,0.128,24.65,75.8,normal
2026-01-01T22:43:00,NODE_04,74.42,0.4,0.64,0.221,26.59,69.65,normal
2026-01-01T22:53:00,NODE_04,74.51,0.67,0.39,0.14,24.67,73.69,normal
2026-01-01T23:03:00,NODE_04,75.26,0.94,0.54,0.1,27.46,71.71,normal
2026-01-01T23:13:00,NODE_04,74.17,0.97,0.56,0.199,27.58,67.59,normal
2026-01-01T23:23:00,NODE_04,74.49,0.52,0.4,0.097,25.98,67.74,normal
2026-01-01T23:33:00,NODE_04,74.78,1.17,0.48,0.253,26.1,69.13,normal
2026-01-01T23:43:00,NODE_04,74.53,1.15,1.02,0.136,26.28,71.38,normal
2026-01-01T23:53:00,NODE_04,74.21,1.31,1.34,0.231,25.1,74.44,normal
2026-01-02T00:03:00,NODE_04,74.07,1.05,0.83,0.298,26.56,75.41,normal
2026-01-02T00:13:00,NODE_04,74.09,1.11,0.93,0.164,26.79,72.19,normal
2026-01-02T00:23:00,NODE_04,74.12,1.28,1.03,0.169,26.07,66.43,normal
2026-01-02T00:33:00,NODE_04,74.13,1.28,0.74,0.183,27.65,72.02,normal
2026-01-02T00:43:00,NODE_04,74.23,0.92,1.35,0.22,25.88,70.75,normal
2026-01-02T00:53:00,NODE_04,73.73,0.66,1.19,0.171,25.99,70.69,normal
2026-01-02T01:03:00,NODE_04,74.22,1.81,1.05,0.223,25.85,72.19,normal
2026-01-02T01:13:00,NODE_04,73.96,1.24,1.27,0.188,26.43,69.85,normal
2026-01-02T01:23:00,NODE_04,74.33,1.95,1.21,0.26,27.51,70.19,normal
2026-01-02T01:33:00,NODE_04,73.94,1.77,1.01,0.17,25.39,71.01,normal
2026-01-02T01:43:00,NODE_04,72.58,2.19,1.96,0.239,27.05,68.59,normal
2026-01-02T01:53:00,NODE_04,72.57,0.82,1.28,0.275,27.61,69.88,normal
2026-01-02T02:03:00,NODE_04,73.83,1.39,1.01,0.289,26.5,70.45,normal
2026-01-02T02:13:00,NODE_04,73.95,1.2,0.87,0.277,25.45,76.39,normal
2026-01-02T02:23:00,NODE_04,73.63,1.5,0.81,0.236,25.87,71.88,normal
2026-01-02T02:33:00,NODE_04,72.86,1.54,1.33,0.235,27.62,76.68,normal
2026-01-02T02:43:00,NODE_04,73.33,0.94,1.32,0.245,26.24,72.87,normal
2026-01-02T02:53:00,NODE_04,72.66,2.09,0.92,0.213,26.29,70.6,normal
2026-01-02T03:03:00,NODE_04,73.4,1.85,1.35,0.31,26.15,67.58,normal
2026-01-02T03:13:00,NODE_04,73.88,1.73,1.42,0.22,26.93,68.6,normal
2026-01-02T03:23:00,NODE_04,74.21,1.25,1.04,0.347,26.66,73.08,normal
2026-01-02T03:33:00,NODE_04,72.67,1.46,1.34,0.344,23.46,73.89,normal
2026-01-02T03:43:00,NODE_04,73.88,1.0,0.76,0.219,24.99,76.94,normal
2026-01-02T03:53:00,NODE_04,73.9,1.56,0.62,0.227,28.1,68.14,normal
2026-01-02T04:03:00,NODE_04,74.31,1.31,1.56,0.193,25.46,68.63,normal
2026-01-02T04:13:00,NODE_04,74.25,1.05,0.6,0.199,28.77,75.89,normal
2026-01-02T04:23:00,NODE_04,73.4,1.2,1.32,0.276,26.08,71.58,normal
2026-01-02T04:33:00,NODE_04,73.61,1.61,0.99,0.166,26.43,72.14,normal
2026-01-02T04:43:00,NODE_04,74.32,1.25,0.71,0.201,25.99,74.27,normal
2026-01-02T04:53:00,NODE_04,74.3,0.98,0.6,0.175,26.59,72.64,normal
2026-01-02T05:03:00,NODE_04,74.34,0.74,0.96,0.177,26.22,72.84,normal
2026-01-02T05:13:00,NODE_04,74.57,1.55,0.76,0.099,27.54,69.6,normal
2026-01-02T05:23:00,NODE_04,74.64,0.52,0.14,0.144,26.23,70.18,normal
2026-01-02T05:33:00,NODE_04,74.9,1.22,0.83,0.162,27.71,69.48,normal
2026-01-02T05:43:00,NODE_04,74.62,0.95,0.37,0.132,26.35,67.52,normal
2026-01-02T05:53:00,NODE_04,75.1,0.69,0.31,0.143,25.44,69.73,normal
2026-01-02T06:03:00,NODE_04,74.63,0.64,0.35,0.154,27.62,68.08,normal
2026-01-02T06:13:00,NODE_04,74.58,0.51,0.74,0.113,27.41,71.04,normal
2026-01-02T06:23:00,NODE_04,74.38,0.93,0.35,0.102,25.09,75.09,normal
2026-01-02T06:33:00,NODE_04,75.61,0.38,0.03,0.122,27.85,66.2,normal
2026-01-02T06:43:00,NODE_04,74.94,0.64,0.87,0.161,25.68,67.45,normal
2026-01-02T06:53:00,NODE_04,73.99,1.3,0.87,0.162,28.0,72.7,normal
2026-01-02T07:03:00,NODE_04,74.02,0.92,0.64,0.203,25.76,71.9,normal
2026-01-02T07:13:00,NODE_04,74.25,1.03,1.01,0.225,24.18,71.38,normal
2026-01-02T07:23:00,NODE_04,74.16,1.67,0.53,0.28,23.71,69.56,normal
2026-01-02T07:33:00,NODE_04,73.92,0.87,1.42,0.191,25.53,70.17,normal
2026-01-02T07:43:00,NODE_04,74.15,1.55,1.11,0.213,25.51,70.48,normal
2026-01-02T07:53:00,NODE_04,73.64,1.54,0.66,0.199,27.39,69.6,normal
2026-01-02T08:03:00,NODE_04,73.51,1.9,1.12,0.202,23.75,70.23,normal
2026-01-02T08:13:00,NODE_04,74.37,0.98,1.16,0.29,28.16,69.72,normal
2026-01-02T08:23:00,NODE_04,73.93,0.65,1.45,0.191,26.44,69.72,normal
2026-01-02T08:33:00,NODE_04,73.12,1.76,0.76,0.234,25.21,69.39,normal
2026-01-02T08:43:00,NODE_04,74.04,1.5,1.0,0.271,27.13,68.44,normal
2026-01-02T08:53:00,NODE_04,73.49,1.74,0.54,0.265,25.55,72.79,normal
2026-01-02T09:03:00,NODE_04,73.7,1.46,1.62,0.255,26.22,67.86,normal
2026-01-02T09:13:00,NODE_04,73.5,2.02,1.42,0.227,26.94,66.02,normal
2026-01-02T09:23:00,NODE_04,72.92,1.27,0.74,0.299,29.4,74.3,normal
2026-01-02T09:33:00,NODE_04,72.58,1.49,1.4,0.229,27.12,66.2,normal
2026-01-02T09:43:00,NODE_04,72.81,1.92,1.58,0.288,29.62,74.75,normal
2026-01-02T09:53:00,NODE_04,72.37,1.78,1.37,0.284,25.8,70.36,normal
2026-01-02T10:03:00,NODE_04,73.81,1.18,1.46,0.281,24.35,71.29,normal
2026-01-02T10:13:00,NODE_04,73.58,2.05,0.93,0.206,25.49,73.14,normal
2026-01-02T10:23:00,NODE_04,72.88,1.51,1.75,0.252,25.86,69.54,normal
2026-01-02T10:33:00,NODE_04,73.66,1.98,1.21,0.273,26.9,70.63,normal
2026-01-02T10:43:00,NODE_04,73.61,2.04,1.3,0.369,26.12,79.18,normal
2026-01-02T10:53:00,NODE_04,73.58,2.05,1.31,0.362,23.08,67.63,normal
2026-01-02T11:03:00,NODE_04,73.06,1.87,1.4,0.295,28.21,70.59,normal
2026-01-02T11:13:00,NODE_04,73.19,2.29,1.23,0.395,26.12,67.54,normal
2026-01-02T11:23:00,NODE_04,72.48,2.59,1.08,0.266,27.94,76.13,normal
2026-01-02T11:33:00,NODE_04,73.47,1.96,1.43,0.275,27.56,70.99,normal
2026-01-02T11:43:00,NODE_04,73.1,2.19,1.94,0.428,25.78,71.11,normal
2026-01-02T11:53:00,NODE_04,72.49,1.61,2.08,0.272,27.59,68.13,normal
2026-01-02T12:03:00,NODE_04,72.64,1.4,1.94,0.253,28.13,71.18,normal
2026-01-02T12:13:00,NODE_04,73.24,2.14,1.5,0.212,25.58,73.66,normal
2026-01-02T12:23:00,NODE_04,73.45,1.38,0.94,0.265,25.29,73.47,normal
2026-01-02T12:33:00,NODE_04,74.01,1.45,1.31,0.256,27.85,74.54,normal
2026-01-02T12:43:00,NODE_04,73.56,2.08,1.48,0.367,27.99,71.21,normal
2026-01-02T12:53:00,NODE_04,73.76,1.09,0.91,0.198,24.89,70.8,normal
2026-01-02T13:03:00,NODE_04,73.19,1.31,0.72,0.254,26.02,72.41,normal
2026-01-02T13:13:00,NODE_04,72.86,1.25,1.13,0.248,25.23,70.39,normal
2026-01-02T13:23:00,NODE_04,72.46,1.78,1.66,0.246,27.02,72.68,normal
2026-01-02T13:33:00,NODE_04,72.8,1.21,0.96,0.282,26.58,68.81,normal
2026-01-02T13:43:00,NODE_04,73.04,1.88,1.85,0.264,26.87,70.76,normal
2026-01-02T13:53:00,NODE_04,73.37,1.95,1.41,0.262,25.46,71.99,normal
2026-01-02T14:03:00,NODE_04,73.67,1.62,1.64,0.407,28.44,70.28,normal
2026-01-02T14:13:00,NODE_04,73.09,2.25,1.73,0.265,25.89,65.43,normal
2026-01-02T14:23:00,NODE_04,73.45,2.88,2.15,0.388,24.91,71.76,normal
2026-01-02T14:33:00,NODE_04,72.69,1.65,1.23,0.285,25.89,64.56,normal
2026-01-02T14:43:00,NODE_04,68.35,7.25,3.78,1.136,26.52,75.98,critical
2026-01-02T14:53:00,NODE_04,67.57,4.93,4.29,1.167,27.02,73.77,critical
2026-01-02T15:03:00,NODE_04,66.05,5.66,5.58,1.161,25.16,76.15,critical
2026-01-02T15:13:00,NODE_04,65.56,5.99,5.06,0.757,27.76,75.14,critical
2026-01-02T15:23:00,NODE_04,68.6,6.08,5.37,1.055,28.16,72.47,critical
2026-01-02T15:33:00,NODE_04,65.85,6.78,3.78,0.883,26.02,74.1,critical
2026-01-02T15:43:00,NODE_04,68.48,4.33,3.62,0.723,24.55,77.36,critical
2026-01-02T15:53:00,NODE_04,66.21,4.45,4.1,0.844,26.34,72.34,critical
2026-01-02T16:03:00,NODE_04,65.83,5.57,3.11,0.759,23.91,74.41,critical
2026-01-02T16:13:00,NODE_04,67.04,5.8,3.06,0.543,27.76,69.81,warning
2026-01-02T16:23:00,NODE_04,67.2,4.26,4.74,0.825,26.63,71.12,warning
2026-01-02T16:33:00,NODE_04,68.87,6.12,3.67,0.533,23.71,73.24,warning
2026-01-02T16:43:00,NODE_04,68.87,4.7,5.11,0.848,26.46,77.19,warning
2026-01-02T16:53:00,NODE_04,68.11,5.27,2.6,0.907,26.19,71.87,warning
2026-01-02T17:03:00,NODE_04,67.8,5.32,4.36,0.71,24.64,70.67,warning
2026-01-02T17:13:00,NODE_04,70.83,4.03,2.66,0.803,26.58,76.49,warning
2026-01-02T17:23:00,NODE_04,69.66,3.98,3.12,0.72,25.59,76.66,warning
2026-01-02T17:33:00,NODE_04,68.3,3.56,3.43,0.693,26.07,69.33,warning
2026-01-02T17:43:00,NODE_04,69.51,4.24,2.42,0.561,25.41,71.25,warning
2026-01-02T17:53:00,NODE_04,68.93,4.1,3.7,0.654,26.13,72.36,warning
2026-01-02T18:03:00,NODE_04,71.2,2.94,3.94,0.51,26.78,70.14,warning
2026-01-02T18:13:00,NODE_04,69.59,3.67,2.41,0.668,27.39,77.82,warning
2026-01-02T18:23:00,NODE_04,71.39,3.03,1.89,0.698,27.18,75.78,warning
2026-01-02T18:33:00,NODE_04,70.78,4.3,2.66,0.424,27.51,68.58,warning
2026-01-02T18:43:00,NODE_04,70.11,3.92,3.31,0.389,28.33,74.63,warning
2026-01-02T18:53:00,NODE_04,69.57,3.1,2.44,0.389,23.67,66.59,warning
2026-01-02T19:03:00,NODE_04,69.22,3.67,2.33,0.485,29.38,71.9,warning
2026-01-02T19:13:00,NODE_04,70.59,2.98,2.27,0.524,24.78,73.62,warning
2026-01-02T19:23:00,NODE_04,70.28,3.35,2.46,0.49,27.99,71.21,warning
2026-01-02T19:33:00,NODE_04,72.04,3.04,1.94,0.379,27.92,62.87,warning
2026-01-02T19:43:00,NODE_04,72.2,3.11,1.56,0.396,26.41,70.04,warning
2026-01-02T19:53:00,NODE_04,72.13,2.24,1.62,0.443,26.66,64.84,warning
2026-01-02T20:03:00,NODE_04,71.19,3.47,1.65,0.471,26.05,65.13,warning
2026-01-02T20:13:00,NODE_04,72.7,2.48,1.14,0.397,26.26,68.52,warning
2026-01-02T20:23:00,NODE_04,71.85,2.0,1.78,0.534,25.78,71.45,warning
2026-01-02T20:33:00,NODE_04,70.16,2.89,2.55,0.498,28.01,70.43,warning
2026-01-02T20:43:00,NODE_04,72.65,2.97,2.18,0.347,27.36,72.39,warning
2026-01-02T20:53:00,NODE_04,70.81,3.06,1.49,0.439,25.23,66.76,warning
2026-01-02T21:03:00,NODE_04,71.36,2.64,1.95,0.506,26.8,73.05,warning
2026-01-02T21:13:00,NODE_04,71.42,3.01,2.1,0.395,24.85,73.6,warning
2026-01-02T21:23:00,NODE_04,71.52,2.08,1.75,0.341,26.39,68.54,warning
2026-01-02T21:33:00,NODE_04,72.49,2.15,2.41,0.294,26.17,70.99,normal
2026-01-02T21:43:00,NODE_04,67.95,5.68,6.98,1.227,26.76,74.9,critical
2026-01-02T21:53:00,NODE_04,65.37,5.91,6.92,1.233,26.5,72.2,critical
2026-01-02T22:03:00,NODE_04,66.04,8.85,5.17,0.977,26.68,77.32,critical
2026-01-02T22:13:00,NODE_04,62.96,5.87,5.33,0.835,26.96,67.79,critical
2026-01-02T22:23:00,NODE_04,65.26,7.87,6.2,1.12,28.17,71.08,critical
2026-01-02T22:33:00,NODE_04,65.54,6.4,5.2,0.847,27.17,72.87,critical
2026-01-02T22:43:00,NODE_04,67.19,7.65,4.76,1.071,27.21,76.45,critical
2026-01-02T22:53:00,NODE_04,66.08,6.97,5.22,1.194,27.26,66.72,critical
2026-01-02T23:03:00,NODE_04,66.27,5.75,2.9,0.893,26.88,74.21,critical
2026-01-02T23:13:00,NODE_04,64.11,5.64,5.73,0.797,25.88,80.15,critical
2026-01-02T23:23:00,NODE_04,69.6,4.94,5.58,0.623,27.84,65.59,critical
2026-01-02T23:33:00,NODE_04,66.56,4.6,4.44,0.902,27.88,71.5,critical
2026-01-02T23:43:00,NODE_04,69.86,5.62,5.09,0.972,27.85,70.36,critical
2026-01-02T23:53:00,NODE_04,68.23,3.78,2.95,0.947,26.79,70.02,critical
2026-01-03T00:03:00,NODE_04,68.97,5.23,4.65,0.932,27.21,69.23,critical
2026-01-03T00:13:00,NODE_04,69.63,4.29,3.07,0.681,25.18,67.37,warning
2026-01-03T00:23:00,NODE_04,67.44,4.82,4.81,0.541,27.36,71.21,warning
2026-01-03T00:33:00,NODE_04,67.71,5.59,3.33,0.803,28.31,68.67,warning
2026-01-03T00:43:00,NODE_04,67.19,5.5,3.61,0.763,27.14,70.7,warning
2026-01-03T00:53:00,NODE_04,69.26,4.08,3.04,0.498,25.45,69.15,warning
2026-01-03T01:03:00,NODE_04,70.92,2.99,3.6,0.776,25.5,70.44,warning
2026-01-03T01:13:00,NODE_04,69.64,3.55,3.52,0.726,25.42,68.73,warning
2026-01-03T01:23:00,NODE_04,69.03,2.87,3.08,0.524,26.05,70.05,warning
2026-01-03T01:33:00,NODE_04,71.24,3.82,2.38,0.532,25.61,66.5,warning
2026-01-03T01:43:00,NODE_04,70.98,3.47,4.06,0.553,26.54,70.75,warning
2026-01-03T01:53:00,NODE_04,68.63,3.5,2.2,0.695,25.41,66.21,warning
2026-01-03T02:03:00,NODE_04,71.17,2.89,2.4,0.584,24.61,70.23,warning
2026-01-03T02:13:00,NODE_04,71.39,4.19,3.08,0.458,27.18,73.72,warning
2026-01-03T02:23:00,NODE_04,71.77,4.05,1.88,0.416,26.37,70.78,warning
2026-01-03T02:33:00,NODE_04,71.16,3.04,3.11,0.428,28.36,78.1,warning
2026-01-03T02:43:00,NODE_04,71.94,3.47,2.2,0.553,27.09,73.59,warning
2026-01-03T02:53:00,NODE_04,70.41,2.73,2.81,0.425,24.86,74.59,warning
2026-01-03T03:03:00,NODE_04,69.51,2.75,2.34,0.538,26.71,70.16,warning
2026-01-03T03:13:00,NODE_04,70.92,3.43,3.03,0.535,28.44,70.55,warning
2026-01-03T03:23:00,NODE_04,69.97,2.41,1.36,0.401,23.78,71.2,warning
2026-01-03T03:33:00,NODE_04,72.07,2.91,3.03,0.51,25.11,69.92,warning
2026-01-03T03:43:00,NODE_04,71.92,2.95,1.93,0.465,27.28,71.04,warning
2026-01-03T03:53:00,NODE_04,72.83,3.05,2.95,0.359,27.23,72.22,warning
2026-01-03T04:03:00,NODE_04,72.17,3.61,2.34,0.623,28.45,69.07,warning
2026-01-03T04:13:00,NODE_04,72.37,2.33,1.79,0.487,24.69,73.49,warning
2026-01-03T04:23:00,NODE_04,72.37,4.09,3.1,0.473,25.99,68.14,warning
2026-01-03T04:33:00,NODE_04,71.78,2.06,2.71,0.424,26.57,74.4,warning
2026-01-03T04:43:00,NODE_04,71.69,3.67,2.08,0.529,26.93,67.23,warning
2026-01-03T04:53:00,NODE_04,70.49,2.71,2.89,0.41,28.36,75.2,warning
2026-01-03T05:03:00,NODE_04,70.59,2.65,1.58,0.385,25.12,73.3,warning
2026-01-03T05:13:00,NODE_04,72.63,2.54,2.18,0.505,25.23,70.79,warning
2026-01-03T05:23:00,NODE_04,72.7,2.98,1.36,0.39,25.58,75.86,warning
2026-01-03T05:33:00,NODE_04,70.53,2.16,2.31,0.377,26.75,71.74,normal
2026-01-03T05:43:00,NODE_04,72.15,2.98,2.44,0.449,28.68,73.02,normal
2026-01-03T05:53:00,NODE_04,71.84,1.88,2.13,0.383,25.79,73.99,normal
2026-01-03T06:03:00,NODE_04,72.5,1.91,2.51,0.459,27.07,72.41,normal
2026-01-03T06:13:00,NODE_04,73.06,2.29,1.47,0.292,23.58,69.4,normal
2026-01-03T06:23:00,NODE_04,71.37,1.9,1.56,0.32,27.75,69.12,normal
2026-01-03T06:33:00,NODE_04,73.36,2.26,1.68,0.31,24.33,71.19,normal
2026-01-03T06:43:00,NODE_04,71.05,2.62,1.84,0.403,25.43,67.7,normal
2026-01-03T06:53:00,NODE_04,72.39,2.75,1.71,0.324,25.71,68.43,normal
2026-01-03T07:03:00,NODE_04,73.03,2.23,1.61,0.381,28.15,71.31,normal
2026-01-03T07:13:00,NODE_04,73.08,2.39,1.9,0.394,26.34,75.32,normal
2026-01-03T07:23:00,NODE_04,73.03,2.51,1.57,0.365,24.21,71.0,normal
2026-01-03T07:33:00,NODE_04,73.5,2.54,1.95,0.298,25.68,74.13,normal
2026-01-03T07:43:00,NODE_04,72.42,2.15,2.07,0.259,26.04,76.88,normal
2026-01-03T07:53:00,NODE_04,73.94,1.8,1.29,0.21,26.78,77.93,normal
2026-01-03T08:03:00,NODE_04,73.2,2.21,1.68,0.261,26.11,72.06,normal
2026-01-03T08:13:00,NODE_04,72.25,1.93,1.57,0.266,25.51,66.72,normal
2026-01-03T08:23:00,NODE_04,71.88,1.81,1.5,0.353,25.12,73.06,normal
2026-01-03T08:33:00,NODE_04,73.6,2.01,1.08,0.236,26.81,73.35,normal
2026-01-03T08:43:00,NODE_04,72.58,2.63,1.32,0.316,27.23,68.73,normal
2026-01-03T08:53:00,NODE_04,71.67,2.79,1.14,0.316,26.05,71.82,normal
2026-01-03T09:03:00,NODE_04,72.11,2.35,1.35,0.333,27.2,72.83,normal
2026-01-03T09:13:00,NODE_04,72.01,2.48,0.79,0.351,24.01,69.88,normal
2026-01-03T09:23:00,NODE_04,72.93,1.7,1.45,0.334,27.13,72.72,normal
2026-01-03T09:33:00,NODE_04,74.12,2.25,0.59,0.242,26.47,66.83,normal
2026-01-03T09:43:00,NODE_04,72.35,1.22,1.25,0.285,25.88,70.05,normal
2026-01-03T09:53:00,NODE_04,72.64,2.07,1.28,0.34,28.12,77.83,normal
2026-01-03T10:03:00,NODE_04,73.21,1.88,1.36,0.287,25.43,70.3,normal
2026-01-03T10:13:00,NODE_04,72.99,1.44,1.02,0.335,25.73,68.48,normal
2026-01-03T10:23:00,NODE_04,73.32,1.92,0.84,0.311,25.72,67.18,normal
2026-01-03T10:33:00,NODE_04,72.92,1.44,0.43,0.249,25.23,74.64,normal
2026-01-03T10:43:00,NODE_04,73.12,1.03,1.12,0.201,25.38,69.93,normal
2026-01-03T10:53:00,NODE_04,74.24,1.28,0.78,0.234,26.52,71.29,normal
2026-01-03T11:03:00,NODE_04,72.96,1.7,1.47,0.23,25.48,73.01,normal
2026-01-03T11:13:00,NODE_04,73.53,1.01,1.19,0.235,28.15,73.83,normal
2026-01-03T11:23:00,NODE_04,74.18,1.62,1.43,0.296,25.56,75.13,normal
2026-01-03T11:33:00,NODE_04,74.19,1.99,0.92,0.274,25.86,69.25,normal
2026-01-03T11:43:00,NODE_04,73.41,1.69,1.36,0.205,25.78,68.34,normal
2026-01-03T11:53:00,NODE_04,73.07,2.02,0.89,0.196,27.6,67.06,normal
2026-01-03T12:03:00,NODE_04,72.77,2.18,0.69,0.273,26.26,67.05,normal
2026-01-03T12:13:00,NODE_04,72.92,1.44,1.8,0.272,25.51,75.61,normal
2026-01-03T12:23:00,NODE_04,72.63,2.02,1.02,0.283,25.11,69.95,normal
2026-01-03T12:33:00,NODE_04,72.36,2.1,1.16,0.312,25.3,69.29,normal
2026-01-03T12:43:00,NODE_04,72.83,1.98,1.45,0.237,26.74,68.47,normal
2026-01-03T12:53:00,NODE_04,73.53,1.98,1.36,0.37,27.02,70.83,normal
2026-01-03T13:03:00,NODE_04,73.45,1.94,1.27,0.355,25.58,74.56,normal
2026-01-03T13:13:00,NODE_04,72.36,2.05,1.28,0.308,27.36,74.8,normal
2026-01-03T13:23:00,NODE_04,73.76,2.18,1.12,0.302,26.52,73.56,normal
2026-01-03T13:33:00,NODE_04,73.23,1.4,1.57,0.364,29.0,67.92,normal
2026-01-03T13:43:00,NODE_04,73.89,1.97,1.28,0.213,25.39,71.67,normal
2026-01-03T13:53:00,NODE_04,73.81,1.83,1.38,0.303,26.28,72.86,normal
2026-01-03T14:03:00,NODE_04,73.25,1.75,1.52,0.251,25.0,71.54,normal
2026-01-03T14:13:00,NODE_04,73.35,2.02,1.77,0.315,25.38,67.91,normal
2026-01-03T14:23:00,NODE_04,72.16,2.26,1.06,0.277,26.39,68.97,normal
2026-01-03T14:33:00,NODE_04,73.59,2.0,1.43,0.302,27.05,70.43,normal
2026-01-03T14:43:00,NODE_04,71.82,2.68,2.04,0.286,24.9,73.31,normal
2026-01-03T14:53:00,NODE_04,71.81,1.92,1.71,0.248,25.06,74.78,normal
2026-01-03T15:03:00,NODE_04,72.67,2.02,2.31,0.331,25.28,69.54,normal
2026-01-03T15:13:00,NODE_04,72.18,2.08,1.09,0.319,25.41,73.31,normal
2026-01-03T15:23:00,NODE_04,72.35,2.47,2.43,0.347,25.63,70.03,normal
2026-01-03T15:33:00,NODE_04,72.46,2.76,1.5,0.256,26.1,71.11,normal
2026-01-03T15:43:00,NODE_04,73.39,1.76,1.15,0.346,26.31,70.75,normal
2026-01-03T15:53:00,NODE_04,72.3,1.75,1.6,0.385,26.96,75.9,normal
2026-01-03T16:03:00,NODE_04,72.82,2.31,1.15,0.317,27.79,68.72,normal
2026-01-03T16:13:00,NODE_04,74.22,1.68,1.03,0.268,27.66,73.58,normal
2026-01-03T16:23:00,NODE_04,73.4,1.5,0.87,0.228,26.2,71.21,normal
2026-01-03T16:33:00,NODE_04,73.94,2.08,1.62,0.241,25.78,65.77,normal
2026-01-03T16:43:00,NODE_04,73.48,1.66,1.21,0.239,26.14,67.14,normal
2026-01-03T16:53:00,NODE_04,72.19,1.74,1.68,0.315,26.67,69.42,normal
2026-01-03T17:03:00,NODE_04,72.48,1.46,1.74,0.295,25.97,68.38,normal
2026-01-03T17:13:00,NODE_04,72.04,1.41,1.67,0.266,24.97,70.03,normal
2026-01-03T17:23:00,NODE_04,72.69,2.67,1.63,0.377,24.31,74.72,normal
2026-01-03T17:33:00,NODE_04,73.04,2.27,1.91,0.385,25.78,71.68,normal
2026-01-03T17:43:00,NODE_04,73.28,1.97,1.5,0.245,25.12,69.02,normal
2026-01-03T17:53:00,NODE_04,73.18,2.47,1.18,0.358,26.98,65.67,normal
2026-01-03T18:03:00,NODE_04,73.36,2.24,1.92,0.367,27.65,67.05,normal
2026-01-03T18:13:00,NODE_04,73.67,2.76,1.91,0.268,26.03,72.98,normal
2026-01-03T18:23:00,NODE_04,72.86,1.27,1.48,0.209,24.3,65.86,normal
2026-01-03T18:33:00,NODE_04,73.37,2.36,1.27,0.25,26.36,63.9,normal
2026-01-03T18:43:00,NODE_04,73.12,1.44,0.92,0.288,26.95,73.29,normal
2026-01-03T18:53:00,NODE_04,72.7,1.57,1.64,0.204,24.98,76.33,normal
2026-01-03T19:03:00,NODE_04,74.26,0.62,1.04,0.273,25.6,71.3,normal
2026-01-03T19:13:00,NODE_04,74.3,1.49,1.29,0.281,26.01,68.26,normal
2026-01-03T19:23:00,NODE_04,73.61,0.99,1.11,0.172,25.54,66.6,normal
2026-01-03T19:33:00,NODE_04,74.56,1.31,0.59,0.127,29.06,69.89,normal
2026-01-03T19:43:00,NODE_04,74.2,1.14,0.98,0.244,25.38,67.86,normal
2026-01-03T19:53:00,NODE_04,73.95,1.08,0.87,0.214,24.81,69.25,normal
2026-01-03T20:03:00,NODE_04,74.3,1.07,1.06,0.174,26.87,74.04,normal
2026-01-03T20:13:00,NODE_04,74.04,0.98,0.7,0.215,24.59,72.75,normal
2026-01-03T20:23:00,NODE_04,74.43,0.51,0.85,0.208,27.22,69.54,normal
2026-01-03T20:33:00,NODE_04,74.91,0.61,0.74,0.233,26.54,67.19,normal
2026-01-03T20:43:00,NODE_04,73.68,1.26,1.27,0.217,25.21,72.46,normal
2026-01-03T20:53:00,NODE_04,75.04,0.96,0.75,0.183,25.86,71.98,normal
2026-01-03T21:03:00,NODE_04,74.0,0.95,0.88,0.223,26.98,69.6,normal
2026-01-03T21:13:00,NODE_04,73.45,1.01,0.97,0.204,25.23,68.92,normal
2026-01-03T21:23:00,NODE_04,73.23,1.16,1.08,0.2,25.94,72.01,normal
2026-01-03T21:33:00,NODE_04,74.14,2.0,1.16,0.279,25.16,65.05,normal
2026-01-03T21:43:00,NODE_04,73.62,1.6,1.11,0.242,24.94,69.1,normal
2026-01-03T21:53:00,NODE_04,73.79,1.56,0.53,0.273,26.53,75.65,normal
2026-01-03T22:03:00,NODE_04,73.27,2.28,0.96,0.269,26.27,69.44,normal
2026-01-03T22:13:00,NODE_04,74.63,1.45,1.16,0.296,27.63,67.35,normal
2026-01-03T22:23:00,NODE_04,74.81,1.01,0.86,0.187,25.33,71.75,normal
2026-01-03T22:33:00,NODE_04,73.61,1.27,0.7,0.169,26.41,77.66,normal
2026-01-03T22:43:00,NODE_04,73.99,1.6,1.83,0.201,27.8,72.06,normal
2026-01-03T22:53:00,NODE_04,73.98,1.8,1.01,0.195,26.03,69.48,normal
2026-01-03T23:03:00,NODE_04,73.68,0.66,0.92,0.155,26.03,69.18,normal
2026-01-03T23:13:00,NODE_04,73.7,1.22,0.97,0.323,27.37,69.75,normal
2026-01-03T23:23:00,NODE_04,74.16,1.59,0.97,0.27,26.57,69.36,normal
2026-01-03T23:33:00,NODE_04,74.39,1.44,1.53,0.264,27.32,67.26,normal
2026-01-03T23:43:00,NODE_04,73.33,1.46,1.3,0.344,26.13,66.63,normal
2026-01-03T23:53:00,NODE_04,72.73,1.32,1.16,0.381,26.09,67.83,normal
2026-01-04T00:03:00,NODE_04,73.75,2.23,1.2,0.273,26.69,72.17,normal
2026-01-04T00:13:00,NODE_04,72.88,1.9,0.94,0.281,26.67,71.05,normal
2026-01-04T00:23:00,NODE_04,72.85,2.11,1.35,0.334,28.88,74.37,normal
2026-01-04T00:33:00,NODE_04,71.89,1.22,0.98,0.256,26.12,75.06,normal
2026-01-04T00:43:00,NODE_04,73.76,1.74,1.51,0.243,24.98,71.32,normal
2026-01-04T00:53:00,NODE_04,67.91,5.13,3.2,0.647,27.54,68.91,warning
2026-01-04T01:03:00,NODE_04,67.72,3.75,3.08,0.679,27.49,69.21,warning
2026-01-04T01:13:00,NODE_04,68.78,5.92,4.25,0.627,25.96,74.26,warning
2026-01-04T01:23:00,NODE_04,70.43,5.88,4.76,0.62,26.16,77.23,warning
2026-01-04T01:33:00,NODE_04,68.26,4.72,2.22,0.659,26.61,73.63,warning
2026-01-04T01:43:00,NODE_04,70.05,3.93,2.61,0.637,25.64,72.24,warning
2026-01-04T01:53:00,NODE_04,67.57,5.99,2.88,0.671,23.88,69.15,warning
2026-01-04T02:03:00,NODE_04,70.58,5.2,4.37,0.82,25.5,71.81,warning
2026-01-04T02:13:00,NODE_04,69.21,5.51,3.72,0.598,27.65,73.61,warning
2026-01-04T02:23:00,NODE_04,69.96,4.24,3.52,0.739,26.32,77.55,warning
2026-01-04T02:33:00,NODE_04,70.96,4.83,2.69,0.428,25.09,73.82,warning
2026-01-04T02:43:00,NODE_04,68.3,4.58,2.63,0.512,24.9,72.23,warning
2026-01-04T02:53:00,NODE_04,68.95,4.89,3.31,0.516,28.01,78.36,warning
2026-01-04T03:03:00,NODE_04,69.01,4.61,2.25,0.765,26.64,70.46,warning
2026-01-04T03:13:00,NODE_04,72.56,4.0,3.71,0.619,25.31,66.35,warning
2026-01-04T03:23:00,NODE_04,69.38,3.87,3.72,0.657,24.19,73.55,warning
2026-01-04T03:33:00,NODE_04,71.48,3.94,1.94,0.542,28.35,67.83,warning
2026-01-04T03:43:00,NODE_04,72.28,3.98,3.11,0.515,26.98,69.34,warning
2026-01-04T03:53:00,NODE_04,71.63,3.38,3.41,0.478,25.39,73.88,warning
2026-01-04T04:03:00,NODE_04,71.36,2.83,2.2,0.458,27.48,71.88,warning
2026-01-04T04:13:00,NODE_04,72.24,3.72,2.44,0.517,25.84,74.01,warning
2026-01-04T04:23:00,NODE_04,71.01,2.97,2.61,0.342,26.14,67.34,warning
2026-01-04T04:33:00,NODE_04,69.27,4.06,1.75,0.42,25.08,67.83,warning
2026-01-04T04:43:00,NODE_04,71.07,2.37,2.35,0.36,27.2,75.09,warning
2026-01-04T04:53:00,NODE_04,70.9,3.26,2.76,0.332,25.74,72.92,warning
2026-01-04T05:03:00,NODE_04,72.23,3.26,1.84,0.533,25.82,75.19,warning
2026-01-04T05:13:00,NODE_04,72.15,2.91,2.59,0.377,24.82,70.27,warning
2026-01-04T05:23:00,NODE_04,71.72,2.04,1.66,0.341,27.21,77.2,warning
2026-01-04T05:33:00,NODE_04,72.3,1.99,2.1,0.479,27.55,68.85,warning
2026-01-04T05:43:00,NODE_04,72.27,2.9,2.24,0.434,25.68,71.25,normal
2026-01-04T05:53:00,NODE_04,71.09,3.4,1.42,0.446,25.74,72.39,normal
2026-01-04T06:03:00,NODE_04,72.94,2.09,1.36,0.36,26.89,63.14,normal
2026-01-04T06:13:00,NODE_04,70.96,2.25,1.57,0.506,27.18,75.72,normal
2026-01-04T06:23:00,NODE_04,72.86,2.09,1.44,0.318,27.92,75.59,normal
2026-01-04T06:33:00,NODE_04,72.99,3.01,2.18,0.386,26.3,72.8,normal
2026-01-04T06:43:00,NODE_04,71.72,2.11,2.22,0.472,26.11,70.58,normal
2026-01-04T06:53:00,NODE_04,71.55,1.78,1.49,0.363,26.84,75.51,normal
2026-01-04T07:03:00,NODE_04,71.81,2.55,1.85,0.441,25.79,72.15,normal
2026-01-04T07:13:00,NODE_04,73.53,2.43,1.11,0.244,27.56,71.21,normal
2026-01-04T07:23:00,NODE_04,72.98,1.96,1.02,0.324,26.73,70.18,normal
2026-01-04T07:33:00,NODE_04,72.83,1.8,1.95,0.287,26.18,72.7,normal
2026-01-04T07:43:00,NODE_04,72.05,1.57,1.56,0.301,25.57,72.08,normal
2026-01-04T07:53:00,NODE_04,72.91,1.97,1.74,0.28,25.79,69.22,normal
2026-01-04T08:03:00,NODE_04,71.93,1.68,1.91,0.343,25.7,61.96,normal
2026-01-04T08:13:00,NODE_04,73.12,1.68,0.93,0.304,27.77,72.84,normal
2026-01-04T08:23:00,NODE_04,72.81,1.74,1.43,0.303,24.71,71.51,normal
2026-01-04T08:33:00,NODE_04,74.16,1.22,1.13,0.428,27.48,71.17,normal
2026-01-04T08:43:00,NODE_04,73.63,1.86,1.9,0.333,26.41,70.5,normal
2026-01-04T08:53:00,NODE_04,73.57,2.07,0.9,0.261,29.31,66.74,normal
2026-01-04T09:03:00,NODE_04,72.32,1.42,1.26,0.26,24.09,68.35,normal
2026-01-04T09:13:00,NODE_04,74.07,1.72,1.0,0.289,29.08,70.49,normal
2026-01-04T09:23:00,NODE_04,73.33,1.0,1.38,0.226,26.58,71.4,normal
2026-01-04T09:33:00,NODE_04,72.94,1.54,1.43,0.277,26.36,66.96,normal
2026-01-04T09:43:00,NODE_04,73.8,1.61,0.93,0.313,28.95,72.0,normal
2026-01-04T09:53:00,NODE_04,73.37,2.03,1.25,0.291,26.21,68.02,normal
2026-01-04T10:03:00,NODE_04,73.68,1.0,0.78,0.281,25.89,71.03,normal
2026-01-04T10:13:00,NODE_04,73.64,1.41,0.76,0.21,23.61,69.57,normal
2026-01-04T10:23:00,NODE_04,74.2,1.59,0.55,0.317,27.22,72.99,normal
2026-01-04T10:33:00,NODE_04,73.01,1.63,1.3,0.168,27.84,71.82,normal
2026-01-04T10:43:00,NODE_04,72.95,1.68,1.25,0.324,25.66,71.9,normal
2026-01-04T10:53:00,NODE_04,73.87,1.46,1.36,0.171,27.09,65.17,normal
2026-01-04T11:03:00,NODE_04,73.54,1.69,1.12,0.207,28.78,70.5,normal
2026-01-04T11:13:00,NODE_04,73.36,1.58,1.41,0.163,25.42,67.04,normal
2026-01-04T11:23:00,NODE_04,73.67,1.81,0.82,0.283,25.97,72.46,normal
2026-01-04T11:33:00,NODE_04,73.38,1.61,1.4,0.259,26.12,74.06,normal
2026-01-01T01:42:00,NODE_01,78.46,1.6,1.46,0.164,24.83,70.37,normal
