timestamp,node_id,distance,tilt_x,tilt_y,vibration,temperature,humidity,status,delta_distance,rollmean_distance,delta_tilt_x,rollmean_tilt_x,delta_tilt_y,rollmean_tilt_y,delta_vibration,rollmean_vibration
2026-01-01 00:02:00,NODE_01,79.48,1.27,1.05,0.166,27.13,68.11,normal,0.0,79.48,0.0,1.27,0.0,1.05,0.0,0.166
2026-01-01 00:12:00,NODE_01,79.33,1.12,1.18,0.188,27.91,65.23,normal,-0.15000000000000568,79.405,-0.1499999999999999,1.195,0.1299999999999999,1.115,0.021999999999999992,0.177
2026-01-01 00:22:00,NODE_01,79.47,0.82,0.71,0.189,26.87,69.29,normal,0.14000000000000057,79.42666666666666,-0.30000000000000016,1.07,-0.47,0.98,0.0010000000000000009,0.18100000000000002
2026-01-01 00:32:00,NODE_01,79.8,1.17,0.62,0.131,26.12,68.93,normal,0.3299999999999983,79.53333333333335,0.35,1.0366666666666666,-0.08999999999999997,0.8366666666666666,-0.057999999999999996,0.16933333333333334
2026-01-01 00:42:00,NODE_01,78.97,1.19,0.69,0.148,26.81,71.79,normal,-0.8299999999999983,79.41333333333334,0.020000000000000018,1.0599999999999998,0.06999999999999995,0.6733333333333333,0.016999999999999987,0.156
2026-01-01 00:52:00,NODE_01,79.19,0.85,0.73,0.144,26.62,74.94,normal,0.21999999999999886,79.32,-0.33999999999999997,1.07,0.040000000000000036,0.68,-0.0040000000000000036,0.14100000000000001
2026-01-01 01:02:00,NODE_01,78.85,0.65,1.32,0.136,24.75,65.36,normal,-0.3400000000000034,79.00333333333333,-0.19999999999999996,0.8966666666666666,0.5900000000000001,0.9133333333333332,-0.00799999999999998,0.1426666666666667
2026-01-01 01:12:00,NODE_01,80.08,1.16,1.24,0.154,26.27,68.86,normal,1.230000000000004,79.37333333333333,0.5099999999999999,0.8866666666666667,-0.08000000000000007,1.0966666666666667,0.017999999999999988,0.14466666666666667
2026-01-01 01:22:00,NODE_01,79.1,1.08,1.09,0.218,27.49,72.24,normal,-0.980000000000004,79.34333333333333,-0.07999999999999985,0.9633333333333333,-0.1499999999999999,1.2166666666666666,0.064,0.16933333333333334
2026-01-01 01:32:00,NODE_01,79.67,1.42,0.91,0.282,25.15,73.15,normal,0.5700000000000074,79.61666666666667,0.33999999999999986,1.22,-0.18000000000000005,1.08,0.06399999999999997,0.218
2026-01-01 01:42:00,NODE_01,78.46,1.6,1.46,0.164,24.83,70.37,normal,-1.210000000000008,79.07666666666667,0.18000000000000016,1.3666666666666665,0.5499999999999999,1.1533333333333333,-0.11799999999999997,0.22133333333333335
2026-01-01 01:52:00,NODE_01,78.55,1.92,0.8,0.285,25.91,74.5,normal,0.09000000000000341,78.89333333333333,0.31999999999999984,1.6466666666666665,-0.6599999999999999,1.0566666666666666,0.12099999999999997,0.24366666666666667
2026-01-01 02:02:00,NODE_01,78.77,1.55,1.57,0.278,25.54,72.15,normal,0.21999999999999886,78.59333333333332,-0.3699999999999999,1.6900000000000002,0.77,1.2766666666666666,-0.006999999999999951,0.24233333333333332
2026-01-01 02:12:00,NODE_01,79.68,1.72,1.5,0.251,26.37,75.21,normal,0.9100000000000108,79.0,0.16999999999999993,1.7300000000000002,-0.07000000000000006,1.29,-0.027000000000000024,0.2713333333333333
2026-01-01 02:22:00,NODE_01,78.95,1.56,1.1,0.333,28.17,69.47,normal,-0.730000000000004,79.13333333333333,-0.15999999999999992,1.61,-0.3999999999999999,1.39,0.08200000000000002,0.2873333333333334
2026-01-01 02:32:00,NODE_01,78.54,1.65,1.43,0.242,26.6,73.3,normal,-0.4099999999999966,79.05666666666667,0.08999999999999986,1.6433333333333333,0.32999999999999985,1.3433333333333335,-0.09100000000000003,0.2753333333333334
2026-01-01 02:42:00,NODE_01,79.3,1.35,1.48,0.352,27.5,72.47,normal,0.7599999999999909,78.93,-0.2999999999999998,1.5200000000000002,0.050000000000000044,1.3366666666666667,0.10999999999999999,0.309
2026-01-01 02:52:00,NODE_01,78.1,2.16,0.68,0.246,26.15,68.36,normal,-1.2000000000000028,78.64666666666666,0.81,1.72,-0.7999999999999999,1.1966666666666665,-0.10599999999999998,0.28
2026-01-01 03:02:00,NODE_01,79.98,1.66,0.97,0.417,24.38,63.38,normal,1.8800000000000097,79.12666666666667,-0.5000000000000002,1.7233333333333336,0.2899999999999999,1.0433333333333334,0.17099999999999999,0.3383333333333334
2026-01-01 03:12:00,NODE_01,78.31,1.89,1.38,0.239,25.48,71.86,normal,-1.6700000000000017,78.79666666666667,0.22999999999999998,1.9033333333333333,0.4099999999999999,1.01,-0.178,0.30066666666666664
2026-01-01 03:22:00,NODE_01,77.66,1.17,1.19,0.236,26.74,75.54,normal,-0.6500000000000057,78.65,-0.72,1.5733333333333333,-0.18999999999999995,1.18,-0.0030000000000000027,0.2973333333333333
2026-01-01 03:32:00,NODE_01,79.32,1.62,1.12,0.26,24.25,74.98,normal,1.6599999999999966,78.42999999999999,0.4500000000000002,1.5599999999999998,-0.06999999999999984,1.2300000000000002,0.02400000000000002,0.245
2026-01-01 03:42:00,NODE_01,78.65,1.42,1.3,0.206,26.17,69.31,normal,-0.6699999999999875,78.54333333333334,-0.20000000000000018,1.4033333333333333,0.17999999999999994,1.2033333333333334,-0.05400000000000002,0.23399999999999999
2026-01-01 03:52:00,NODE_01,79.09,1.82,1.47,0.257,26.6,70.1,normal,0.4399999999999977,79.02,0.40000000000000013,1.62,0.16999999999999993,1.2966666666666669,0.05100000000000002,0.241
2026-01-01 04:02:00,NODE_01,78.79,1.37,0.97,0.204,26.39,70.28,normal,-0.29999999999999716,78.84333333333335,-0.44999999999999996,1.5366666666666668,-0.5,1.2466666666666668,-0.05300000000000002,0.2223333333333333
2026-01-01 04:12:00,NODE_01,71.42,5.3,4.9,1.195,25.43,70.66,critical,-7.3700000000000045,76.43333333333334,3.9299999999999997,2.83,3.9300000000000006,2.4466666666666668,0.9910000000000001,0.552
2026-01-01 04:22:00,NODE_01,71.84,7.5,4.48,0.988,23.16,69.62,critical,0.4200000000000017,74.01666666666667,2.2,4.723333333333334,-0.41999999999999993,3.4500000000000006,-0.20700000000000007,0.7956666666666665
2026-01-01 04:32:00,NODE_01,70.52,5.91,3.22,0.888,25.86,72.31,critical,-1.3200000000000074,71.25999999999999,-1.5899999999999999,6.236666666666667,-1.2600000000000002,4.2,-0.09999999999999998,1.0236666666666667
2026-01-01 04:42:00,NODE_01,75.24,5.64,3.51,0.795,27.5,74.82,critical,4.719999999999999,72.53333333333333,-0.27000000000000046,6.3500000000000005,0.2899999999999996,3.736666666666667,-0.09299999999999997,0.8903333333333333
2026-01-01 04:52:00,NODE_01,74.92,6.96,4.31,0.633,25.82,73.59,critical,-0.3199999999999932,73.56,1.3200000000000003,6.169999999999999,0.7999999999999998,3.6799999999999997,-0.16200000000000003,0.7719999999999999
2026-01-01 05:02:00,NODE_01,73.62,4.64,5.45,0.975,26.55,70.22,critical,-1.2999999999999972,74.59333333333335,-2.3200000000000003,5.746666666666666,1.1400000000000006,4.423333333333333,0.34199999999999997,0.801
2026-01-01 05:12:00,NODE_01,73.47,7.15,3.44,1.04,28.24,68.9,critical,-0.15000000000000568,74.00333333333333,2.5100000000000007,6.25,-2.0100000000000002,4.3999999999999995,0.06500000000000006,0.8826666666666666
2026-01-01 05:22:00,NODE_01,70.9,4.6,4.34,1.005,27.98,70.39,critical,-2.569999999999993,72.66333333333334,-2.5500000000000007,5.463333333333334,0.8999999999999999,4.41,-0.03500000000000014,1.0066666666666666
2026-01-01 05:32:00,NODE_01,73.83,4.16,4.72,1.009,25.51,67.74,critical,2.9299999999999926,72.73333333333333,-0.4399999999999995,5.303333333333334,0.3799999999999999,4.166666666666667,0.0040000000000000036,1.0179999999999998
2026-01-01 05:42:00,NODE_01,74.68,6.17,3.21,0.615,25.87,72.55,critical,0.8500000000000085,73.13666666666667,2.01,4.976666666666667,-1.5099999999999998,4.09,-0.3939999999999999,0.8763333333333332
2026-01-01 05:52:00,NODE_01,73.27,6.35,5.03,0.689,29.1,74.13,warning,-1.4100000000000108,73.92666666666666,0.17999999999999972,5.56,1.8200000000000003,4.32,0.07399999999999995,0.7709999999999999
2026-01-01 06:02:00,NODE_01,72.86,4.36,3.83,0.69,26.94,69.76,warning,-0.4099999999999966,73.60333333333334,-1.9899999999999993,5.626666666666666,-1.2000000000000002,4.023333333333334,0.0010000000000000009,0.6646666666666666
2026-01-01 06:12:00,NODE_01,75.33,4.81,2.84,0.709,25.26,66.51,warning,2.469999999999999,73.82,0.4499999999999993,5.173333333333333,-0.9900000000000002,3.9000000000000004,0.019000000000000017,0.6959999999999998
2026-01-01 06:22:00,NODE_01,73.75,6.18,4.38,0.521,26.57,76.29,warning,-1.5799999999999983,73.98,1.37,5.116666666666666,1.54,3.6833333333333336,-0.18799999999999994,0.6399999999999998
2026-01-01 06:32:00,NODE_01,72.97,4.35,3.73,0.615,27.63,67.47,warning,-0.7800000000000011,74.01666666666667,-1.83,5.113333333333333,-0.6499999999999999,3.6500000000000004,0.09399999999999997,0.6149999999999999
2026-01-01 06:42:00,NODE_01,75.2,3.87,3.19,0.756,29.32,69.38,warning,2.230000000000004,73.97333333333334,-0.47999999999999954,4.8,-0.54,3.766666666666667,0.14100000000000001,0.6306666666666666
2026-01-01 06:52:00,NODE_01,75.85,5.16,3.49,0.611,26.61,68.49,warning,0.6499999999999915,74.67333333333333,1.29,4.46,0.30000000000000027,3.47,-0.14500000000000002,0.6606666666666666
2026-01-01 07:02:00,NODE_01,74.62,3.02,3.44,0.723,25.51,74.43,warning,-1.2299999999999898,75.22333333333334,-2.14,4.016666666666667,-0.050000000000000266,3.3733333333333335,0.11199999999999999,0.6966666666666667
2026-01-01 07:12:00,NODE_01,75.45,3.54,2.7,0.475,27.36,66.9,warning,0.8299999999999983,75.30666666666667,0.52,3.9066666666666667,-0.7399999999999998,3.2100000000000004,-0.248,0.6029999999999999
2026-01-01 07:22:00,NODE_01,74.23,3.87,3.42,0.672,25.83,73.63,warning,-1.2199999999999989,74.76666666666667,0.33000000000000007,3.4766666666666666,0.7199999999999998,3.186666666666667,0.19700000000000006,0.6233333333333332
2026-01-01 07:32:00,NODE_01,75.66,3.81,2.82,0.473,27.52,69.35,warning,1.4299999999999926,75.11333333333333,-0.06000000000000005,3.74,-0.6000000000000001,2.9800000000000004,-0.19900000000000007,0.5399999999999999
2026-01-01 07:42:00,NODE_01,74.5,3.61,3.02,0.521,26.78,65.44,warning,-1.1599999999999966,74.79666666666667,-0.20000000000000018,3.763333333333333,0.20000000000000018,3.0866666666666664,0.04800000000000004,0.5553333333333332
2026-01-01 07:52:00,NODE_01,74.13,4.21,2.37,0.606,25.63,69.44,warning,-0.37000000000000455,74.76333333333334,0.6000000000000001,3.876666666666667,-0.6499999999999999,2.736666666666667,0.08499999999999996,0.5333333333333332
2026-01-01 08:02:00,NODE_01,76.69,4.29,2.15,0.422,26.65,66.1,warning,2.5600000000000023,75.10666666666667,0.08000000000000007,4.036666666666666,-0.2200000000000002,2.5133333333333336,-0.184,0.5163333333333333
2026-01-01 08:12:00,NODE_01,78.09,4.13,1.94,0.558,26.31,63.35,warning,1.4000000000000057,76.30333333333333,-0.16000000000000014,4.21,-0.20999999999999996,2.1533333333333338,0.13600000000000007,0.5286666666666666
2026-01-01 08:22:00,NODE_01,77.31,2.76,2.38,0.556,26.92,76.13,warning,-0.7800000000000011,77.36333333333333,-1.37,3.7266666666666666,0.43999999999999995,2.1566666666666667,-0.0020000000000000018,0.512
2026-01-01 08:32:00,NODE_01,76.14,2.83,2.15,0.395,26.21,71.41,warning,-1.1700000000000017,77.18,0.07000000000000028,3.2399999999999998,-0.22999999999999998,2.1566666666666667,-0.16100000000000003,0.503
2026-01-01 08:42:00,NODE_01,77.19,3.99,1.59,0.451,27.07,72.7,warning,1.0499999999999972,76.88,1.1600000000000001,3.1933333333333334,-0.5599999999999998,2.0400000000000005,0.055999999999999994,0.4673333333333333
2026-01-01 08:52:00,NODE_01,75.83,3.94,1.84,0.421,26.25,72.66,warning,-1.3599999999999994,76.38666666666667,-0.050000000000000266,3.5866666666666664,0.25,1.8600000000000003,-0.030000000000000027,0.4223333333333333
2026-01-01 09:02:00,NODE_01,76.47,3.5,2.7,0.488,26.91,71.1,warning,0.6400000000000006,76.49666666666666,-0.43999999999999995,3.81,0.8600000000000001,2.0433333333333334,0.067,0.4533333333333333
2026-01-01 09:12:00,NODE_01,76.91,2.99,1.79,0.42,24.52,65.94,warning,0.4399999999999977,76.40333333333334,-0.5099999999999998,3.4766666666666666,-0.9100000000000001,2.1100000000000008,-0.068,0.4429999999999999
2026-01-01 09:22:00,NODE_01,76.94,2.46,2.21,0.298,26.15,68.54,warning,0.030000000000001137,76.77333333333333,-0.5300000000000002,2.983333333333334,0.41999999999999993,2.233333333333334,-0.122,0.40199999999999997
2026-01-01 09:32:00,NODE_01,76.54,2.16,1.84,0.403,25.76,67.79,normal,-0.3999999999999915,76.79666666666667,-0.2999999999999998,2.536666666666667,-0.3699999999999999,1.946666666666667,0.10500000000000004,0.37366666666666665
2026-01-01 09:42:00,NODE_01,77.5,2.06,1.18,0.427,24.49,68.72,normal,0.9599999999999937,76.99333333333334,-0.10000000000000009,2.226666666666667,-0.6600000000000001,1.7433333333333334,0.023999999999999966,0.37599999999999995
2026-01-01 09:52:00,NODE_01,77.54,1.66,0.96,0.36,23.44,76.36,normal,0.04000000000000625,77.19333333333334,-0.40000000000000013,1.9600000000000002,-0.21999999999999997,1.3266666666666669,-0.067,0.39666666666666667
2026-01-01 10:02:00,NODE_01,77.87,2.55,1.64,0.298,26.54,68.65,normal,0.3299999999999983,77.63666666666667,0.8899999999999999,2.09,0.6799999999999999,1.26,-0.062,0.36166666666666664
2026-01-01 10:12:00,NODE_01,78.73,1.66,2.43,0.291,25.69,71.34,normal,0.8599999999999994,78.04666666666668,-0.8899999999999999,1.9566666666666663,0.7900000000000003,1.676666666666667,-0.007000000000000006,0.3163333333333333
2026-01-01 10:22:00,NODE_01,77.33,2.49,1.3,0.305,26.2,75.67,normal,-1.4000000000000057,77.97666666666667,0.8300000000000003,2.2333333333333334,-1.1300000000000001,1.7900000000000003,0.014000000000000012,0.298
2026-01-01 10:32:00,NODE_01,78.23,2.65,1.97,0.311,25.39,68.73,normal,0.9000000000000057,78.09666666666668,0.1599999999999997,2.266666666666667,0.6699999999999999,1.9000000000000004,0.006000000000000005,0.3023333333333333
2026-01-01 10:42:00,NODE_01,78.35,2.07,0.99,0.357,24.91,69.68,normal,0.11999999999999034,77.96999999999998,-0.5800000000000001,2.4033333333333333,-0.98,1.4200000000000002,0.045999999999999985,0.3243333333333333
2026-01-01 10:52:00,NODE_01,78.37,2.17,1.51,0.333,26.54,71.39,normal,0.020000000000010232,78.31666666666666,0.10000000000000009,2.2966666666666664,0.52,1.4900000000000002,-0.023999999999999966,0.3336666666666666
2026-01-01 11:02:00,NODE_01,78.3,1.35,1.88,0.301,24.15,73.15,normal,-0.07000000000000739,78.33999999999999,-0.8199999999999998,1.8633333333333333,0.3699999999999999,1.4600000000000002,-0.03200000000000003,0.3303333333333333
2026-01-01 11:12:00,NODE_01,79.36,1.64,0.85,0.225,25.68,72.04,normal,1.0600000000000023,78.67666666666668,0.2899999999999998,1.72,-1.0299999999999998,1.4133333333333333,-0.07599999999999998,0.28633333333333333
2026-01-01 11:22:00,NODE_01,78.87,1.5,1.23,0.364,23.72,70.25,normal,-0.4899999999999949,78.84333333333335,-0.1399999999999999,1.4966666666666668,0.38,1.3200000000000003,0.13899999999999998,0.29666666666666663
2026-01-01 11:32:00,NODE_01,78.67,2.22,0.98,0.352,27.04,72.49,normal,-0.20000000000000284,78.96666666666667,0.7200000000000002,1.7866666666666664,-0.25,1.0200000000000002,-0.01200000000000001,0.31366666666666665
2026-01-01 11:42:00,NODE_01,76.99,2.6,1.07,0.317,26.35,70.18,normal,-1.6800000000000068,78.17666666666668,0.3799999999999999,2.106666666666667,0.09000000000000008,1.0933333333333337,-0.034999999999999976,0.3443333333333333
2026-01-01 11:52:00,NODE_01,78.43,1.71,1.49,0.223,24.67,72.19,normal,1.440000000000012,78.03000000000002,-0.8900000000000001,2.1766666666666667,0.41999999999999993,1.1800000000000004,-0.094,0.2973333333333333
2026-01-01 12:02:00,NODE_01,77.98,1.58,1.47,0.33,24.48,66.83,normal,-0.45000000000000284,77.8,-0.1299999999999999,1.9633333333333332,-0.020000000000000018,1.3433333333333337,0.10700000000000001,0.29
2026-01-01 12:12:00,NODE_01,78.04,1.33,1.66,0.246,25.57,67.5,normal,0.060000000000002274,78.15000000000002,-0.25,1.5399999999999998,0.18999999999999995,1.5400000000000003,-0.08400000000000002,0.2663333333333333
2026-01-01 12:22:00,NODE_01,78.72,2.04,1.23,0.248,26.27,71.48,normal,0.6799999999999926,78.24666666666667,0.71,1.6499999999999997,-0.42999999999999994,1.4533333333333338,0.0020000000000000018,0.2746666666666666
2026-01-01 12:32:00,NODE_01,77.6,2.17,1.08,0.224,25.45,71.56,normal,-1.1200000000000045,78.12,0.1299999999999999,1.8466666666666665,-0.1499999999999999,1.3233333333333337,-0.023999999999999994,0.2393333333333333
2026-01-01 12:42:00,NODE_01,78.08,1.51,0.95,0.281,26.47,72.3,normal,0.480000000000004,78.13333333333333,-0.6599999999999999,1.9066666666666665,-0.13000000000000012,1.086666666666667,0.05700000000000002,0.25099999999999995
2026-01-01 12:52:00,NODE_01,78.91,2.06,1.13,0.238,24.26,73.91,normal,0.8299999999999983,78.19666666666667,0.55,1.913333333333333,0.17999999999999994,1.0533333333333337,-0.04300000000000004,0.24766666666666662
2026-01-01 13:02:00,NODE_01,78.81,1.31,1.54,0.264,25.79,74.09,normal,-0.09999999999999432,78.60000000000001,-0.75,1.6266666666666663,0.41000000000000014,1.206666666666667,0.026000000000000023,0.26099999999999995
2026-01-01 13:12:00,NODE_01,78.28,1.72,1.02,0.249,23.43,65.26,normal,-0.5300000000000011,78.66666666666667,0.4099999999999999,1.6966666666666665,-0.52,1.2300000000000002,-0.015000000000000013,0.2503333333333333
2026-01-01 13:22:00,NODE_01,78.84,1.49,0.61,0.256,24.9,67.0,normal,0.5600000000000023,78.64333333333333,-0.22999999999999998,1.5066666666666666,-0.41000000000000003,1.0566666666666669,0.007000000000000006,0.2563333333333333
2026-01-01 13:32:00,NODE_01,79.59,1.31,0.64,0.154,26.01,72.84,normal,0.75,78.90333333333334,-0.17999999999999994,1.5066666666666666,0.030000000000000027,0.7566666666666669,-0.10200000000000001,0.21966666666666665
2026-01-01 13:42:00,NODE_01,79.06,1.44,0.96,0.242,26.71,68.7,normal,-0.5300000000000011,79.16333333333334,0.1299999999999999,1.413333333333333,0.31999999999999995,0.7366666666666669,0.088,0.2173333333333333
2026-01-01 13:52:00,NODE_01,78.32,1.34,0.98,0.203,26.66,73.71,normal,-0.7400000000000091,78.99,-0.09999999999999987,1.363333333333333,0.020000000000000018,0.8600000000000003,-0.03899999999999998,0.19966666666666663
2026-01-01 14:02:00,NODE_01,78.9,1.81,1.69,0.261,26.42,73.39,normal,0.5800000000000125,78.76,0.47,1.5299999999999996,0.71,1.2100000000000002,0.057999999999999996,0.23533333333333328
2026-01-01 14:12:00,NODE_01,78.96,1.35,1.87,0.201,26.0,72.77,normal,0.05999999999998806,78.72666666666667,-0.45999999999999996,1.4999999999999998,0.18000000000000016,1.5133333333333336,-0.06,0.2216666666666666
2026-01-01 14:22:00,NODE_01,78.43,1.44,1.24,0.33,26.41,74.12,normal,-0.5299999999999869,78.76333333333334,0.08999999999999986,1.5333333333333332,-0.6300000000000001,1.6000000000000003,0.129,0.26399999999999996
2026-01-01 14:32:00,NODE_01,78.93,1.65,1.53,0.253,27.21,76.21,normal,0.5,78.77333333333333,0.20999999999999996,1.4799999999999995,0.29000000000000004,1.5466666666666669,-0.07700000000000001,0.2613333333333333
2026-01-01 14:42:00,NODE_01,78.89,1.57,1.12,0.207,27.45,71.81,normal,-0.04000000000000625,78.75000000000001,-0.07999999999999985,1.553333333333333,-0.4099999999999999,1.296666666666667,-0.04600000000000001,0.2633333333333333
2026-01-01 14:52:00,NODE_01,77.6,1.54,1.93,0.198,25.68,72.91,normal,-1.2900000000000063,78.47333333333333,-0.030000000000000027,1.5866666666666662,0.8099999999999998,1.526666666666667,-0.00899999999999998,0.2193333333333333
2026-01-01 15:02:00,NODE_01,78.15,0.92,0.92,0.189,24.57,70.49,normal,0.5500000000000114,78.21333333333334,-0.62,1.343333333333333,-1.0099999999999998,1.3233333333333337,-0.009000000000000008,0.19799999999999995
2026-01-01 15:12:00,NODE_01,78.97,1.07,1.7,0.294,25.54,72.22,normal,0.8199999999999932,78.24,0.15000000000000002,1.1766666666666665,0.7799999999999999,1.5166666666666668,0.10499999999999998,0.22699999999999998
2026-01-01 15:22:00,NODE_01,78.24,1.6,1.65,0.369,28.09,65.53,normal,-0.730000000000004,78.45333333333333,0.53,1.1966666666666665,-0.050000000000000044,1.4233333333333338,0.07500000000000001,0.284
2026-01-01 15:32:00,NODE_01,79.24,2.2,1.39,0.221,26.74,71.01,normal,1.0,78.81666666666666,0.6000000000000001,1.623333333333333,-0.26,1.58,-0.148,0.29466666666666663
2026-01-01 15:42:00,NODE_01,78.77,1.53,1.31,0.271,26.24,70.95,normal,-0.46999999999999886,78.75,-0.6700000000000002,1.7766666666666664,-0.07999999999999985,1.4500000000000002,0.05000000000000002,0.287
2026-01-01 15:52:00,NODE_01,78.94,1.76,1.4,0.298,25.73,73.3,normal,0.1700000000000017,78.98333333333333,0.22999999999999998,1.8299999999999998,0.08999999999999986,1.366666666666667,0.02699999999999997,0.26333333333333325
2026-01-01 16:02:00,NODE_01,78.47,2.59,1.18,0.224,27.15,70.66,normal,-0.46999999999999886,78.72666666666667,0.8299999999999998,1.9599999999999997,-0.21999999999999997,1.296666666666667,-0.07399999999999998,0.2643333333333333
2026-01-01 16:12:00,NODE_01,78.23,2.02,1.03,0.268,25.15,68.18,normal,-0.23999999999999488,78.54666666666667,-0.5699999999999998,2.123333333333333,-0.1499999999999999,1.2033333333333338,0.04400000000000001,0.2633333333333333
2026-01-01 16:22:00,NODE_01,79.38,1.58,1.36,0.287,25.36,67.15,normal,1.1499999999999915,78.69333333333333,-0.43999999999999995,2.063333333333333,0.33000000000000007,1.1900000000000002,0.01899999999999996,0.25966666666666666
2026-01-01 16:32:00,NODE_01,79.35,1.45,0.94,0.336,26.31,67.71,normal,-0.030000000000001137,78.98666666666666,-0.13000000000000012,1.683333333333333,-0.42000000000000015,1.1100000000000003,0.049000000000000044,0.297
2026-01-01 16:42:00,NODE_01,78.32,1.79,1.32,0.21,26.15,64.68,normal,-1.0300000000000011,79.01666666666667,0.3400000000000001,1.6066666666666665,0.3800000000000001,1.206666666666667,-0.12600000000000003,0.2776666666666667
2026-01-01 16:52:00,NODE_01,78.58,1.33,1.39,0.278,25.91,71.37,normal,0.2600000000000051,78.75,-0.45999999999999996,1.5233333333333332,0.06999999999999984,1.216666666666667,0.06800000000000003,0.27466666666666667
2026-01-01 17:02:00,NODE_01,79.15,2.19,0.67,0.17,26.09,66.15,normal,0.5700000000000074,78.68333333333334,0.8599999999999999,1.7699999999999996,-0.7199999999999999,1.126666666666667,-0.10800000000000001,0.21933333333333335
2026-01-01 17:12:00,NODE_01,79.09,1.29,0.7,0.259,26.43,67.04,normal,-0.060000000000002274,78.94,-0.8999999999999999,1.6033333333333328,0.029999999999999916,0.9200000000000003,0.089,0.2356666666666667
2026-01-01 17:22:00,NODE_01,78.86,0.94,0.86,0.206,25.17,73.05,normal,-0.23000000000000398,79.03333333333335,-0.3500000000000001,1.4733333333333327,0.16000000000000003,0.7433333333333336,-0.05300000000000002,0.21166666666666667
2026-01-01 17:32:00,NODE_01,79.46,0.82,0.72,0.203,23.23,66.8,normal,0.5999999999999943,79.13666666666666,-0.12,1.0166666666666664,-0.14,0.7600000000000003,-0.002999999999999975,0.22266666666666668
2026-01-01 17:42:00,NODE_01,79.74,0.95,0.67,0.159,26.99,69.73,normal,0.28000000000000114,79.35333333333334,0.13,0.903333333333333,-0.04999999999999993,0.7500000000000003,-0.04400000000000001,0.18933333333333335
2026-01-01 17:52:00,NODE_01,79.02,1.06,0.67,0.271,28.39,64.48,normal,-0.7199999999999989,79.40666666666665,0.1100000000000001,0.943333333333333,0.0,0.686666666666667,0.11200000000000002,0.211
2026-01-01 18:02:00,NODE_01,79.72,1.12,1.2,0.208,24.14,73.99,normal,0.7000000000000028,79.49333333333334,0.06000000000000005,1.0433333333333332,0.5299999999999999,0.846666666666667,-0.06300000000000003,0.21266666666666667
2026-01-01 18:12:00,NODE_01,79.89,1.46,1.01,0.147,24.99,69.02,normal,0.1700000000000017,79.54333333333334,0.33999999999999986,1.2133333333333332,-0.18999999999999995,0.9600000000000003,-0.061,0.20866666666666667
2026-01-01 18:22:00,NODE_01,79.48,1.53,0.9,0.2,26.23,71.31,normal,-0.4099999999999966,79.69666666666667,0.07000000000000006,1.3699999999999999,-0.10999999999999999,1.036666666666667,0.05300000000000002,0.18499999999999997
2026-01-01 18:32:00,NODE_01,80.02,1.34,1.06,0.267,26.82,74.51,normal,0.539999999999992,79.79666666666667,-0.18999999999999995,1.4433333333333331,0.16000000000000003,0.9900000000000003,0.067,0.2046666666666667
2026-01-01 18:42:00,NODE_01,78.82,1.11,0.52,0.33,27.17,72.98,normal,-1.2000000000000028,79.44,-0.22999999999999998,1.3266666666666664,-0.54,0.8266666666666671,0.063,0.26566666666666666
2026-01-01 18:52:00,NODE_01,78.38,1.1,1.2,0.216,27.04,72.45,normal,-0.4399999999999977,79.07333333333332,-0.010000000000000009,1.183333333333333,0.6799999999999999,0.9266666666666671,-0.11400000000000002,0.27099999999999996
2026-01-01 19:02:00,NODE_01,78.48,1.12,1.05,0.29,24.9,71.82,normal,0.10000000000000853,78.56,0.020000000000000018,1.1099999999999997,-0.1499999999999999,0.9233333333333338,0.07399999999999998,0.2786666666666667
2026-01-01 19:12:00,NODE_01,79.7,1.39,1.27,0.183,28.17,62.75,normal,1.2199999999999989,78.85333333333334,0.2699999999999998,1.203333333333333,0.21999999999999997,1.1733333333333338,-0.10699999999999998,0.22966666666666669
2026-01-01 19:22:00,NODE_01,78.77,1.56,0.92,0.211,25.42,72.4,normal,-0.9300000000000068,78.98333333333333,0.17000000000000015,1.3566666666666662,-0.35,1.0800000000000003,0.027999999999999997,0.228
2026-01-01 19:32:00,NODE_01,78.4,0.7,0.78,0.199,25.92,72.28,normal,-0.36999999999999034,78.95666666666666,-0.8600000000000001,1.2166666666666661,-0.14,0.9900000000000003,-0.011999999999999983,0.19766666666666666
2026-01-01 19:42:00,NODE_01,79.05,1.29,0.76,0.297,25.38,74.9,normal,0.6499999999999915,78.74,0.5900000000000001,1.183333333333333,-0.020000000000000018,0.8200000000000004,0.09799999999999998,0.2356666666666667
2026-01-01 19:52:00,NODE_01,79.44,1.09,0.92,0.288,25.74,68.8,normal,0.39000000000000057,78.96333333333332,-0.19999999999999996,1.0266666666666664,0.16000000000000003,0.8200000000000004,-0.009000000000000008,0.26133333333333336
2026-01-01 20:02:00,NODE_01,80.6,1.13,0.27,0.167,26.26,67.19,normal,1.1599999999999966,79.69666666666667,0.039999999999999813,1.1699999999999997,-0.65,0.6500000000000004,-0.12099999999999997,0.25066666666666665
2026-01-01 20:12:00,NODE_01,79.52,0.97,0.79,0.161,27.01,77.83,normal,-1.0799999999999983,79.85333333333334,-0.15999999999999992,1.0633333333333328,0.52,0.6600000000000005,-0.006000000000000005,0.20533333333333337
2026-01-01 20:22:00,NODE_01,79.55,1.15,0.68,0.205,26.2,68.27,normal,0.030000000000001137,79.89,0.17999999999999994,1.083333333333333,-0.10999999999999999,0.5800000000000004,0.043999999999999984,0.17766666666666667
2026-01-01 20:32:00,NODE_01,79.61,1.11,0.46,0.136,27.65,70.61,normal,0.060000000000002274,79.56,-0.039999999999999813,1.0766666666666664,-0.22000000000000003,0.6433333333333338,-0.06899999999999998,0.16733333333333333
2026-01-01 20:42:00,NODE_01,80.27,0.75,0.23,0.153,25.8,67.73,normal,0.6599999999999966,79.81,-0.3600000000000001,1.003333333333333,-0.23,0.45666666666666705,0.016999999999999987,0.16466666666666668
2026-01-01 20:52:00,NODE_01,79.63,1.07,1.03,0.135,26.19,68.1,normal,-0.6400000000000006,79.83666666666666,0.32000000000000006,0.9766666666666665,0.8,0.5733333333333337,-0.017999999999999988,0.14133333333333334
2026-01-01 21:02:00,NODE_01,80.23,0.89,0.78,0.167,26.38,71.81,normal,0.6000000000000085,80.04333333333334,-0.18000000000000005,0.903333333333333,-0.25,0.6800000000000005,0.032,0.1516666666666667
2026-01-01 21:12:00,NODE_01,79.48,1.46,0.77,0.148,26.97,68.84,normal,-0.75,79.78,0.57,1.1399999999999997,-0.010000000000000009,0.8600000000000004,-0.019000000000000017,0.15000000000000002
2026-01-01 21:22:00,NODE_01,79.11,1.25,1.1,0.294,26.82,69.14,normal,-0.37000000000000455,79.60666666666667,-0.20999999999999996,1.1999999999999995,0.33000000000000007,0.8833333333333337,0.146,0.20299999999999999
2026-01-01 21:32:00,NODE_01,79.76,1.41,1.32,0.2,24.99,72.69,normal,0.6500000000000057,79.45,0.15999999999999992,1.373333333333333,0.21999999999999997,1.0633333333333337,-0.09399999999999997,0.214
2026-01-01 21:42:00,NODE_01,78.63,1.66,1.12,0.255,24.09,65.73,normal,-1.1300000000000097,79.16666666666667,0.25,1.4399999999999995,-0.19999999999999996,1.1800000000000006,0.05499999999999999,0.2496666666666667
2026-01-01 21:52:00,NODE_01,77.96,1.55,1.24,0.31,26.67,74.19,normal,-0.6700000000000017,78.78333333333332,-0.10999999999999988,1.5399999999999998,0.11999999999999988,1.2266666666666672,0.05499999999999999,0.25500000000000006
2026-01-01 22:02:00,NODE_01,78.21,1.44,1.04,0.198,28.0,70.24,normal,0.25,78.26666666666667,-0.1100000000000001,1.5499999999999996,-0.19999999999999996,1.1333333333333337,-0.11199999999999999,0.25433333333333336
2026-01-01 22:12:00,NODE_01,78.88,1.45,1.01,0.232,26.63,70.87,normal,0.6700000000000017,78.35,0.010000000000000009,1.4799999999999998,-0.030000000000000027,1.096666666666667,0.034,0.24666666666666667
2026-01-01 22:22:00,NODE_01,78.87,2.06,1.13,0.258,27.59,64.35,normal,-0.009999999999990905,78.65333333333332,0.6100000000000001,1.6499999999999997,0.11999999999999988,1.0600000000000005,0.025999999999999995,0.22933333333333336
2026-01-01 22:32:00,NODE_01,79.75,1.41,0.72,0.241,27.15,65.55,normal,0.8799999999999955,79.16666666666667,-0.6500000000000001,1.6399999999999997,-0.4099999999999999,0.9533333333333337,-0.017000000000000015,0.2436666666666667
2026-01-01 22:42:00,NODE_01,78.92,1.29,1.27,0.316,25.4,74.75,normal,-0.8299999999999983,79.18,-0.11999999999999988,1.5866666666666662,0.55,1.0400000000000003,0.07500000000000001,0.27166666666666667
2026-01-01 22:52:00,NODE_01,78.82,1.91,1.2,0.249,26.17,74.21,normal,-0.10000000000000853,79.16333333333334,0.6199999999999999,1.5366666666666664,-0.07000000000000006,1.0633333333333337,-0.067,0.26866666666666666
2026-01-01 23:02:00,NODE_01,79.87,0.99,1.14,0.193,25.02,75.09,normal,1.0500000000000114,79.20333333333333,-0.9199999999999999,1.3966666666666663,-0.06000000000000005,1.2033333333333338,-0.055999999999999994,0.25266666666666665
2026-01-01 23:12:00,NODE_01,79.3,1.9,0.45,0.26,26.22,71.27,normal,-0.5700000000000074,79.33,0.9099999999999999,1.5999999999999996,-0.69,0.9300000000000003,0.067,0.234
2026-01-01 23:22:00,NODE_01,79.0,1.26,0.6,0.246,25.77,70.22,normal,-0.29999999999999716,79.39,-0.6399999999999999,1.3833333333333329,0.14999999999999997,0.7300000000000004,-0.014000000000000012,0.233
2026-01-01 23:32:00,NODE_01,79.39,1.34,0.9,0.241,24.09,74.37,normal,0.39000000000000057,79.23,0.08000000000000007,1.4999999999999998,0.30000000000000004,0.6500000000000005,-0.0050000000000000044,0.249
2026-01-01 23:42:00,NODE_01,78.96,1.25,1.02,0.263,24.49,70.52,normal,-0.4300000000000068,79.11666666666666,-0.09000000000000008,1.2833333333333332,0.12,0.8400000000000004,0.02200000000000002,0.25
2026-01-01 23:52:00,NODE_01,78.59,1.73,1.12,0.224,27.28,71.29,normal,-0.36999999999999034,78.98,0.48,1.4399999999999997,0.10000000000000009,1.0133333333333339,-0.03900000000000001,0.2426666666666667
2026-01-02 00:02:00,NODE_01,77.4,1.31,1.66,0.308,25.99,70.48,normal,-1.1899999999999977,78.31666666666668,-0.41999999999999993,1.4299999999999997,0.5399999999999998,1.2666666666666673,0.08399999999999999,0.265
2026-01-02 00:12:00,NODE_01,78.85,2.08,1.07,0.276,25.04,75.6,normal,1.4499999999999886,78.28,0.77,1.7066666666666663,-0.5899999999999999,1.2833333333333339,-0.03199999999999997,0.26933333333333337
2026-01-02 00:22:00,NODE_01,78.11,1.72,1.18,0.245,29.09,68.02,normal,-0.7399999999999949,78.12,-0.3600000000000001,1.703333333333333,0.10999999999999988,1.303333333333334,-0.031000000000000028,0.2763333333333334
2026-01-02 00:32:00,NODE_01,78.79,1.66,0.83,0.199,26.48,65.42,normal,0.6800000000000068,78.58333333333333,-0.06000000000000005,1.8199999999999996,-0.35,1.0266666666666673,-0.045999999999999985,0.24
2026-01-02 00:42:00,NODE_01,78.38,1.9,1.45,0.341,25.49,69.14,normal,-0.4100000000000108,78.42666666666666,0.24,1.7599999999999998,0.62,1.1533333333333338,0.14200000000000002,0.26166666666666666
2026-01-02 00:52:00,NODE_01,79.15,1.59,1.46,0.227,25.59,72.39,normal,0.7700000000000102,78.77333333333334,-0.30999999999999983,1.7166666666666666,0.010000000000000009,1.246666666666667,-0.11400000000000002,0.25566666666666665
2026-01-02 01:02:00,NODE_01,78.49,1.3,1.51,0.176,26.13,69.1,normal,-0.6600000000000108,78.67333333333333,-0.29000000000000004,1.5966666666666665,0.050000000000000044,1.4733333333333338,-0.05100000000000002,0.24800000000000003
2026-01-02 01:12:00,NODE_01,78.98,1.84,1.28,0.222,26.72,69.34,normal,0.4900000000000091,78.87333333333333,0.54,1.5766666666666664,-0.22999999999999998,1.4166666666666672,0.04600000000000001,0.20833333333333334
2026-01-02 01:22:00,NODE_01,78.56,1.98,0.92,0.233,25.32,69.27,normal,-0.4200000000000017,78.67666666666666,0.1399999999999999,1.7066666666666663,-0.36,1.236666666666667,0.01100000000000001,0.21033333333333334
2026-01-02 01:32:00,NODE_01,79.5,1.26,1.09,0.177,26.84,70.15,normal,0.9399999999999977,79.01333333333334,-0.72,1.6933333333333331,0.17000000000000004,1.0966666666666671,-0.05600000000000002,0.21066666666666667
2026-01-02 01:42:00,NODE_01,78.68,2.17,1.06,0.233,26.71,71.81,normal,-0.8199999999999932,78.91333333333334,0.9099999999999999,1.803333333333333,-0.030000000000000027,1.0233333333333339,0.05600000000000002,0.21433333333333335
2026-01-02 01:52:00,NODE_01,77.94,2.02,1.03,0.291,25.49,72.84,normal,-0.7400000000000091,78.70666666666666,-0.1499999999999999,1.8166666666666664,-0.030000000000000027,1.0600000000000005,0.05799999999999997,0.2336666666666667
2026-01-02 02:02:00,NODE_01,79.61,1.99,1.72,0.172,25.61,66.3,normal,1.6700000000000017,78.74333333333334,-0.030000000000000027,2.0599999999999996,0.69,1.2700000000000005,-0.119,0.23199999999999998
2026-01-02 02:12:00,NODE_01,79.56,1.5,1.27,0.293,23.88,67.02,normal,-0.04999999999999716,79.03666666666668,-0.49,1.8366666666666662,-0.44999999999999996,1.3400000000000005,0.121,0.252
2026-01-02 02:22:00,NODE_01,78.72,1.31,1.04,0.261,27.2,70.15,normal,-0.8400000000000034,79.29666666666667,-0.18999999999999995,1.5999999999999996,-0.22999999999999998,1.3433333333333337,-0.03199999999999997,0.242
2026-01-02 02:32:00,NODE_01,78.12,2.07,1.27,0.212,25.24,73.22,normal,-0.5999999999999943,78.8,0.7599999999999998,1.6266666666666663,0.22999999999999998,1.1933333333333338,-0.049000000000000016,0.25533333333333336
2026-01-02 02:42:00,NODE_01,78.41,1.46,1.05,0.293,27.56,67.2,normal,0.28999999999999204,78.41666666666667,-0.6099999999999999,1.613333333333333,-0.21999999999999997,1.1200000000000003,0.08099999999999999,0.25533333333333336
2026-01-02 02:52:00,NODE_01,78.33,1.96,1.68,0.387,24.8,68.04,normal,-0.0799999999999983,78.28666666666668,0.5,1.8299999999999998,0.6299999999999999,1.333333333333334,0.09400000000000003,0.29733333333333334
2026-01-02 03:02:00,NODE_01,77.78,2.51,1.61,0.287,25.47,74.57,normal,-0.5499999999999972,78.17333333333333,0.5499999999999998,1.9766666666666663,-0.06999999999999984,1.4466666666666672,-0.10000000000000003,0.32233333333333336
2026-01-02 03:12:00,NODE_01,77.05,2.64,1.71,0.29,26.14,70.6,normal,-0.730000000000004,77.72000000000001,0.13000000000000034,2.3699999999999997,0.09999999999999987,1.6666666666666672,0.0030000000000000027,0.3213333333333333
2026-01-02 03:22:00,NODE_01,77.7,2.61,1.33,0.27,23.17,67.37,normal,0.6500000000000057,77.51,-0.03000000000000025,2.5866666666666664,-0.3799999999999999,1.5500000000000005,-0.019999999999999962,0.2823333333333333
2026-01-02 03:32:00,NODE_01,78.71,2.26,1.53,0.225,24.47,68.78,normal,1.009999999999991,77.82,-0.3500000000000001,2.503333333333333,0.19999999999999996,1.5233333333333337,-0.04500000000000001,0.26166666666666666
2026-01-02 03:42:00,NODE_01,79.16,2.33,2.13,0.331,26.23,78.11,normal,0.45000000000000284,78.52333333333333,0.07000000000000028,2.4,0.5999999999999999,1.6633333333333338,0.10600000000000001,0.2753333333333334
2026-01-02 03:52:00,NODE_01,78.56,2.29,1.96,0.328,26.52,72.26,normal,-0.5999999999999943,78.81,-0.040000000000000036,2.293333333333333,-0.16999999999999993,1.8733333333333337,-0.0030000000000000027,0.2946666666666667
2026-01-02 04:02:00,NODE_01,77.89,1.98,1.76,0.309,27.83,77.09,normal,-0.6700000000000017,78.53666666666668,-0.31000000000000005,2.1999999999999997,-0.19999999999999996,1.9500000000000004,-0.019000000000000017,0.3226666666666667
2026-01-02 04:12:00,NODE_01,77.16,2.42,1.47,0.245,25.79,73.23,normal,-0.730000000000004,77.86999999999999,0.43999999999999995,2.23,-0.29000000000000004,1.7300000000000004,-0.064,0.294
2026-01-02 04:22:00,NODE_01,78.38,2.17,2.4,0.259,25.9,69.64,normal,1.2199999999999989,77.81,-0.25,2.1899999999999995,0.9299999999999999,1.876666666666667,0.014000000000000012,0.271
2026-01-02 04:32:00,NODE_01,78.48,2.22,1.41,0.348,26.7,70.59,normal,0.10000000000000853,78.00666666666666,0.050000000000000266,2.2699999999999996,-0.99,1.7600000000000005,0.08899999999999997,0.284
2026-01-02 04:42:00,NODE_01,78.59,1.75,1.55,0.242,26.74,74.49,normal,0.10999999999999943,78.48333333333333,-0.4700000000000002,2.0466666666666664,0.14000000000000012,1.786666666666667,-0.10599999999999998,0.283
2026-01-02 04:52:00,NODE_01,78.65,1.39,1.68,0.338,25.87,71.56,normal,0.060000000000002274,78.57333333333334,-0.3600000000000001,1.7866666666666664,0.1299999999999999,1.546666666666667,0.09600000000000003,0.3093333333333333
2026-01-02 05:02:00,NODE_01,79.0,1.8,1.51,0.239,26.51,73.31,normal,0.3499999999999943,78.74666666666667,0.41000000000000014,1.6466666666666665,-0.16999999999999993,1.5800000000000003,-0.09900000000000003,0.27299999999999996
2026-01-02 05:12:00,NODE_01,78.87,1.72,0.96,0.246,25.7,73.37,normal,-0.12999999999999545,78.84000000000002,-0.08000000000000007,1.6366666666666665,-0.55,1.3833333333333337,0.007000000000000006,0.2743333333333333
2026-01-02 05:22:00,NODE_01,77.59,2.36,1.8,0.309,24.99,68.88,normal,-1.2800000000000011,78.48666666666666,0.6399999999999999,1.9599999999999997,0.8400000000000001,1.4233333333333338,0.063,0.26466666666666666
2026-01-02 05:32:00,NODE_01,77.71,1.41,1.1,0.263,26.31,67.62,normal,0.11999999999999034,78.05666666666666,-0.95,1.8299999999999994,-0.7,1.286666666666667,-0.045999999999999985,0.27266666666666667
2026-01-02 05:42:00,NODE_01,79.73,2.05,0.95,0.213,24.71,71.14,normal,2.0200000000000102,78.34333333333335,0.6399999999999999,1.9399999999999995,-0.15000000000000013,1.2833333333333339,-0.05000000000000002,0.26166666666666666
2026-01-02 05:52:00,NODE_01,79.13,2.23,1.63,0.307,25.2,68.26,normal,-0.6000000000000085,78.85666666666667,0.18000000000000016,1.8966666666666665,0.6799999999999999,1.2266666666666672,0.094,0.26099999999999995
2026-01-02 06:02:00,NODE_01,79.35,2.22,1.49,0.339,25.83,69.14,normal,0.21999999999999886,79.40333333333332,-0.009999999999999787,2.1666666666666665,-0.1399999999999999,1.3566666666666671,0.03200000000000003,0.28633333333333333
2026-01-02 06:12:00,NODE_01,77.61,2.23,1.62,0.235,25.43,78.66,normal,-1.7399999999999949,78.69666666666666,0.009999999999999787,2.2266666666666666,0.13000000000000012,1.5800000000000003,-0.10400000000000004,0.2936666666666667
2026-01-02 06:22:00,NODE_01,78.68,1.73,1.41,0.264,25.29,67.39,normal,1.0700000000000074,78.54666666666667,-0.5,2.0599999999999996,-0.2100000000000002,1.506666666666667,0.029000000000000026,0.2793333333333333
2026-01-02 06:32:00,NODE_01,78.29,2.3,1.11,0.291,26.77,67.17,normal,-0.39000000000000057,78.19333333333334,0.5699999999999998,2.0866666666666664,-0.2999999999999998,1.3800000000000006,0.02699999999999997,0.2633333333333333
2026-01-02 06:42:00,NODE_01,78.75,1.23,1.5,0.332,24.36,71.42,normal,0.45999999999999375,78.57333333333334,-1.0699999999999998,1.7533333333333332,0.3899999999999999,1.3400000000000005,0.041000000000000036,0.2956666666666667
2026-01-02 06:52:00,NODE_01,79.16,2.01,1.59,0.375,25.75,72.1,normal,0.4099999999999966,78.73333333333333,0.7799999999999998,1.8466666666666665,0.09000000000000008,1.4000000000000004,0.04299999999999998,0.33266666666666667
2026-01-02 07:02:00,NODE_01,79.28,1.33,1.47,0.289,27.34,66.7,normal,0.12000000000000455,79.06333333333333,-0.6799999999999997,1.5233333333333328,-0.1200000000000001,1.5200000000000005,-0.08600000000000002,0.332
2026-01-02 07:12:00,NODE_01,78.54,2.44,1.1,0.23,25.0,71.92,normal,-0.7399999999999949,78.99333333333333,1.1099999999999999,1.9266666666666665,-0.3699999999999999,1.386666666666667,-0.05899999999999997,0.298
2026-01-02 07:22:00,NODE_01,79.63,1.62,1.89,0.306,27.34,73.44,normal,1.0899999999999892,79.14999999999999,-0.8199999999999998,1.7966666666666662,0.7899999999999998,1.486666666666667,0.07599999999999998,0.27499999999999997
2026-01-02 07:32:00,NODE_01,78.69,1.92,1.45,0.322,27.56,66.91,normal,-0.9399999999999977,78.95333333333333,0.2999999999999998,1.993333333333333,-0.43999999999999995,1.4800000000000004,0.016000000000000014,0.28600000000000003
2026-01-02 07:42:00,NODE_01,78.61,2.11,1.31,0.395,26.53,68.73,normal,-0.0799999999999983,78.97666666666667,0.18999999999999995,1.8833333333333329,-0.1399999999999999,1.5500000000000005,0.07300000000000001,0.34099999999999997
2026-01-02 07:52:00,NODE_01,78.73,2.13,1.62,0.293,23.72,73.54,normal,0.12000000000000455,78.67666666666666,0.020000000000000018,2.053333333333333,0.31000000000000005,1.4600000000000006,-0.10200000000000004,0.33666666666666667
2026-01-02 08:02:00,NODE_01,77.83,2.49,2.23,0.348,24.51,69.81,normal,-0.9000000000000057,78.39,0.3600000000000003,2.2433333333333327,0.6099999999999999,1.7200000000000004,0.05499999999999999,0.3453333333333333
2026-01-02 08:12:00,NODE_01,77.88,2.13,1.2,0.236,25.47,72.24,normal,0.04999999999999716,78.14666666666666,-0.3600000000000003,2.25,-1.03,1.6833333333333338,-0.11199999999999999,0.2923333333333333
2026-01-02 08:22:00,NODE_01,77.69,2.46,1.69,0.324,25.56,69.65,normal,-0.18999999999999773,77.8,0.33000000000000007,2.3599999999999994,0.49,1.706666666666667,0.08800000000000002,0.30266666666666664
2026-01-02 08:32:00,NODE_01,77.89,1.48,2.2,0.245,26.23,73.42,normal,0.20000000000000284,77.82000000000001,-0.98,2.023333333333333,0.5100000000000002,1.696666666666667,-0.07900000000000001,0.2683333333333333
2026-01-02 08:42:00,NODE_01,77.6,2.18,1.2,0.228,26.25,69.62,normal,-0.29000000000000625,77.72666666666666,0.7000000000000002,2.0399999999999996,-1.0000000000000002,1.696666666666667,-0.016999999999999987,0.26566666666666666
2026-01-02 08:52:00,NODE_01,78.38,2.22,1.83,0.239,26.36,71.72,normal,0.7800000000000011,77.95666666666666,0.040000000000000036,1.9599999999999997,0.6300000000000001,1.7433333333333338,0.010999999999999982,0.2373333333333333
2026-01-02 09:02:00,NODE_01,77.9,1.99,0.9,0.283,25.48,70.51,normal,-0.47999999999998977,77.96,-0.2300000000000002,2.1299999999999994,-0.93,1.3100000000000003,0.043999999999999984,0.25
2026-01-02 09:12:00,NODE_01,78.59,1.5,1.14,0.223,26.25,66.11,normal,0.6899999999999977,78.29,-0.49,1.903333333333333,0.23999999999999988,1.2900000000000003,-0.05999999999999997,0.24833333333333332
2026-01-02 09:22:00,NODE_01,78.6,1.39,1.27,0.287,26.53,68.0,normal,0.009999999999990905,78.36333333333333,-0.1100000000000001,1.6266666666666663,0.13000000000000012,1.1033333333333337,0.06399999999999997,0.26433333333333336
2026-01-02 09:32:00,NODE_01,78.93,1.62,0.88,0.33,24.92,72.39,normal,0.3300000000000125,78.70666666666666,0.2300000000000002,1.503333333333333,-0.39,1.096666666666667,0.04300000000000004,0.28
2026-01-02 09:42:00,NODE_01,78.17,2.11,1.17,0.333,24.72,75.23,normal,-0.7600000000000051,78.56666666666666,0.48999999999999977,1.7066666666666663,0.2899999999999999,1.106666666666667,0.0030000000000000027,0.3166666666666667
2026-01-02 09:52:00,NODE_01,78.16,0.83,1.39,0.328,26.2,73.27,normal,-0.010000000000005116,78.42,-1.2799999999999998,1.5199999999999996,0.21999999999999997,1.1466666666666667,-0.0050000000000000044,0.33033333333333337
2026-01-02 10:02:00,NODE_01,78.67,1.92,1.81,0.274,26.92,73.36,normal,0.5100000000000051,78.33333333333333,1.0899999999999999,1.6199999999999999,0.42000000000000015,1.456666666666667,-0.05399999999999999,0.3116666666666667
2026-01-02 10:12:00,NODE_01,78.0,1.54,0.81,0.265,28.34,70.64,normal,-0.6700000000000017,78.27666666666666,-0.3799999999999999,1.4299999999999997,-1.0,1.336666666666667,-0.009000000000000008,0.289
2026-01-02 10:22:00,NODE_01,79.27,1.18,1.03,0.234,27.05,72.38,normal,1.269999999999996,78.64666666666666,-0.3600000000000001,1.5466666666666662,0.21999999999999997,1.216666666666667,-0.031,0.25766666666666665
2026-01-02 10:32:00,NODE_01,74.97,3.61,3.15,0.54,24.71,76.48,warning,-4.299999999999997,77.41333333333334,2.4299999999999997,2.11,2.12,1.6633333333333338,0.30600000000000005,0.3463333333333334
2026-01-02 10:42:00,NODE_01,75.0,3.5,3.04,0.659,27.17,70.98,warning,0.030000000000001137,76.41333333333334,-0.10999999999999988,2.763333333333333,-0.10999999999999988,2.4066666666666667,0.119,0.47766666666666674
2026-01-02 10:52:00,NODE_01,75.94,3.1,3.3,0.506,26.81,69.95,warning,0.9399999999999977,75.30333333333334,-0.3999999999999999,3.403333333333333,0.2599999999999998,3.1633333333333336,-0.15300000000000002,0.5683333333333334
2026-01-02 11:02:00,NODE_01,76.4,3.39,2.26,0.358,26.96,75.84,warning,0.46000000000000796,75.77999999999999,0.29000000000000004,3.3299999999999996,-1.04,2.8666666666666667,-0.14800000000000002,0.5076666666666667
2026-01-02 11:12:00,NODE_01,75.7,3.11,2.16,0.421,24.35,74.95,warning,-0.7000000000000028,76.01333333333334,-0.28000000000000025,3.1999999999999997,-0.09999999999999964,2.5733333333333337,0.063,0.4283333333333334
2026-01-02 11:22:00,NODE_01,75.42,3.22,1.83,0.413,26.14,65.65,warning,-0.28000000000000114,75.84000000000002,0.11000000000000032,3.2399999999999998,-0.33000000000000007,2.0833333333333335,-0.008000000000000007,0.39733333333333337
2026-01-02 11:32:00,NODE_01,77.39,2.57,3.29,0.545,26.61,67.22,warning,1.9699999999999989,76.17,-0.6500000000000004,2.9666666666666663,1.46,2.426666666666667,0.13200000000000006,0.45966666666666667
2026-01-02 11:42:00,NODE_01,77.49,3.62,2.37,0.475,25.28,74.3,warning,0.09999999999999432,76.76666666666667,1.0500000000000003,3.1366666666666667,-0.9199999999999999,2.4966666666666666,-0.07000000000000006,0.4776666666666667
2026-01-02 11:52:00,NODE_01,76.72,2.56,2.02,0.433,26.95,67.62,warning,-0.769999999999996,77.19999999999999,-1.06,2.9166666666666665,-0.3500000000000001,2.56,-0.04199999999999998,0.48433333333333334
2026-01-02 12:02:00,NODE_01,75.89,3.0,2.82,0.358,27.19,72.64,warning,-0.8299999999999983,76.7,0.43999999999999995,3.06,0.7999999999999998,2.4033333333333338,-0.07500000000000001,0.422
2026-01-02 12:12:00,NODE_01,77.34,1.73,2.62,0.476,26.88,70.88,warning,1.4500000000000028,76.65,-1.27,2.4299999999999997,-0.19999999999999973,2.486666666666667,0.118,0.4223333333333334
2026-01-02 12:22:00,NODE_01,77.52,2.95,1.74,0.524,28.3,70.14,warning,0.1799999999999926,76.91666666666667,1.2200000000000002,2.56,-0.8800000000000001,2.3933333333333335,0.04800000000000004,0.4526666666666667
2026-01-02 12:32:00,NODE_01,77.97,2.79,1.87,0.507,26.1,65.2,normal,0.45000000000000284,77.61,-0.16000000000000014,2.4899999999999998,0.13000000000000012,2.0766666666666667,-0.017000000000000015,0.5023333333333334
2026-01-02 12:42:00,NODE_01,77.56,2.11,1.14,0.319,24.03,73.66,normal,-0.4099999999999966,77.68333333333334,-0.6800000000000002,2.6166666666666663,-0.7300000000000002,1.5833333333333333,-0.188,0.4500000000000001
2026-01-02 12:52:00,NODE_01,78.36,2.37,2.2,0.462,26.42,74.73,normal,0.7999999999999972,77.96333333333334,0.26000000000000023,2.423333333333333,1.0600000000000003,1.736666666666667,0.14300000000000002,0.4293333333333334
2026-01-02 13:02:00,NODE_01,77.37,2.32,1.54,0.381,26.71,66.38,normal,-0.9899999999999949,77.76333333333334,-0.050000000000000266,2.266666666666666,-0.6600000000000001,1.626666666666667,-0.08100000000000002,0.3873333333333335
2026-01-02 13:12:00,NODE_01,77.09,2.43,1.71,0.395,28.05,72.86,normal,-0.28000000000000114,77.60666666666667,0.11000000000000032,2.373333333333333,0.16999999999999993,1.816666666666667,0.014000000000000012,0.4126666666666668
2026-01-02 13:22:00,NODE_01,78.65,2.54,1.84,0.376,25.52,70.1,normal,1.5600000000000023,77.70333333333333,0.10999999999999988,2.4299999999999997,0.13000000000000012,1.696666666666667,-0.019000000000000017,0.38400000000000006
2026-01-02 13:32:00,NODE_01,77.26,1.95,1.44,0.331,24.4,66.93,normal,-1.3900000000000006,77.66666666666667,-0.5900000000000001,2.306666666666666,-0.40000000000000013,1.6633333333333333,-0.044999999999999984,0.36733333333333346
2026-01-02 13:42:00,NODE_01,77.52,2.04,1.62,0.375,24.86,78.8,normal,0.2599999999999909,77.81,0.09000000000000008,2.1766666666666663,0.18000000000000016,1.6333333333333335,0.043999999999999984,0.36066666666666675
2026-01-02 13:52:00,NODE_01,78.86,2.23,1.7,0.245,25.09,70.29,normal,1.3400000000000034,77.88,0.18999999999999995,2.073333333333333,0.07999999999999985,1.586666666666667,-0.13,0.3170000000000001
2026-01-02 14:02:00,NODE_01,77.39,1.89,1.34,0.33,26.73,69.58,normal,-1.4699999999999989,77.92333333333333,-0.3400000000000001,2.0533333333333332,-0.3599999999999999,1.5533333333333335,0.08500000000000002,0.31666666666666676
2026-01-02 14:12:00,NODE_01,78.17,1.95,1.34,0.362,27.36,70.48,normal,0.7800000000000011,78.14,0.06000000000000005,2.023333333333333,0.0,1.4600000000000002,0.03199999999999997,0.3123333333333334
2026-01-02 14:22:00,NODE_01,78.95,2.1,1.53,0.373,26.3,69.52,normal,0.7800000000000011,78.17,0.15000000000000013,1.9799999999999998,0.18999999999999995,1.4033333333333335,0.01100000000000001,0.35500000000000004
2026-01-02 14:32:00,NODE_01,77.41,2.01,2.05,0.365,24.13,68.83,normal,-1.5400000000000063,78.17666666666666,-0.0900000000000003,2.0199999999999996,0.5199999999999998,1.6400000000000003,-0.008000000000000007,0.3666666666666667
2026-01-02 14:42:00,NODE_01,78.44,2.23,1.82,0.347,24.78,65.05,normal,1.0300000000000011,78.26666666666667,0.2200000000000002,2.113333333333333,-0.22999999999999976,1.8,-0.018000000000000016,0.36166666666666675
2026-01-02 14:52:00,NODE_01,77.82,2.25,2.13,0.435,26.94,66.01,normal,-0.6200000000000045,77.89,0.020000000000000018,2.1633333333333327,0.30999999999999983,2.0,0.08800000000000002,0.3823333333333334
2026-01-02 15:02:00,NODE_01,77.53,2.78,1.88,0.373,23.87,74.24,normal,-0.28999999999999204,77.92999999999999,0.5299999999999998,2.4199999999999995,-0.25,1.9433333333333334,-0.062,0.38500000000000006
2026-01-02 15:12:00,NODE_01,76.43,2.17,1.13,0.39,27.08,70.97,normal,-1.0999999999999943,77.26,-0.6099999999999999,2.4,-0.75,1.7133333333333332,0.017000000000000015,0.3993333333333334
2026-01-02 15:22:00,NODE_01,77.51,1.85,1.77,0.352,22.98,70.66,normal,1.0799999999999983,77.15666666666668,-0.31999999999999984,2.266666666666666,0.6400000000000001,1.593333333333333,-0.038000000000000034,0.37166666666666676
2026-01-02 15:32:00,NODE_01,78.79,2.21,1.76,0.326,26.53,69.69,normal,1.2800000000000011,77.57666666666667,0.3599999999999999,2.0766666666666667,-0.010000000000000009,1.5533333333333335,-0.025999999999999968,0.35600000000000004
2026-01-02 15:42:00,NODE_01,77.62,1.77,1.64,0.302,24.97,77.55,normal,-1.1700000000000017,77.97333333333334,-0.43999999999999995,1.9433333333333327,-0.1200000000000001,1.7233333333333334,-0.02400000000000002,0.3266666666666667
2026-01-02 15:52:00,NODE_01,79.06,2.2,1.1,0.355,25.91,75.89,normal,1.4399999999999977,78.49000000000001,0.43000000000000016,2.06,-0.5399999999999998,1.5,0.05299999999999999,0.3276666666666667
2026-01-02 16:02:00,NODE_01,78.35,2.23,1.22,0.303,25.92,64.5,normal,-0.710000000000008,78.34333333333333,0.029999999999999805,2.0666666666666664,0.11999999999999988,1.32,-0.05199999999999999,0.32000000000000006
2026-01-02 16:12:00,NODE_01,77.41,1.67,1.7,0.295,25.04,75.49,normal,-0.9399999999999977,78.27333333333333,-0.56,2.033333333333333,0.48,1.3399999999999999,-0.008000000000000007,0.3176666666666667
2026-01-02 16:22:00,NODE_01,78.46,2.14,1.11,0.3,24.71,66.28,normal,1.0499999999999972,78.07333333333332,0.4700000000000002,2.013333333333333,-0.5899999999999999,1.3433333333333335,0.0050000000000000044,0.2993333333333334
2026-01-02 16:32:00,NODE_01,78.37,1.93,1.14,0.313,25.86,66.67,normal,-0.0899999999999892,78.08,-0.2100000000000002,1.913333333333333,0.029999999999999805,1.3166666666666667,0.013000000000000012,0.3026666666666667
2026-01-02 16:42:00,NODE_01,77.95,1.49,2.45,0.38,26.9,65.45,normal,-0.4200000000000017,78.26,-0.43999999999999995,1.8533333333333328,1.3100000000000003,1.5666666666666667,0.067,0.3310000000000001
2026-01-02 16:52:00,NODE_01,79.52,1.71,1.5,0.464,25.5,63.49,normal,1.5699999999999932,78.61333333333333,0.21999999999999997,1.7099999999999997,-0.9500000000000002,1.6966666666666665,0.08400000000000002,0.38566666666666677
2026-01-02 17:02:00,NODE_01,78.49,1.9,1.93,0.328,26.19,73.3,normal,-1.0300000000000011,78.65333333333332,0.18999999999999995,1.7,0.42999999999999994,1.96,-0.136,0.3906666666666668
2026-01-02 17:12:00,NODE_01,78.4,1.99,2.04,0.313,27.78,70.66,normal,-0.0899999999999892,78.80333333333333,0.09000000000000008,1.8666666666666663,0.1100000000000001,1.8233333333333333,-0.015000000000000013,0.3683333333333334
2026-01-02 17:22:00,NODE_01,77.98,1.59,1.5,0.31,23.91,70.98,normal,-0.4200000000000017,78.29,-0.3999999999999999,1.8266666666666662,-0.54,1.8233333333333333,-0.0030000000000000027,0.3170000000000001
2026-01-02 17:32:00,NODE_01,78.5,1.55,1.38,0.298,25.28,74.35,normal,0.519999999999996,78.29333333333334,-0.040000000000000036,1.7099999999999997,-0.1200000000000001,1.64,-0.01200000000000001,0.30700000000000005
2026-01-02 17:42:00,NODE_01,77.62,1.91,1.43,0.342,26.36,76.14,normal,-0.8799999999999955,78.03333333333335,0.3599999999999999,1.683333333333333,0.050000000000000044,1.4366666666666665,0.04400000000000004,0.3166666666666667
2026-01-02 17:52:00,NODE_01,78.9,2.23,1.2,0.271,24.42,68.58,normal,1.2800000000000011,78.33999999999999,0.32000000000000006,1.8966666666666665,-0.22999999999999998,1.3366666666666667,-0.07100000000000001,0.30366666666666675
2026-01-02 18:02:00,NODE_01,79.08,1.75,1.74,0.304,25.22,70.24,normal,0.1799999999999926,78.53333333333333,-0.48,1.963333333333333,0.54,1.4566666666666668,0.032999999999999974,0.30566666666666675
2026-01-02 18:12:00,NODE_01,79.02,1.71,1.76,0.32,26.75,74.53,normal,-0.060000000000002274,79.0,-0.040000000000000036,1.8966666666666665,0.020000000000000018,1.5666666666666667,0.016000000000000014,0.2983333333333334
2026-01-02 18:22:00,NODE_01,79.56,1.78,1.49,0.27,26.23,71.66,normal,0.5400000000000063,79.21999999999998,0.07000000000000006,1.7466666666666664,-0.27,1.6633333333333333,-0.04999999999999999,0.2980000000000001
2026-01-02 18:32:00,NODE_01,78.47,1.18,1.15,0.231,25.57,72.44,normal,-1.0900000000000034,79.01666666666667,-0.6000000000000001,1.5566666666666664,-0.3400000000000001,1.4666666666666666,-0.03900000000000001,0.2736666666666668
2026-01-02 18:42:00,NODE_01,79.06,1.43,1.13,0.151,24.46,69.91,normal,0.5900000000000034,79.03000000000002,0.25,1.463333333333333,-0.020000000000000018,1.2566666666666666,-0.08000000000000002,0.21733333333333346
2026-01-02 18:52:00,NODE_01,78.98,1.47,0.94,0.237,26.52,69.21,normal,-0.0799999999999983,78.83666666666667,0.040000000000000036,1.3599999999999994,-0.18999999999999995,1.0733333333333333,0.086,0.2063333333333334
2026-01-02 19:02:00,NODE_01,79.79,0.81,0.41,0.126,26.66,70.18,normal,0.8100000000000023,79.27666666666669,-0.6599999999999999,1.2366666666666664,-0.53,0.8266666666666667,-0.11099999999999999,0.17133333333333342
2026-01-02 19:12:00,NODE_01,79.39,1.21,0.71,0.331,25.62,68.97,normal,-0.4000000000000057,79.38666666666667,0.3999999999999999,1.163333333333333,0.3,0.6866666666666665,0.20500000000000002,0.2313333333333334
2026-01-02 19:22:00,NODE_01,78.77,1.69,0.53,0.19,26.93,70.24,normal,-0.6200000000000045,79.31666666666666,0.48,1.2366666666666664,-0.17999999999999994,0.5499999999999999,-0.14100000000000001,0.21566666666666676
2026-01-02 19:32:00,NODE_01,79.72,1.27,1.05,0.173,26.24,75.69,normal,0.9500000000000028,79.29333333333334,-0.41999999999999993,1.3899999999999997,0.52,0.7633333333333333,-0.017000000000000015,0.2313333333333334
2026-01-02 19:42:00,NODE_01,73.28,4.66,3.73,0.464,27.2,69.33,warning,-6.439999999999998,77.25666666666666,3.39,2.5399999999999996,2.6799999999999997,1.7700000000000002,0.29100000000000004,0.2756666666666667
2026-01-02 19:52:00,NODE_01,76.37,3.3,1.98,0.653,26.15,69.64,warning,3.0900000000000034,76.45666666666666,-1.3600000000000003,3.0766666666666667,-1.75,2.2533333333333334,0.189,0.4300000000000001
2026-01-02 20:02:00,NODE_01,74.51,3.32,2.23,0.467,26.29,71.85,warning,-1.8599999999999994,74.72,0.020000000000000018,3.76,0.25,2.6466666666666665,-0.186,0.5280000000000001
2026-01-02 20:12:00,NODE_01,73.98,4.21,3.27,0.65,26.5,69.3,warning,-0.5300000000000011,74.95333333333333,0.8900000000000001,3.6099999999999994,1.04,2.493333333333333,0.183,0.5900000000000001
2026-01-02 20:22:00,NODE_01,74.38,3.0,3.16,0.42,25.08,73.86,warning,0.3999999999999915,74.29,-1.21,3.5099999999999993,-0.10999999999999988,2.8866666666666667,-0.23000000000000004,0.5123333333333334
2026-01-02 20:32:00,NODE_01,74.64,4.04,2.87,0.62,26.77,69.2,warning,0.2600000000000051,74.33333333333333,1.04,3.7499999999999996,-0.29000000000000004,3.1,0.2,0.5633333333333334
2026-01-02 20:42:00,NODE_01,74.72,2.78,3.11,0.541,24.71,71.89,warning,0.0799999999999983,74.58,-1.2600000000000002,3.273333333333333,0.23999999999999977,3.046666666666667,-0.07899999999999996,0.5270000000000001
2026-01-02 20:52:00,NODE_01,77.01,3.39,2.94,0.412,28.06,71.81,warning,2.2900000000000063,75.45666666666666,0.6100000000000003,3.403333333333333,-0.16999999999999993,2.973333333333333,-0.12900000000000006,0.5243333333333334
2026-01-02 21:02:00,NODE_01,75.75,3.5,3.47,0.462,26.38,75.46,warning,-1.2600000000000051,75.82666666666667,0.10999999999999988,3.2233333333333327,0.5300000000000002,3.1733333333333333,0.050000000000000044,0.47166666666666673
2026-01-02 21:12:00,NODE_01,75.93,3.84,3.07,0.553,27.11,70.57,warning,0.18000000000000682,76.23,0.33999999999999986,3.5766666666666667,-0.40000000000000036,3.16,0.09100000000000003,0.47566666666666674
2026-01-02 21:22:00,NODE_01,77.08,2.47,2.67,0.553,27.15,72.26,warning,1.1499999999999915,76.25333333333334,-1.3699999999999997,3.2699999999999996,-0.3999999999999999,3.0700000000000003,0.0,0.5226666666666668
2026-01-02 21:32:00,NODE_01,76.69,2.66,1.7,0.539,25.44,69.34,warning,-0.39000000000000057,76.56666666666666,0.18999999999999995,2.9899999999999998,-0.97,2.48,-0.014000000000000012,0.5483333333333335
2026-01-02 21:42:00,NODE_01,75.1,3.84,1.76,0.377,24.4,73.98,warning,-1.5900000000000034,76.28999999999999,1.1799999999999997,2.9899999999999998,0.06000000000000005,2.0433333333333334,-0.16200000000000003,0.48966666666666675
2026-01-02 21:52:00,NODE_01,76.18,3.35,3.1,0.471,25.69,71.27,warning,1.0800000000000125,75.99,-0.48999999999999977,3.2833333333333328,1.34,2.186666666666667,0.09399999999999997,0.46233333333333343
2026-01-02 22:02:00,NODE_01,76.24,3.27,2.71,0.549,25.9,68.03,warning,0.05999999999998806,75.83999999999999,-0.08000000000000007,3.4866666666666664,-0.3900000000000001,2.5233333333333334,0.07800000000000007,0.46566666666666673
2026-01-02 22:12:00,NODE_01,76.13,2.59,2.41,0.348,26.86,66.09,warning,-0.10999999999999943,76.18333333333334,-0.6800000000000002,3.07,-0.2999999999999998,2.74,-0.20100000000000007,0.4560000000000001
2026-01-02 22:22:00,NODE_01,77.73,2.34,2.93,0.315,27.64,68.89,warning,1.6000000000000085,76.7,-0.25,2.733333333333333,0.52,2.6833333333333336,-0.032999999999999974,0.4040000000000001
2026-01-02 22:32:00,NODE_01,76.35,2.6,2.42,0.325,26.3,70.36,warning,-1.3800000000000097,76.73666666666666,0.26000000000000023,2.51,-0.5100000000000002,2.5866666666666664,0.010000000000000009,0.3293333333333334
2026-01-02 22:42:00,NODE_01,77.61,2.21,1.58,0.348,25.63,72.83,warning,1.2600000000000051,77.23,-0.3900000000000001,2.3833333333333333,-0.8399999999999999,2.31,0.022999999999999965,0.3293333333333334
2026-01-02 22:52:00,NODE_01,77.97,3.14,1.81,0.344,25.89,69.44,warning,0.35999999999999943,77.31,0.9300000000000002,2.65,0.22999999999999998,1.9366666666666668,-0.0040000000000000036,0.33900000000000013
2026-01-02 23:02:00,NODE_01,76.92,2.8,1.32,0.527,26.91,66.83,warning,-1.0499999999999972,77.5,-0.3400000000000003,2.7166666666666663,-0.49,1.57,0.18300000000000005,0.40633333333333344
2026-01-02 23:12:00,NODE_01,76.47,3.46,1.91,0.506,26.49,69.97,warning,-0.45000000000000284,77.11999999999999,0.6600000000000001,3.133333333333333,0.5899999999999999,1.68,-0.02100000000000002,0.4590000000000001
2026-01-02 23:22:00,NODE_01,77.99,2.33,1.07,0.451,28.54,64.15,warning,1.519999999999996,77.12666666666667,-1.13,2.863333333333333,-0.8399999999999999,1.4333333333333333,-0.05499999999999999,0.4946666666666668
2026-01-02 23:32:00,NODE_01,77.04,2.56,1.69,0.306,25.79,73.38,normal,-0.9499999999999886,77.16666666666667,0.22999999999999998,2.783333333333333,0.6199999999999999,1.5566666666666666,-0.14500000000000002,0.4210000000000001
2026-01-02 23:42:00,NODE_01,78.39,2.09,1.62,0.395,25.73,66.4,normal,1.3499999999999943,77.80666666666667,-0.4700000000000002,2.326666666666666,-0.06999999999999984,1.46,0.08900000000000002,0.38400000000000006
2026-01-02 23:52:00,NODE_01,77.69,1.96,1.44,0.328,24.01,70.23,normal,-0.7000000000000028,77.70666666666666,-0.1299999999999999,2.2033333333333327,-0.18000000000000016,1.5833333333333333,-0.067,0.343
2026-01-03 00:02:00,NODE_01,77.99,2.33,1.76,0.449,27.24,68.26,normal,0.29999999999999716,78.02333333333333,0.3700000000000001,2.1266666666666665,0.32000000000000006,1.6066666666666667,0.121,0.3906666666666667
2026-01-03 00:12:00,NODE_01,77.74,2.02,1.67,0.269,26.61,70.64,normal,-0.25,77.80666666666667,-0.31000000000000005,2.103333333333333,-0.09000000000000008,1.6233333333333333,-0.18,0.34866666666666674
2026-01-03 00:22:00,NODE_01,76.43,2.16,2.22,0.353,25.0,71.01,normal,-1.309999999999988,77.38666666666667,0.14000000000000012,2.17,0.5500000000000003,1.8833333333333335,0.08399999999999996,0.35700000000000004
2026-01-03 00:32:00,NODE_01,78.13,2.23,1.25,0.415,26.01,71.55,normal,1.6999999999999886,77.43333333333334,0.06999999999999984,2.1366666666666663,-0.9700000000000002,1.7133333333333336,0.062,0.34566666666666673
2026-01-03 00:42:00,NODE_01,77.95,2.31,1.34,0.353,25.09,67.85,normal,-0.1799999999999926,77.50333333333333,0.08000000000000007,2.233333333333333,0.09000000000000008,1.6033333333333335,-0.062,0.37366666666666676
2026-01-03 00:52:00,NODE_01,78.2,2.07,1.87,0.29,26.27,71.71,normal,0.25,78.09333333333332,-0.2400000000000002,2.2033333333333327,0.53,1.4866666666666666,-0.063,0.35266666666666674
2026-01-03 01:02:00,NODE_01,79.17,2.29,1.55,0.299,24.98,67.02,normal,0.9699999999999989,78.44,0.2200000000000002,2.223333333333333,-0.32000000000000006,1.5866666666666667,0.009000000000000008,0.31400000000000006
2026-01-03 01:12:00,NODE_01,77.41,1.9,1.59,0.25,28.04,67.56,normal,-1.7600000000000051,78.26,-0.3900000000000001,2.0866666666666664,0.040000000000000036,1.6700000000000002,-0.04899999999999999,0.27966666666666673
2026-01-03 01:22:00,NODE_01,78.63,1.75,1.34,0.252,26.12,65.49,normal,1.2199999999999989,78.40333333333332,-0.1499999999999999,1.9799999999999998,-0.25,1.4933333333333334,0.0020000000000000018,0.26700000000000007
2026-01-03 01:32:00,NODE_01,77.82,1.39,1.27,0.22,26.24,75.02,normal,-0.8100000000000023,77.95333333333333,-0.3600000000000001,1.6799999999999997,-0.07000000000000006,1.4000000000000001,-0.032,0.24066666666666678
2026-01-03 01:42:00,NODE_01,79.4,1.61,1.21,0.284,26.91,71.37,normal,1.5800000000000125,78.61666666666666,0.2200000000000002,1.583333333333333,-0.06000000000000005,1.2733333333333334,0.06399999999999997,0.25200000000000006
2026-01-03 01:52:00,NODE_01,78.14,0.9,1.68,0.241,25.41,71.58,normal,-1.2600000000000051,78.45333333333333,-0.7100000000000001,1.2999999999999996,0.47,1.3866666666666667,-0.04299999999999998,0.24833333333333338
2026-01-03 02:02:00,NODE_01,79.08,2.01,1.43,0.254,25.97,70.49,normal,0.9399999999999977,78.87333333333333,1.1099999999999999,1.5066666666666662,-0.25,1.4400000000000002,0.013000000000000012,0.2596666666666667
2026-01-03 02:12:00,NODE_01,79.08,2.13,1.0,0.317,26.84,71.66,normal,0.0,78.76666666666667,0.1200000000000001,1.6799999999999997,-0.42999999999999994,1.3699999999999999,0.063,0.2706666666666667
2026-01-03 02:22:00,NODE_01,78.82,1.95,1.46,0.248,26.88,74.87,normal,-0.2600000000000051,78.99333333333334,-0.17999999999999994,2.0299999999999994,0.45999999999999996,1.2966666666666666,-0.069,0.2730000000000001
2026-01-03 02:32:00,NODE_01,78.81,1.79,1.12,0.225,27.1,69.5,normal,-0.009999999999990905,78.90333333333332,-0.15999999999999992,1.956666666666666,-0.33999999999999986,1.1933333333333334,-0.022999999999999993,0.26333333333333336
2026-01-03 02:42:00,NODE_01,79.6,1.81,1.1,0.252,24.75,67.45,normal,0.789999999999992,79.07666666666667,0.020000000000000018,1.8499999999999996,-0.020000000000000018,1.2266666666666668,0.026999999999999996,0.2416666666666667
2026-01-03 02:52:00,NODE_01,79.82,1.29,1.76,0.226,29.47,66.8,normal,0.21999999999999886,79.41000000000001,-0.52,1.6299999999999997,0.6599999999999999,1.3266666666666669,-0.025999999999999995,0.2343333333333334
2026-01-03 03:02:00,NODE_01,79.1,1.3,1.06,0.197,24.12,67.48,normal,-0.7199999999999989,79.50666666666666,0.010000000000000009,1.4666666666666661,-0.7,1.3066666666666666,-0.028999999999999998,0.22500000000000006
2026-01-03 03:12:00,NODE_01,78.75,1.11,0.9,0.262,27.18,70.64,normal,-0.3499999999999943,79.22333333333331,-0.18999999999999995,1.2333333333333332,-0.16000000000000003,1.24,0.065,0.2283333333333334
2026-01-03 03:22:00,NODE_01,78.82,1.18,1.29,0.235,26.18,67.4,normal,0.06999999999999318,78.88999999999999,0.06999999999999984,1.1966666666666665,0.39,1.0833333333333333,-0.027000000000000024,0.2313333333333334
2026-01-03 03:32:00,NODE_01,79.24,1.06,1.05,0.295,27.82,75.84,normal,0.4200000000000017,78.93666666666667,-0.11999999999999988,1.1166666666666665,-0.24,1.08,0.06,0.264
2026-01-03 03:42:00,NODE_01,78.56,1.73,0.81,0.274,27.01,67.5,normal,-0.6799999999999926,78.87333333333333,0.6699999999999999,1.323333333333333,-0.24,1.05,-0.020999999999999963,0.268
2026-01-03 03:52:00,NODE_01,78.36,1.15,0.84,0.242,25.41,71.37,normal,-0.20000000000000284,78.72000000000001,-0.5800000000000001,1.313333333333333,0.029999999999999916,0.9,-0.03200000000000003,0.27033333333333337
2026-01-03 04:02:00,NODE_01,78.55,2.03,1.0,0.252,25.62,71.45,normal,0.18999999999999773,78.49,0.8799999999999999,1.636666666666666,0.16000000000000003,0.8833333333333334,0.010000000000000009,0.25600000000000006
2026-01-03 04:12:00,NODE_01,78.95,1.15,1.06,0.287,25.12,75.2,normal,0.4000000000000057,78.62,-0.8799999999999999,1.4433333333333327,0.06000000000000005,0.9666666666666668,0.034999999999999976,0.26033333333333336
2026-01-03 04:22:00,NODE_01,78.73,0.51,0.8,0.197,27.46,66.95,normal,-0.21999999999999886,78.74333333333333,-0.6399999999999999,1.2299999999999995,-0.26,0.9533333333333335,-0.08999999999999997,0.24533333333333338
2026-01-03 04:32:00,NODE_01,78.54,2.23,1.28,0.21,27.22,69.88,normal,-0.18999999999999773,78.74000000000001,1.72,1.2966666666666664,0.48,1.0466666666666669,0.012999999999999984,0.23133333333333336
2026-01-03 04:42:00,NODE_01,79.09,1.81,1.53,0.221,24.03,71.17,normal,0.5499999999999972,78.78666666666668,-0.41999999999999993,1.5166666666666664,0.25,1.2033333333333334,0.01100000000000001,0.20933333333333337
2026-01-03 04:52:00,NODE_01,79.81,1.56,0.94,0.23,29.47,75.37,normal,0.7199999999999989,79.14666666666666,-0.25,1.8666666666666665,-0.5900000000000001,1.2500000000000002,0.009000000000000008,0.22033333333333338
2026-01-03 05:02:00,NODE_01,78.95,1.33,1.22,0.335,25.71,69.89,normal,-0.8599999999999994,79.28333333333333,-0.22999999999999998,1.5666666666666664,0.28,1.2300000000000002,0.10500000000000001,0.26200000000000007
2026-01-03 05:12:00,NODE_01,78.46,1.56,1.63,0.203,26.29,66.89,normal,-0.4900000000000091,79.07333333333332,0.22999999999999998,1.4833333333333332,0.4099999999999999,1.2633333333333334,-0.132,0.25600000000000006
2026-01-03 05:22:00,NODE_01,79.85,0.44,0.89,0.256,26.59,72.07,normal,1.3900000000000006,79.08666666666666,-1.12,1.1099999999999997,-0.7399999999999999,1.2466666666666668,0.05299999999999999,0.26466666666666666
2026-01-03 05:32:00,NODE_01,78.96,1.37,1.05,0.278,25.36,70.41,normal,-0.8900000000000006,79.08999999999999,0.9300000000000002,1.123333333333333,0.16000000000000003,1.1900000000000002,0.02200000000000002,0.2456666666666667
2026-01-03 05:42:00,NODE_01,78.85,1.42,1.26,0.22,24.36,68.78,normal,-0.10999999999999943,79.22,0.04999999999999982,1.0766666666666664,0.20999999999999996,1.0666666666666667,-0.058000000000000024,0.25133333333333335
2026-01-03 05:52:00,NODE_01,79.43,1.23,1.3,0.213,23.89,67.75,normal,0.5800000000000125,79.08,-0.18999999999999995,1.3399999999999999,0.040000000000000036,1.2033333333333334,-0.007000000000000006,0.23700000000000002
2026-01-03 06:02:00,NODE_01,78.48,1.28,0.69,0.23,24.63,72.83,normal,-0.9500000000000028,78.92,0.050000000000000044,1.3099999999999996,-0.6100000000000001,1.0833333333333335,0.017000000000000015,0.22100000000000006
2026-01-03 06:12:00,NODE_01,79.61,1.2,1.19,0.182,27.5,68.75,normal,1.1299999999999955,79.17333333333333,-0.08000000000000007,1.2366666666666664,0.5,1.0600000000000003,-0.048000000000000015,0.20833333333333337
2026-01-03 06:22:00,NODE_01,78.29,1.28,0.65,0.232,25.63,70.96,normal,-1.3199999999999932,78.79333333333334,0.08000000000000007,1.253333333333333,-0.5399999999999999,0.8433333333333334,0.05000000000000002,0.2146666666666667
2026-01-03 06:32:00,NODE_01,78.57,1.14,0.94,0.189,24.84,70.95,normal,0.2799999999999869,78.82333333333332,-0.14000000000000012,1.2066666666666663,0.2899999999999999,0.9266666666666667,-0.04300000000000001,0.20100000000000007
2026-01-03 06:42:00,NODE_01,79.87,1.48,1.04,0.176,24.41,67.73,normal,1.3000000000000114,78.91000000000001,0.3400000000000001,1.2999999999999996,0.10000000000000009,0.8766666666666668,-0.013000000000000012,0.19900000000000004
2026-01-03 06:52:00,NODE_01,79.72,1.17,0.59,0.176,26.34,73.93,normal,-0.15000000000000568,79.38666666666666,-0.31000000000000005,1.263333333333333,-0.45000000000000007,0.8566666666666668,0.0,0.18033333333333337
2026-01-03 07:02:00,NODE_01,79.37,0.6,0.6,0.207,26.16,70.33,normal,-0.3499999999999943,79.65333333333332,-0.57,1.083333333333333,0.010000000000000009,0.7433333333333335,0.031,0.18633333333333335
2026-01-03 07:12:00,NODE_01,79.75,0.94,0.33,0.176,26.57,73.43,normal,0.37999999999999545,79.61333333333333,0.33999999999999997,0.903333333333333,-0.26999999999999996,0.5066666666666668,-0.031,0.18633333333333335
2026-01-03 07:22:00,NODE_01,80.28,0.92,0.72,0.161,24.88,68.51,normal,0.5300000000000011,79.80000000000001,-0.019999999999999907,0.8199999999999997,0.38999999999999996,0.5500000000000002,-0.014999999999999986,0.18133333333333335
2026-01-03 07:32:00,NODE_01,79.35,1.25,0.58,0.168,25.09,64.66,normal,-0.9300000000000068,79.79333333333334,0.32999999999999996,1.0366666666666664,-0.14,0.5433333333333334,0.007000000000000006,0.16833333333333336
2026-01-03 07:42:00,NODE_01,79.73,0.99,0.42,0.136,25.49,70.62,normal,0.38000000000000966,79.78666666666668,-0.26,1.053333333333333,-0.15999999999999998,0.5733333333333335,-0.032,0.15500000000000003
2026-01-03 07:52:00,NODE_01,79.29,0.84,0.81,0.181,25.37,72.18,normal,-0.4399999999999977,79.45666666666666,-0.15000000000000002,1.0266666666666664,0.39000000000000007,0.6033333333333335,0.044999999999999984,0.1616666666666667
2026-01-03 08:02:00,NODE_01,79.86,0.36,0.55,0.123,26.47,72.83,normal,0.5699999999999932,79.62666666666668,-0.48,0.7299999999999996,-0.26,0.5933333333333335,-0.057999999999999996,0.1466666666666667
2026-01-03 08:12:00,NODE_01,79.41,0.8,0.64,0.094,24.98,69.41,normal,-0.45000000000000284,79.52,0.44000000000000006,0.6666666666666664,0.08999999999999997,0.6666666666666669,-0.028999999999999998,0.13266666666666668
2026-01-03 08:22:00,NODE_01,80.1,0.34,0.5,0.123,24.54,75.05,normal,0.6899999999999977,79.78999999999999,-0.46,0.4999999999999998,-0.14,0.5633333333333335,0.028999999999999998,0.11333333333333336
2026-01-03 08:32:00,NODE_01,79.98,0.66,0.44,0.15,24.88,62.55,normal,-0.11999999999999034,79.83,0.32,0.5999999999999998,-0.06,0.5266666666666668,0.026999999999999996,0.12233333333333336
2026-01-03 08:42:00,NODE_01,80.71,0.6,0.54,0.098,24.27,67.98,normal,0.7299999999999898,80.26333333333334,-0.06000000000000005,0.5333333333333331,0.10000000000000003,0.49333333333333346,-0.05199999999999999,0.1236666666666667
2026-01-03 08:52:00,NODE_01,80.09,0.58,0.03,0.127,24.8,73.07,normal,-0.6199999999999903,80.26,-0.020000000000000018,0.613333333333333,-0.51,0.33666666666666684,0.028999999999999998,0.12500000000000003
2026-01-03 09:02:00,NODE_01,80.93,0.34,0.24,0.062,26.09,72.62,normal,0.8400000000000034,80.57666666666667,-0.23999999999999994,0.5066666666666664,0.21,0.2700000000000002,-0.065,0.09566666666666672
2026-01-03 09:12:00,NODE_01,80.49,0.12,0.23,0.074,26.03,69.27,normal,-0.44000000000001194,80.50333333333333,-0.22000000000000003,0.3466666666666664,-0.009999999999999981,0.16666666666666685,0.011999999999999997,0.08766666666666671
2026-01-03 09:22:00,NODE_01,80.3,0.63,0.11,0.065,25.83,73.94,normal,-0.18999999999999773,80.57333333333334,0.51,0.363333333333333,-0.12000000000000001,0.1933333333333335,-0.008999999999999994,0.06700000000000005
2026-01-03 09:32:00,NODE_01,79.79,0.8,0.15,0.102,25.71,77.14,normal,-0.5099999999999909,80.19333333333333,0.17000000000000004,0.5166666666666663,0.039999999999999994,0.16333333333333352,0.03699999999999999,0.08033333333333337
2026-01-03 09:42:00,NODE_01,80.01,0.92,0.41,0.126,25.67,72.01,normal,0.21999999999999886,80.03333333333333,0.12,0.7833333333333331,0.26,0.22333333333333352,0.024000000000000007,0.0976666666666667
2026-01-03 09:52:00,NODE_01,79.62,1.07,0.79,0.133,26.83,66.09,normal,-0.39000000000000057,79.80666666666667,0.15000000000000002,0.9299999999999997,0.38000000000000006,0.4500000000000002,0.007000000000000006,0.12033333333333336
2026-01-03 10:02:00,NODE_01,79.69,0.77,0.67,0.147,26.15,66.12,normal,0.06999999999999318,79.77333333333333,-0.30000000000000004,0.9199999999999996,-0.12,0.6233333333333336,0.013999999999999985,0.1353333333333334
2026-01-03 10:12:00,NODE_01,79.88,0.9,0.51,0.145,27.45,70.63,normal,0.18999999999999773,79.73,0.13,0.9133333333333331,-0.16000000000000003,0.6566666666666668,-0.0020000000000000018,0.1416666666666667
2026-01-03 10:22:00,NODE_01,79.41,1.37,0.63,0.161,25.07,71.65,normal,-0.46999999999999886,79.66,0.4700000000000001,1.013333333333333,0.12,0.6033333333333335,0.016000000000000014,0.15100000000000002
2026-01-03 10:32:00,NODE_01,79.28,1.12,0.66,0.21,24.76,77.09,normal,-0.12999999999999545,79.52333333333333,-0.25,1.1299999999999997,0.030000000000000027,0.6000000000000002,0.04899999999999999,0.17200000000000001
2026-01-03 10:42:00,NODE_01,79.15,1.74,1.09,0.238,25.27,70.18,normal,-0.12999999999999545,79.28,0.6199999999999999,1.41,0.43000000000000005,0.7933333333333336,0.027999999999999997,0.20300000000000004
2026-01-03 10:52:00,NODE_01,79.35,0.86,0.69,0.195,26.14,71.23,normal,0.19999999999998863,79.26,-0.88,1.2399999999999998,-0.40000000000000013,0.8133333333333335,-0.04299999999999998,0.21433333333333335
2026-01-03 11:02:00,NODE_01,80.44,0.51,0.32,0.101,24.93,65.38,normal,1.0900000000000034,79.64666666666666,-0.35,1.0366666666666664,-0.36999999999999994,0.7000000000000002,-0.094,0.17800000000000005
2026-01-03 11:12:00,NODE_01,79.76,0.23,0.68,0.112,26.68,67.98,normal,-0.6799999999999926,79.85000000000001,-0.28,0.5333333333333331,0.36000000000000004,0.5633333333333336,0.010999999999999996,0.13600000000000004
2026-01-03 11:22:00,NODE_01,80.09,0.2,0.74,0.106,26.15,71.53,normal,0.3299999999999983,80.09666666666668,-0.03,0.3133333333333331,0.05999999999999994,0.5800000000000002,-0.006000000000000005,0.10633333333333338
2026-01-03 11:32:00,NODE_01,79.41,1.03,0.54,0.085,25.22,72.72,normal,-0.6800000000000068,79.75333333333333,0.8300000000000001,0.48666666666666636,-0.19999999999999996,0.6533333333333335,-0.02099999999999999,0.10100000000000003
2026-01-03 11:42:00,NODE_01,79.97,0.74,0.74,0.13,24.99,74.39,normal,0.5600000000000023,79.82333333333334,-0.29000000000000004,0.6566666666666664,0.19999999999999996,0.6733333333333335,0.045,0.10700000000000004
2026-01-03 11:52:00,NODE_01,80.09,0.86,0.11,0.136,27.14,71.84,normal,0.12000000000000455,79.82333333333332,0.12,0.8766666666666665,-0.63,0.4633333333333336,0.006000000000000005,0.11700000000000003
2026-01-03 12:02:00,NODE_01,79.69,0.82,0.66,0.116,26.8,64.63,normal,-0.4000000000000057,79.91666666666667,-0.040000000000000036,0.8066666666666663,0.55,0.5033333333333335,-0.020000000000000004,0.12733333333333338
2026-01-03 12:12:00,NODE_01,80.13,0.47,0.21,0.127,26.5,68.02,normal,0.4399999999999977,79.96999999999998,-0.35,0.7166666666666665,-0.45000000000000007,0.3266666666666669,0.010999999999999996,0.12633333333333338
2026-01-03 12:22:00,NODE_01,74.69,5.74,3.14,0.668,26.76,73.93,warning,-5.439999999999998,78.17,5.2700000000000005,2.3433333333333333,2.93,1.336666666666667,0.541,0.3036666666666667
2026-01-03 12:32:00,NODE_01,73.89,4.87,3.16,0.641,27.53,69.46,warning,-0.7999999999999972,76.23666666666666,-0.8700000000000001,3.693333333333333,0.020000000000000018,2.1700000000000004,-0.027000000000000024,0.47866666666666674
2026-01-03 12:42:00,NODE_01,76.14,5.14,3.37,0.554,24.6,67.49,warning,2.25,74.90666666666665,0.2699999999999996,5.25,0.20999999999999996,3.223333333333334,-0.08699999999999997,0.6210000000000001
2026-01-03 12:52:00,NODE_01,75.52,3.52,3.2,0.621,28.55,67.09,warning,-0.6200000000000045,75.18333333333332,-1.6199999999999997,4.509999999999999,-0.16999999999999993,3.2433333333333336,0.06699999999999995,0.6053333333333334
2026-01-03 13:02:00,NODE_01,74.36,4.79,2.37,0.445,25.93,76.06,warning,-1.1599999999999966,75.33999999999999,1.27,4.483333333333333,-0.8300000000000001,2.9800000000000004,-0.176,0.5400000000000001
2026-01-03 13:12:00,NODE_01,76.62,3.94,3.79,0.427,24.31,70.82,warning,2.260000000000005,75.5,-0.8500000000000001,4.083333333333333,1.42,3.1200000000000006,-0.018000000000000016,0.49766666666666676
2026-01-03 13:22:00,NODE_01,76.69,4.33,3.65,0.577,26.71,72.31,warning,0.06999999999999318,75.89,0.3900000000000001,4.353333333333333,-0.14000000000000012,3.27,0.14999999999999997,0.48300000000000004
2026-01-03 13:32:00,NODE_01,76.08,4.1,3.12,0.558,27.54,69.14,warning,-0.6099999999999994,76.46333333333332,-0.23000000000000043,4.123333333333333,-0.5299999999999998,3.52,-0.018999999999999906,0.5206666666666667
2026-01-03 13:42:00,NODE_01,76.66,4.51,2.14,0.596,24.52,72.97,warning,0.5799999999999983,76.47666666666666,0.41000000000000014,4.3133333333333335,-0.98,2.97,0.03799999999999992,0.5770000000000001
2026-01-03 13:52:00,NODE_01,76.84,3.55,2.88,0.586,26.69,65.25,warning,0.18000000000000682,76.52666666666667,-0.96,4.053333333333334,0.7399999999999998,2.7133333333333334,-0.010000000000000009,0.5800000000000001
2026-01-03 14:02:00,NODE_01,74.78,3.92,2.89,0.685,27.03,69.36,warning,-2.0600000000000023,76.09333333333333,0.3700000000000001,3.9933333333333336,0.010000000000000231,2.6366666666666667,0.09900000000000009,0.6223333333333333
2026-01-03 14:12:00,NODE_01,76.21,3.7,2.11,0.52,27.44,65.85,warning,1.4299999999999926,75.94333333333333,-0.21999999999999975,3.723333333333333,-0.7800000000000002,2.6266666666666665,-0.16500000000000004,0.5970000000000001
2026-01-03 14:22:00,NODE_01,75.1,3.59,2.04,0.407,26.55,72.46,warning,-1.1099999999999994,75.36333333333333,-0.11000000000000032,3.736666666666667,-0.06999999999999984,2.3466666666666667,-0.11300000000000004,0.5373333333333333
2026-01-03 14:32:00,NODE_01,75.08,3.63,2.66,0.428,28.66,68.39,warning,-0.01999999999999602,75.46333333333332,0.040000000000000036,3.64,0.6200000000000001,2.27,0.02100000000000002,0.45166666666666666
2026-01-03 14:42:00,NODE_01,76.91,3.23,2.48,0.459,25.08,73.36,warning,1.8299999999999983,75.69666666666667,-0.3999999999999999,3.483333333333333,-0.18000000000000016,2.393333333333334,0.031000000000000028,0.43133333333333335
2026-01-03 14:52:00,NODE_01,69.61,9.49,6.11,0.888,26.01,76.21,critical,-7.299999999999997,73.86666666666667,6.26,5.45,3.6300000000000003,3.75,0.429,0.5916666666666667
2026-01-03 15:02:00,NODE_01,70.91,8.77,5.9,1.195,25.28,72.3,critical,1.2999999999999972,72.47666666666667,-0.7200000000000006,7.163333333333334,-0.20999999999999996,4.83,0.30700000000000005,0.8473333333333334
2026-01-03 15:12:00,NODE_01,73.12,8.67,4.19,1.051,25.51,69.94,critical,2.210000000000008,71.21333333333332,-0.09999999999999964,8.976666666666667,-1.71,5.400000000000001,-0.14400000000000013,1.0446666666666669
2026-01-03 15:22:00,NODE_01,71.59,5.53,5.28,1.186,24.26,69.63,critical,-1.5300000000000011,71.87333333333333,-3.1399999999999997,7.656666666666666,1.0899999999999999,5.123333333333334,0.135,1.1440000000000001
2026-01-03 15:32:00,NODE_01,68.85,7.25,4.72,1.242,26.8,71.43,critical,-2.740000000000009,71.18666666666667,1.7199999999999998,7.1499999999999995,-0.5600000000000005,4.73,0.05600000000000005,1.1596666666666666
2026-01-03 15:42:00,NODE_01,70.62,6.22,4.51,1.122,26.09,74.14,critical,1.7700000000000102,70.35333333333334,-1.0300000000000002,6.333333333333333,-0.20999999999999996,4.836666666666666,-0.11999999999999988,1.1833333333333333
2026-01-03 15:52:00,NODE_01,71.28,5.43,6.31,1.173,27.15,72.22,critical,0.6599999999999966,70.25,-0.79,6.3,1.7999999999999998,5.18,0.050999999999999934,1.179
2026-01-03 16:02:00,NODE_01,73.76,7.62,5.27,1.004,28.11,74.91,critical,2.480000000000004,71.88666666666667,2.1900000000000004,6.423333333333333,-1.04,5.363333333333333,-0.16900000000000004,1.0996666666666668
2026-01-03 16:12:00,NODE_01,74.25,5.06,5.88,0.888,24.2,76.58,critical,0.4899999999999949,73.09666666666668,-2.5600000000000005,6.036666666666666,0.6100000000000003,5.819999999999999,-0.11599999999999999,1.0216666666666667
2026-01-03 16:22:00,NODE_01,71.22,7.35,4.02,1.196,26.27,68.59,critical,-3.030000000000001,73.07666666666667,2.29,6.676666666666667,-1.8600000000000003,5.056666666666666,0.30799999999999994,1.0293333333333334
2026-01-03 16:32:00,NODE_01,69.39,7.65,4.31,0.798,26.59,71.49,critical,-1.8299999999999983,71.62,0.3000000000000007,6.6866666666666665,0.29000000000000004,4.736666666666666,-0.3979999999999999,0.9606666666666669
2026-01-03 16:42:00,NODE_01,70.05,6.82,4.04,0.926,27.07,73.48,critical,0.6599999999999966,70.22,-0.8300000000000001,7.273333333333333,-0.2699999999999996,4.123333333333332,0.128,0.9733333333333335
2026-01-03 16:52:00,NODE_01,70.68,7.19,4.05,0.945,29.2,72.87,critical,0.6300000000000097,70.04,0.3700000000000001,7.22,0.009999999999999787,4.133333333333333,0.018999999999999906,0.8896666666666668
2026-01-03 17:02:00,NODE_01,75.21,6.27,4.57,0.943,23.56,70.87,critical,4.529999999999987,71.98,-0.9200000000000008,6.760000000000001,0.5200000000000005,4.22,-0.0020000000000000018,0.9380000000000001
2026-01-03 17:12:00,NODE_01,72.93,4.57,4.11,0.705,27.86,66.34,critical,-2.279999999999987,72.94,-1.6999999999999993,6.010000000000001,-0.45999999999999996,4.243333333333333,-0.238,0.8643333333333333
2026-01-03 17:22:00,NODE_01,71.8,6.23,4.24,0.863,24.48,71.85,critical,-1.1300000000000097,73.31333333333333,1.6600000000000001,5.69,0.1299999999999999,4.3066666666666675,0.15800000000000003,0.8370000000000001
2026-01-03 17:32:00,NODE_01,71.54,5.12,4.27,0.77,25.93,68.54,critical,-0.2599999999999909,72.09000000000002,-1.1100000000000003,5.306666666666667,0.02999999999999936,4.206666666666667,-0.09299999999999997,0.7793333333333333
2026-01-03 17:42:00,NODE_01,72.32,4.0,4.54,0.873,25.7,71.12,warning,0.7799999999999869,71.88666666666667,-1.12,5.116666666666667,0.27000000000000046,4.3500000000000005,0.10299999999999998,0.8353333333333334
2026-01-03 17:52:00,NODE_01,71.73,4.51,2.75,0.617,26.31,73.03,warning,-0.5899999999999892,71.86333333333333,0.5099999999999998,4.543333333333334,-1.79,3.853333333333333,-0.256,0.7533333333333334
2026-01-03 18:02:00,NODE_01,72.86,3.73,4.11,0.591,25.07,74.52,warning,1.1299999999999955,72.30333333333334,-0.7799999999999998,4.08,1.3600000000000003,3.8000000000000003,-0.026000000000000023,0.6936666666666668
2026-01-03 18:12:00,NODE_01,71.93,3.67,4.97,0.835,26.03,74.92,warning,-0.9299999999999926,72.17333333333335,-0.06000000000000005,3.97,0.8599999999999994,3.9433333333333334,0.244,0.681
2026-01-03 18:22:00,NODE_01,74.23,4.9,2.55,0.782,28.13,63.92,warning,2.299999999999997,73.00666666666667,1.2300000000000004,4.1000000000000005,-2.42,3.8766666666666665,-0.052999999999999936,0.7360000000000001
2026-01-03 18:32:00,NODE_01,75.67,3.75,2.79,0.683,27.53,72.65,warning,1.4399999999999977,73.94333333333334,-1.1500000000000004,4.1066666666666665,0.2400000000000002,3.436666666666666,-0.09899999999999998,0.7666666666666667
2026-01-01 00:23:00,NODE_02,75.44,0.86,0.88,0.243,28.26,65.35,normal,0.0,75.44,0.0,0.86,0.0,0.88,0.0,0.243
2026-01-01 00:33:00,NODE_02,76.37,0.79,1.0,0.154,26.73,71.05,normal,0.9300000000000068,75.905,-0.06999999999999995,0.825,0.12,0.94,-0.089,0.1985
2026-01-01 00:43:00,NODE_02,76.74,0.59,0.22,0.11,26.5,65.24,normal,0.36999999999999034,76.18333333333334,-0.20000000000000007,0.7466666666666667,-0.78,0.7000000000000001,-0.044,0.169
2026-01-01 00:53:00,NODE_02,76.6,0.5,1.18,0.162,24.94,71.99,normal,-0.14000000000000057,76.57,-0.08999999999999997,0.6266666666666667,0.96,0.8000000000000002,0.052000000000000005,0.142
2026-01-01 01:03:00,NODE_02,76.41,0.99,1.27,0.211,25.37,71.51,normal,-0.18999999999999773,76.58333333333333,0.49,0.6933333333333334,0.09000000000000008,0.89,0.04899999999999999,0.161
2026-01-01 01:13:00,NODE_02,75.97,0.98,0.6,0.142,25.62,68.27,normal,-0.4399999999999977,76.32666666666665,-0.010000000000000009,0.8233333333333333,-0.67,1.0166666666666666,-0.069,0.17166666666666663
2026-01-01 01:23:00,NODE_02,75.94,0.89,0.53,0.158,26.5,69.53,normal,-0.030000000000001137,76.10666666666667,-0.08999999999999997,0.9533333333333333,-0.06999999999999995,0.8000000000000002,0.016000000000000014,0.17033333333333334
2026-01-01 01:33:00,NODE_02,76.69,0.97,0.57,0.118,24.06,66.53,normal,0.75,76.19999999999999,0.07999999999999996,0.9466666666666667,0.039999999999999925,0.5666666666666668,-0.04000000000000001,0.13933333333333334
2026-01-01 01:43:00,NODE_02,76.4,1.06,0.68,0.139,25.45,71.99,normal,-0.28999999999999204,76.34333333333335,0.09000000000000008,0.9733333333333333,0.1100000000000001,0.5933333333333334,0.02100000000000002,0.13833333333333334
2026-01-01 01:53:00,NODE_02,76.27,0.71,0.54,0.152,24.17,66.26,normal,-0.13000000000000966,76.45333333333333,-0.3500000000000001,0.9133333333333332,-0.14,0.5966666666666668,0.012999999999999984,0.13633333333333333
2026-01-01 02:03:00,NODE_02,76.32,1.14,0.57,0.313,25.0,73.1,normal,0.04999999999999716,76.33,0.42999999999999994,0.9700000000000001,0.029999999999999916,0.5966666666666668,0.161,0.20133333333333336
2026-01-01 02:13:00,NODE_02,76.38,0.83,0.53,0.262,27.82,67.4,normal,0.060000000000002274,76.32333333333332,-0.30999999999999994,0.8933333333333332,-0.039999999999999925,0.5466666666666667,-0.05099999999999999,0.24233333333333337
2026-01-01 02:23:00,NODE_02,76.19,1.73,1.45,0.236,26.97,71.41,normal,-0.18999999999999773,76.29666666666667,0.9,1.2333333333333332,0.9199999999999999,0.85,-0.026000000000000023,0.2703333333333333
2026-01-01 02:33:00,NODE_02,75.15,1.48,1.12,0.241,24.67,69.9,normal,-1.039999999999992,75.90666666666667,-0.25,1.3466666666666665,-0.32999999999999985,1.0333333333333334,0.0050000000000000044,0.24633333333333332
2026-01-01 02:43:00,NODE_02,76.06,1.95,1.09,0.276,26.3,68.68,normal,0.9099999999999966,75.8,0.47,1.72,-0.030000000000000027,1.22,0.03500000000000003,0.251
2026-01-01 02:53:00,NODE_02,75.85,1.5,0.7,0.185,24.1,73.39,normal,-0.21000000000000796,75.68666666666667,-0.44999999999999996,1.6433333333333333,-0.3900000000000001,0.9700000000000001,-0.09100000000000003,0.23399999999999999
2026-01-01 03:03:00,NODE_02,75.18,1.04,0.97,0.204,24.74,72.29,normal,-0.6699999999999875,75.69666666666667,-0.45999999999999996,1.4966666666666668,0.27,0.92,0.01899999999999999,0.22166666666666668
2026-01-01 03:13:00,NODE_02,75.95,1.45,0.84,0.181,25.21,69.42,normal,0.769999999999996,75.66000000000001,0.4099999999999999,1.3299999999999998,-0.13,0.8366666666666668,-0.022999999999999993,0.18999999999999997
2026-01-01 03:23:00,NODE_02,76.31,0.82,0.61,0.174,27.39,73.43,normal,0.35999999999999943,75.81333333333333,-0.63,1.1033333333333333,-0.22999999999999998,0.8066666666666666,-0.007000000000000006,0.18633333333333332
2026-01-01 03:33:00,NODE_02,75.91,1.01,0.67,0.223,27.43,67.42,normal,-0.4000000000000057,76.05666666666667,0.19000000000000006,1.0933333333333333,0.06000000000000005,0.7066666666666667,0.049000000000000016,0.19266666666666668
2026-01-01 03:43:00,NODE_02,76.13,0.96,0.73,0.292,27.48,66.69,normal,0.21999999999999886,76.11666666666667,-0.050000000000000044,0.93,0.05999999999999994,0.67,0.06899999999999998,0.22966666666666666
2026-01-01 03:53:00,NODE_02,75.19,1.27,1.38,0.276,25.93,76.06,normal,-0.9399999999999977,75.74333333333334,0.31000000000000005,1.08,0.6499999999999999,0.9266666666666667,-0.01599999999999996,0.26366666666666666
2026-01-01 04:03:00,NODE_02,75.94,1.29,1.9,0.241,26.37,75.81,normal,0.75,75.75333333333333,0.020000000000000018,1.1733333333333333,0.52,1.3366666666666667,-0.03500000000000003,0.26966666666666667
2026-01-01 04:13:00,NODE_02,76.38,1.48,1.19,0.213,24.18,68.27,normal,0.4399999999999977,75.83666666666666,0.18999999999999995,1.3466666666666667,-0.71,1.49,-0.027999999999999997,0.24333333333333332
2026-01-01 04:23:00,NODE_02,75.37,1.69,1.33,0.262,25.04,72.07,normal,-1.009999999999991,75.89666666666666,0.20999999999999996,1.4866666666666666,0.14000000000000012,1.4733333333333334,0.049000000000000016,0.23866666666666667
2026-01-01 04:33:00,NODE_02,75.69,1.19,1.16,0.249,25.57,66.53,normal,0.3199999999999932,75.81333333333333,-0.5,1.4533333333333331,-0.17000000000000015,1.2266666666666668,-0.013000000000000012,0.24133333333333332
2026-01-01 04:43:00,NODE_02,75.82,2.24,1.59,0.263,26.34,70.95,normal,0.12999999999999545,75.62666666666667,1.0500000000000003,1.7066666666666668,0.43000000000000016,1.36,0.014000000000000012,0.258
2026-01-01 04:53:00,NODE_02,75.09,2.39,1.48,0.264,24.67,71.78,normal,-0.7299999999999898,75.53333333333332,0.1499999999999999,1.9400000000000002,-0.1100000000000001,1.4100000000000001,0.0010000000000000009,0.25866666666666666
2026-01-01 05:03:00,NODE_02,75.14,2.3,1.7,0.333,26.63,71.36,normal,0.04999999999999716,75.35,-0.0900000000000003,2.31,0.21999999999999997,1.5899999999999999,0.069,0.2866666666666667
2026-01-01 05:13:00,NODE_02,75.2,2.04,1.2,0.254,26.63,72.33,normal,0.060000000000002274,75.14333333333333,-0.2599999999999998,2.243333333333333,-0.5,1.46,-0.07900000000000001,0.2836666666666667
2026-01-01 05:23:00,NODE_02,75.26,1.35,1.53,0.27,25.8,73.23,normal,0.060000000000002274,75.2,-0.69,1.8966666666666665,0.33000000000000007,1.4766666666666666,0.016000000000000014,0.2856666666666667
2026-01-01 05:33:00,NODE_02,75.58,1.38,1.11,0.197,24.95,69.93,normal,0.3199999999999932,75.34666666666668,0.029999999999999805,1.5899999999999999,-0.41999999999999993,1.28,-0.07300000000000001,0.24033333333333337
2026-01-01 05:43:00,NODE_02,76.26,1.65,0.83,0.312,26.89,70.87,normal,0.6800000000000068,75.7,0.27,1.46,-0.28000000000000014,1.1566666666666667,0.11499999999999999,0.25966666666666666
2026-01-01 05:53:00,NODE_02,75.98,1.54,1.15,0.3,26.74,70.28,normal,-0.28000000000000114,75.94,-0.10999999999999988,1.5233333333333334,0.31999999999999995,1.03,-0.01200000000000001,0.26966666666666667
2026-01-01 06:03:00,NODE_02,74.9,1.57,1.23,0.208,24.64,77.57,normal,-1.0799999999999983,75.71333333333335,0.030000000000000027,1.5866666666666667,0.08000000000000007,1.07,-0.092,0.2733333333333333
2026-01-01 06:13:00,NODE_02,75.99,1.14,1.21,0.175,24.67,65.11,normal,1.0899999999999892,75.62333333333333,-0.43000000000000016,1.4166666666666667,-0.020000000000000018,1.1966666666666665,-0.033,0.22766666666666666
2026-01-01 06:23:00,NODE_02,75.51,1.3,1.17,0.272,25.32,75.35,normal,-0.47999999999998977,75.46666666666665,0.16000000000000014,1.3366666666666667,-0.040000000000000036,1.2033333333333334,0.09700000000000003,0.21833333333333335
2026-01-01 06:33:00,NODE_02,76.07,0.98,1.31,0.193,26.2,68.72,normal,0.5599999999999881,75.85666666666667,-0.32000000000000006,1.14,0.14000000000000012,1.23,-0.07900000000000001,0.21333333333333335
2026-01-01 06:43:00,NODE_02,75.66,0.86,0.86,0.248,25.44,76.02,normal,-0.4099999999999966,75.74666666666667,-0.12,1.0466666666666666,-0.45000000000000007,1.1133333333333333,0.05499999999999999,0.23766666666666666
2026-01-01 06:53:00,NODE_02,76.85,0.96,0.8,0.189,27.74,68.19,normal,1.1899999999999977,76.19333333333333,0.09999999999999998,0.9333333333333332,-0.05999999999999994,0.9900000000000001,-0.059,0.20999999999999996
2026-01-01 07:03:00,NODE_02,76.57,0.69,0.3,0.146,27.5,70.52,normal,-0.28000000000000114,76.36,-0.27,0.8366666666666666,-0.5,0.6533333333333333,-0.04300000000000001,0.19433333333333333
2026-01-01 07:13:00,NODE_02,76.87,0.5,0.42,0.146,25.18,72.26,normal,0.30000000000001137,76.76333333333332,-0.18999999999999995,0.7166666666666667,0.12,0.5066666666666667,0.0,0.1603333333333333
2026-01-01 07:23:00,NODE_02,76.76,0.65,0.32,0.14,25.99,70.38,normal,-0.10999999999999943,76.73333333333333,0.15000000000000002,0.6133333333333334,-0.09999999999999998,0.3466666666666667,-0.005999999999999978,0.144
2026-01-01 07:33:00,NODE_02,77.26,0.55,0.41,0.113,26.93,73.07,normal,0.5,76.96333333333332,-0.09999999999999998,0.5666666666666667,0.08999999999999997,0.3833333333333333,-0.02700000000000001,0.13299999999999998
2026-01-01 07:43:00,NODE_02,76.96,0.65,0.56,0.143,24.43,73.39,normal,-0.30000000000001137,76.99333333333333,0.09999999999999998,0.6166666666666667,0.15000000000000008,0.43,0.029999999999999985,0.13199999999999998
2026-01-01 07:53:00,NODE_02,76.49,0.78,0.69,0.104,25.46,66.42,normal,-0.46999999999999886,76.90333333333332,0.13,0.66,0.1299999999999999,0.5533333333333333,-0.03899999999999999,0.11999999999999998
2026-01-01 08:03:00,NODE_02,76.96,0.66,0.52,0.139,26.45,70.89,normal,0.46999999999999886,76.80333333333333,-0.12,0.6966666666666667,-0.16999999999999993,0.59,0.03500000000000002,0.12866666666666665
2026-01-01 08:13:00,NODE_02,76.91,0.65,0.68,0.133,26.15,69.66,normal,-0.04999999999999716,76.78666666666666,-0.010000000000000009,0.6966666666666668,0.16000000000000003,0.63,-0.006000000000000005,0.12533333333333332
2026-01-01 08:23:00,NODE_02,75.84,0.97,0.53,0.094,27.23,74.64,normal,-1.0699999999999932,76.57000000000001,0.31999999999999995,0.7599999999999999,-0.15000000000000002,0.5766666666666667,-0.03900000000000001,0.122
2026-01-01 08:33:00,NODE_02,70.87,4.36,5.21,1.036,25.99,66.69,critical,-4.969999999999999,74.54,3.3900000000000006,1.9933333333333334,4.68,2.14,0.9420000000000001,0.421
2026-01-01 08:43:00,NODE_02,68.52,6.56,5.21,0.853,25.76,71.35,critical,-2.3500000000000085,71.74333333333334,2.1999999999999993,3.9633333333333334,0.0,3.65,-0.18300000000000005,0.6609999999999999
2026-01-01 08:53:00,NODE_02,70.48,5.97,5.25,0.854,27.05,72.7,critical,1.960000000000008,69.95666666666666,-0.5899999999999999,5.63,0.040000000000000036,5.223333333333333,0.0010000000000000009,0.9143333333333333
2026-01-01 09:03:00,NODE_02,71.67,5.89,4.6,0.94,28.22,71.47,critical,1.1899999999999977,70.22333333333334,-0.08000000000000007,6.14,-0.6500000000000004,5.02,0.08599999999999997,0.8823333333333333
2026-01-01 09:13:00,NODE_02,71.94,4.9,4.01,0.845,26.26,71.06,critical,0.269999999999996,71.36333333333334,-0.9899999999999993,5.586666666666667,-0.5899999999999999,4.62,-0.09499999999999997,0.8796666666666666
2026-01-01 09:23:00,NODE_02,68.92,5.49,2.73,0.797,25.02,69.43,warning,-3.019999999999996,70.84333333333333,0.5899999999999999,5.426666666666667,-1.2799999999999998,3.7799999999999994,-0.04799999999999993,0.8606666666666666
2026-01-01 09:33:00,NODE_02,68.11,5.52,5.09,0.885,24.47,69.69,warning,-0.8100000000000023,69.65666666666668,0.02999999999999936,5.303333333333334,2.36,3.943333333333333,0.08799999999999997,0.8423333333333333
2026-01-01 09:43:00,NODE_02,68.72,4.59,3.59,0.744,26.49,70.48,warning,0.6099999999999994,68.58333333333333,-0.9299999999999997,5.2,-1.5,3.8033333333333332,-0.14100000000000001,0.8086666666666668
2026-01-01 09:53:00,NODE_02,72.09,5.7,2.75,0.851,28.33,78.45,warning,3.3700000000000045,69.64,1.1100000000000003,5.27,-0.8399999999999999,3.81,0.10699999999999998,0.8266666666666665
2026-01-01 10:03:00,NODE_02,68.75,5.39,4.05,0.615,26.48,72.71,warning,-3.3400000000000034,69.85333333333334,-0.3100000000000005,5.226666666666667,1.2999999999999998,3.463333333333333,-0.236,0.7366666666666667
2026-01-01 10:13:00,NODE_02,70.64,3.91,2.53,0.536,25.85,72.58,warning,1.8900000000000006,70.49333333333334,-1.4799999999999995,5.0,-1.52,3.1099999999999994,-0.07899999999999996,0.6673333333333332
2026-01-01 10:23:00,NODE_02,72.76,3.75,2.67,0.736,27.55,70.94,warning,2.1200000000000045,70.71666666666665,-0.16000000000000014,4.3500000000000005,0.14000000000000012,3.0833333333333326,0.19999999999999996,0.6289999999999999
2026-01-01 10:33:00,NODE_02,71.63,3.65,3.29,0.793,26.2,67.46,warning,-1.1300000000000097,71.67666666666666,-0.10000000000000009,3.77,0.6200000000000001,2.8299999999999996,0.05700000000000005,0.6883333333333334
2026-01-01 10:43:00,NODE_02,69.6,3.49,2.39,0.587,27.43,71.78,warning,-2.030000000000001,71.33,-0.1599999999999997,3.6300000000000003,-0.8999999999999999,2.783333333333333,-0.20600000000000007,0.7053333333333333
2026-01-01 10:53:00,NODE_02,73.11,5.18,2.22,0.707,25.88,61.58,warning,3.510000000000005,71.44666666666667,1.6899999999999995,4.1066666666666665,-0.16999999999999993,2.6333333333333333,0.12,0.6956666666666665
2026-01-01 11:03:00,NODE_02,71.17,3.38,3.59,0.511,24.62,69.72,warning,-1.9399999999999977,71.29333333333334,-1.7999999999999998,4.016666666666667,1.3699999999999997,2.733333333333333,-0.19599999999999995,0.6016666666666666
2026-01-01 11:13:00,NODE_02,72.35,5.22,3.1,0.538,27.81,66.85,warning,1.1799999999999926,72.21,1.8399999999999999,4.593333333333333,-0.48999999999999977,2.97,0.027000000000000024,0.5853333333333333
2026-01-01 11:23:00,NODE_02,71.45,4.17,2.95,0.549,24.73,73.55,warning,-0.8999999999999915,71.65666666666667,-1.0499999999999998,4.256666666666667,-0.1499999999999999,3.213333333333333,0.01100000000000001,0.5326666666666666
2026-01-01 11:33:00,NODE_02,72.07,4.7,4.42,0.681,26.58,75.14,warning,0.6199999999999903,71.95666666666666,0.5300000000000002,4.696666666666666,1.4699999999999998,3.4899999999999998,0.132,0.5893333333333333
2026-01-01 11:43:00,NODE_02,69.17,3.13,4.29,0.474,26.28,74.38,warning,-2.8999999999999915,70.89666666666666,-1.5700000000000003,4.0,-0.1299999999999999,3.8866666666666667,-0.20700000000000007,0.568
2026-01-01 11:53:00,NODE_02,71.42,4.05,2.74,0.719,28.24,71.65,warning,2.25,70.88666666666667,0.9199999999999999,3.9599999999999995,-1.5499999999999998,3.8166666666666664,0.245,0.6246666666666666
2026-01-01 12:03:00,NODE_02,72.08,4.83,2.98,0.681,26.04,75.35,warning,0.6599999999999966,70.89,0.7800000000000002,4.003333333333333,0.23999999999999977,3.3366666666666664,-0.03799999999999992,0.6246666666666666
2026-01-01 12:13:00,NODE_02,69.8,3.98,2.28,0.672,25.94,71.65,warning,-2.280000000000001,71.1,-0.8500000000000001,4.286666666666666,-0.7000000000000002,2.6666666666666665,-0.009000000000000008,0.6906666666666667
2026-01-01 12:23:00,NODE_02,70.51,3.58,2.23,0.733,26.48,71.52,warning,0.710000000000008,70.79666666666667,-0.3999999999999999,4.13,-0.04999999999999982,2.496666666666666,0.06099999999999994,0.6953333333333332
2026-01-01 12:33:00,NODE_02,70.91,5.02,4.16,0.581,26.74,75.04,warning,0.3999999999999915,70.40666666666668,1.4399999999999995,4.193333333333333,1.9300000000000002,2.8899999999999992,-0.15200000000000002,0.6619999999999999
2026-01-01 12:43:00,NODE_02,70.75,4.21,3.85,0.802,25.41,73.17,warning,-0.1599999999999966,70.72333333333334,-0.8099999999999996,4.27,-0.31000000000000005,3.4133333333333327,0.22100000000000009,0.7053333333333333
2026-01-01 12:53:00,NODE_02,72.9,5.06,3.45,0.709,25.85,74.6,warning,2.1500000000000057,71.52,0.8499999999999996,4.763333333333333,-0.3999999999999999,3.82,-0.09300000000000008,0.6973333333333332
2026-01-01 13:03:00,NODE_02,72.25,3.6,3.84,0.529,24.09,67.99,warning,-0.6500000000000057,71.96666666666665,-1.4599999999999995,4.29,0.3899999999999997,3.713333333333333,-0.17999999999999994,0.6799999999999998
2026-01-01 13:13:00,NODE_02,72.04,3.4,4.03,0.472,25.89,76.17,warning,-0.20999999999999375,72.39666666666666,-0.20000000000000018,4.0200000000000005,0.1900000000000004,3.773333333333333,-0.05700000000000005,0.5699999999999998
2026-01-01 13:23:00,NODE_02,70.86,3.23,3.64,0.546,28.75,67.98,warning,-1.1800000000000068,71.71666666666668,-0.16999999999999993,3.41,-0.3900000000000001,3.836666666666666,0.07400000000000007,0.5156666666666666
2026-01-01 13:33:00,NODE_02,71.09,3.38,2.96,0.597,28.17,69.24,warning,0.23000000000000398,71.33,0.1499999999999999,3.3366666666666664,-0.6800000000000002,3.5433333333333326,0.050999999999999934,0.5383333333333332
2026-01-01 13:43:00,NODE_02,72.84,3.06,1.66,0.505,25.73,69.74,warning,1.75,71.59666666666668,-0.31999999999999984,3.223333333333333,-1.3,2.7533333333333325,-0.09199999999999997,0.5493333333333333
2026-01-01 13:53:00,NODE_02,73.16,3.25,2.64,0.606,25.66,73.8,warning,0.3199999999999932,72.36333333333333,0.18999999999999995,3.23,0.9800000000000002,2.4199999999999995,0.10099999999999998,0.5693333333333332
2026-01-01 14:03:00,NODE_02,72.08,3.1,3.09,0.703,24.47,73.51,warning,-1.0799999999999983,72.69333333333334,-0.1499999999999999,3.1366666666666667,0.44999999999999973,2.463333333333333,0.09699999999999998,0.6046666666666666
2026-01-01 14:13:00,NODE_02,73.91,3.56,2.93,0.635,27.24,70.84,warning,1.8299999999999983,73.05,0.45999999999999996,3.3033333333333332,-0.1599999999999997,2.8866666666666663,-0.06799999999999995,0.6479999999999999
2026-01-01 14:23:00,NODE_02,73.22,2.83,2.6,0.406,27.23,68.86,warning,-0.6899999999999977,73.07000000000001,-0.73,3.1633333333333336,-0.33000000000000007,2.8733333333333326,-0.22899999999999998,0.5813333333333333
2026-01-01 14:33:00,NODE_02,73.43,2.54,1.99,0.455,27.69,67.17,warning,0.21000000000000796,73.52,-0.29000000000000004,2.9766666666666666,-0.6100000000000001,2.5066666666666664,0.04899999999999999,0.4986666666666666
2026-01-01 14:43:00,NODE_02,73.4,2.85,1.8,0.381,27.88,73.97,warning,-0.030000000000001137,73.35000000000001,0.31000000000000005,2.74,-0.18999999999999995,2.1299999999999994,-0.07400000000000001,0.4139999999999999
2026-01-01 14:53:00,NODE_02,73.19,2.91,2.02,0.485,26.97,66.3,warning,-0.21000000000000796,73.34,0.06000000000000005,2.766666666666667,0.21999999999999997,1.9366666666666663,0.10399999999999998,0.44033333333333324
2026-01-01 15:03:00,NODE_02,72.93,2.49,1.79,0.55,25.04,76.42,warning,-0.2599999999999909,73.17333333333333,-0.41999999999999993,2.75,-0.22999999999999998,1.8699999999999992,0.06500000000000006,0.4719999999999999
2026-01-01 15:13:00,NODE_02,72.13,2.82,1.49,0.356,27.71,63.58,warning,-0.8000000000000114,72.75,0.3299999999999996,2.74,-0.30000000000000004,1.766666666666666,-0.19400000000000006,0.4636666666666665
2026-01-01 15:23:00,NODE_02,72.19,2.71,2.79,0.479,24.61,70.56,warning,0.060000000000002274,72.41666666666667,-0.10999999999999988,2.6733333333333333,1.3,2.023333333333333,0.123,0.4616666666666666
2026-01-01 15:33:00,NODE_02,74.25,3.63,3.11,0.466,24.17,67.01,warning,2.0600000000000023,72.85666666666667,0.9199999999999999,3.0533333333333332,0.31999999999999984,2.4633333333333325,-0.012999999999999956,0.4336666666666666
2026-01-01 15:43:00,NODE_02,73.1,3.15,1.85,0.473,26.28,71.96,warning,-1.1500000000000057,73.17999999999999,-0.48,3.1633333333333336,-1.2599999999999998,2.5833333333333326,0.006999999999999951,0.47266666666666657
2026-01-01 15:53:00,NODE_02,73.04,3.66,2.18,0.444,27.61,76.8,warning,-0.05999999999998806,73.46333333333332,0.5100000000000002,3.48,0.33000000000000007,2.3799999999999994,-0.02899999999999997,0.4609999999999999
2026-01-01 16:03:00,NODE_02,74.01,3.05,2.2,0.379,25.99,80.5,warning,0.9699999999999989,73.38333333333334,-0.6100000000000003,3.2866666666666666,0.020000000000000018,2.0766666666666658,-0.065,0.43199999999999994
2026-01-01 16:13:00,NODE_02,72.89,1.98,2.02,0.542,25.49,72.94,normal,-1.1200000000000045,73.31333333333333,-1.0699999999999998,2.8966666666666665,-0.18000000000000016,2.133333333333333,0.16300000000000003,0.4549999999999999
2026-01-01 16:23:00,NODE_02,73.8,2.85,1.84,0.517,25.0,62.21,normal,0.9099999999999966,73.56666666666666,0.8700000000000001,2.6266666666666665,-0.17999999999999994,2.0199999999999996,-0.025000000000000022,0.4793333333333332
2026-01-01 16:33:00,NODE_02,72.86,2.22,1.69,0.427,25.86,77.11,normal,-0.9399999999999977,73.18333333333334,-0.6299999999999999,2.35,-0.15000000000000013,1.8499999999999994,-0.09000000000000002,0.49533333333333324
2026-01-01 16:43:00,NODE_02,73.75,2.29,1.19,0.286,24.26,66.82,normal,0.8900000000000006,73.47000000000001,0.06999999999999984,2.4533333333333336,-0.5,1.5733333333333326,-0.14100000000000001,0.4099999999999999
2026-01-01 16:53:00,NODE_02,74.71,2.26,1.17,0.416,26.54,66.3,normal,0.9599999999999937,73.77333333333333,-0.03000000000000025,2.2566666666666664,-0.020000000000000018,1.3499999999999994,0.13,0.37633333333333324
2026-01-01 17:03:00,NODE_02,75.29,2.22,1.83,0.29,22.32,68.42,normal,0.5800000000000125,74.58333333333333,-0.03999999999999959,2.2566666666666664,0.6600000000000001,1.3966666666666658,-0.126,0.33066666666666655
2026-01-01 17:13:00,NODE_02,73.85,1.87,1.22,0.233,27.38,68.06,normal,-1.440000000000012,74.61666666666666,-0.3500000000000001,2.1166666666666667,-0.6100000000000001,1.406666666666666,-0.05699999999999997,0.3129999999999999
2026-01-01 17:23:00,NODE_02,73.78,1.44,1.3,0.334,27.52,71.86,normal,-0.06999999999999318,74.30666666666667,-0.43000000000000016,1.8433333333333335,0.08000000000000007,1.4499999999999993,0.101,0.28566666666666657
2026-01-01 17:33:00,NODE_02,75.36,1.9,1.48,0.286,26.79,71.68,normal,1.5799999999999983,74.33,0.45999999999999996,1.7366666666666666,0.17999999999999994,1.3333333333333328,-0.04800000000000004,0.28433333333333327
2026-01-01 17:43:00,NODE_02,75.35,2.15,1.38,0.294,26.73,69.45,normal,-0.010000000000005116,74.83,0.25,1.83,-0.10000000000000009,1.3866666666666658,0.008000000000000007,0.3046666666666666
2026-01-01 17:53:00,NODE_02,74.07,1.79,2.05,0.179,27.61,73.83,normal,-1.2800000000000011,74.92666666666666,-0.3599999999999999,1.9466666666666665,0.6699999999999999,1.6366666666666658,-0.11499999999999999,0.2529999999999999
2026-01-01 18:03:00,NODE_02,74.51,2.34,1.87,0.329,27.33,64.75,normal,0.44000000000001194,74.64333333333333,0.5499999999999998,2.0933333333333333,-0.17999999999999972,1.7666666666666657,0.15000000000000002,0.26733333333333326
2026-01-01 18:13:00,NODE_02,74.86,1.77,1.73,0.382,24.87,67.75,normal,0.3499999999999943,74.48,-0.5699999999999998,1.9666666666666666,-0.14000000000000012,1.8833333333333322,0.05299999999999999,0.2966666666666666
2026-01-01 18:23:00,NODE_02,74.12,1.17,0.41,0.282,25.43,74.15,normal,-0.7399999999999949,74.49666666666667,-0.6000000000000001,1.7599999999999998,-1.32,1.3366666666666658,-0.10000000000000003,0.3309999999999999
2026-01-01 18:33:00,NODE_02,75.09,1.71,1.25,0.279,25.08,68.44,normal,0.9699999999999989,74.69000000000001,0.54,1.55,0.8400000000000001,1.129999999999999,-0.002999999999999947,0.31433333333333324
2026-01-01 18:43:00,NODE_02,74.82,1.76,1.83,0.261,26.29,72.78,normal,-0.27000000000001023,74.67666666666666,0.050000000000000044,1.5466666666666666,0.5800000000000001,1.1633333333333324,-0.018000000000000016,0.2739999999999999
2026-01-01 18:53:00,NODE_02,75.11,1.28,1.94,0.212,26.17,79.95,normal,0.29000000000000625,75.00666666666666,-0.48,1.5833333333333333,0.10999999999999988,1.6733333333333322,-0.049000000000000016,0.2506666666666666
2026-01-01 19:03:00,NODE_02,74.82,1.44,1.02,0.28,25.33,70.5,normal,-0.29000000000000625,74.91666666666667,0.15999999999999992,1.4933333333333334,-0.9199999999999999,1.5966666666666658,0.06800000000000003,0.25099999999999995
2026-01-01 19:13:00,NODE_02,74.99,1.45,1.41,0.241,26.12,71.79,normal,0.1700000000000017,74.97333333333333,0.010000000000000009,1.39,0.3899999999999999,1.4566666666666659,-0.039000000000000035,0.24433333333333326
2026-01-01 19:23:00,NODE_02,73.5,1.94,1.01,0.262,24.15,71.34,normal,-1.4899999999999949,74.43666666666667,0.49,1.61,-0.3999999999999999,1.1466666666666658,0.02100000000000002,0.26099999999999995
2026-01-01 19:33:00,NODE_02,75.21,2.16,0.95,0.284,26.52,73.38,normal,1.7099999999999937,74.56666666666666,0.2200000000000002,1.8500000000000003,-0.06000000000000005,1.1233333333333324,0.021999999999999964,0.26233333333333325
2026-01-01 19:43:00,NODE_02,73.62,2.07,1.09,0.321,25.85,66.77,normal,-1.5899999999999892,74.11,-0.0900000000000003,2.0566666666666666,0.14000000000000012,1.0166666666666657,0.03700000000000003,0.2889999999999999
2026-01-01 19:53:00,NODE_02,74.99,1.99,1.61,0.318,23.46,65.3,normal,1.3699999999999903,74.60666666666667,-0.07999999999999985,2.0733333333333337,0.52,1.216666666666666,-0.0030000000000000027,0.3076666666666666
2026-01-01 20:03:00,NODE_02,76.03,2.6,1.15,0.269,25.22,69.74,normal,1.0400000000000063,74.88000000000001,0.6100000000000001,2.22,-0.4600000000000002,1.2833333333333325,-0.04899999999999999,0.3026666666666666
2026-01-01 20:13:00,NODE_02,75.39,1.5,0.78,0.302,25.46,69.61,normal,-0.6400000000000006,75.46999999999998,-1.1,2.03,-0.3699999999999999,1.179999999999999,0.032999999999999974,0.2963333333333333
2026-01-01 20:23:00,NODE_02,74.33,2.39,1.75,0.349,25.63,66.33,normal,-1.0600000000000023,75.25,0.8900000000000001,2.1633333333333336,0.97,1.2266666666666657,0.046999999999999986,0.3066666666666666
2026-01-01 20:33:00,NODE_02,74.73,2.58,0.56,0.228,27.88,74.21,normal,0.4000000000000057,74.81666666666666,0.18999999999999995,2.1566666666666667,-1.19,1.0299999999999991,-0.12099999999999997,0.2929999999999999
2026-01-01 20:43:00,NODE_02,74.87,1.63,0.84,0.361,26.42,72.22,normal,0.14000000000000057,74.64333333333333,-0.9500000000000002,2.1999999999999997,0.2799999999999999,1.0499999999999992,0.13299999999999998,0.3126666666666666
2026-01-01 20:53:00,NODE_02,75.31,1.92,1.09,0.251,29.33,73.62,normal,0.4399999999999977,74.97000000000001,0.29000000000000004,2.043333333333333,0.2500000000000001,0.8299999999999992,-0.10999999999999999,0.2799999999999999
2026-01-01 21:03:00,NODE_02,75.41,1.3,1.27,0.314,25.61,66.88,normal,0.09999999999999432,75.19666666666666,-0.6199999999999999,1.6166666666666665,0.17999999999999994,1.0666666666666658,0.063,0.3086666666666666
2026-01-01 21:13:00,NODE_02,73.88,1.32,1.92,0.377,28.56,69.44,normal,-1.5300000000000011,74.86666666666666,0.020000000000000018,1.5133333333333334,0.6499999999999999,1.4266666666666659,0.063,0.3139999999999999
2026-01-01 21:23:00,NODE_02,74.96,2.13,1.6,0.361,24.78,68.33,normal,1.0799999999999983,74.74999999999999,0.8099999999999998,1.5833333333333333,-0.31999999999999984,1.5966666666666658,-0.016000000000000014,0.3506666666666666
2026-01-01 21:33:00,NODE_02,74.94,2.01,0.9,0.287,25.07,73.87,normal,-0.01999999999999602,74.59333333333332,-0.1200000000000001,1.82,-0.7000000000000001,1.4733333333333325,-0.07400000000000001,0.34166666666666656
2026-01-01 21:43:00,NODE_02,74.9,1.16,1.87,0.325,25.32,71.83,normal,-0.03999999999999204,74.93333333333332,-0.8499999999999999,1.7666666666666666,0.9700000000000001,1.4566666666666659,0.038000000000000034,0.3243333333333332
2026-01-01 21:53:00,NODE_02,75.95,2.11,1.38,0.265,26.53,71.34,normal,1.0499999999999972,75.26333333333334,0.95,1.7599999999999998,-0.4900000000000002,1.3833333333333322,-0.06,0.2923333333333333
2026-01-01 22:03:00,NODE_02,75.12,1.12,0.67,0.228,26.35,68.15,normal,-0.8299999999999983,75.32333333333334,-0.9899999999999998,1.4633333333333332,-0.7099999999999999,1.3066666666666658,-0.037000000000000005,0.2726666666666666
2026-01-01 22:13:00,NODE_02,75.56,1.41,0.88,0.177,25.73,67.93,normal,0.4399999999999977,75.54333333333334,0.2899999999999998,1.5466666666666666,0.20999999999999996,0.9766666666666657,-0.05100000000000002,0.22333333333333327
2026-01-01 22:23:00,NODE_02,75.19,1.69,1.12,0.192,25.9,73.66,normal,-0.37000000000000455,75.29,0.28,1.4066666666666665,0.2400000000000001,0.8899999999999991,0.015000000000000013,0.19899999999999993
2026-01-01 22:33:00,NODE_02,75.21,2.19,1.18,0.279,26.26,71.01,normal,0.01999999999999602,75.32000000000001,0.5,1.7633333333333334,0.05999999999999983,1.0599999999999992,0.08700000000000002,0.21599999999999994
2026-01-01 22:43:00,NODE_02,75.21,0.68,1.25,0.211,25.53,72.0,normal,0.0,75.20333333333332,-1.5099999999999998,1.5199999999999998,0.07000000000000006,1.1833333333333325,-0.06800000000000003,0.22733333333333325
2026-01-01 22:53:00,NODE_02,75.34,1.04,1.05,0.219,24.96,69.41,normal,0.13000000000000966,75.25333333333333,0.36,1.3033333333333335,-0.19999999999999996,1.159999999999999,0.008000000000000007,0.23633333333333328
2026-01-01 23:03:00,NODE_02,75.97,1.44,0.66,0.176,25.4,73.25,normal,0.6299999999999955,75.50666666666666,0.3999999999999999,1.0533333333333335,-0.39,0.9866666666666658,-0.04300000000000001,0.20199999999999993
2026-01-01 23:13:00,NODE_02,75.06,1.5,1.29,0.223,26.75,70.14,normal,-0.9099999999999966,75.45666666666666,0.06000000000000005,1.3266666666666667,0.63,0.9999999999999991,0.047000000000000014,0.20599999999999993
2026-01-01 23:23:00,NODE_02,75.89,1.76,0.72,0.34,24.56,69.43,normal,0.8299999999999983,75.64,0.26,1.5666666666666667,-0.5700000000000001,0.8899999999999991,0.11700000000000002,0.2463333333333333
2026-01-01 23:33:00,NODE_02,75.43,1.38,1.06,0.212,27.66,67.33,normal,-0.45999999999999375,75.46,-0.3800000000000001,1.5466666666666666,0.3400000000000001,1.0233333333333323,-0.12800000000000003,0.2583333333333333
2026-01-01 23:43:00,NODE_02,76.16,1.88,1.03,0.187,25.16,70.28,normal,0.7299999999999898,75.82666666666667,0.5,1.6733333333333331,-0.030000000000000027,0.9366666666666656,-0.024999999999999994,0.24633333333333327
2026-01-01 23:53:00,NODE_02,75.58,1.56,0.99,0.184,26.33,72.8,normal,-0.5799999999999983,75.72333333333334,-0.31999999999999984,1.6066666666666667,-0.040000000000000036,1.0266666666666657,-0.0030000000000000027,0.19433333333333327
2026-01-02 00:03:00,NODE_02,75.86,0.73,1.13,0.292,28.38,70.86,normal,0.28000000000000114,75.86666666666666,-0.8300000000000001,1.39,0.1399999999999999,1.049999999999999,0.10799999999999998,0.22099999999999995
2026-01-02 00:13:00,NODE_02,75.39,1.27,0.67,0.34,26.25,76.16,normal,-0.46999999999999886,75.61,0.54,1.1866666666666668,-0.45999999999999985,0.9299999999999989,0.04800000000000004,0.27199999999999996
2026-01-02 00:23:00,NODE_02,75.73,1.32,0.75,0.261,26.63,69.04,normal,0.3400000000000034,75.66000000000001,0.050000000000000044,1.1066666666666667,0.07999999999999996,0.8499999999999991,-0.07900000000000001,0.2976666666666666
2026-01-02 00:33:00,NODE_02,75.53,1.33,0.33,0.177,24.38,75.0,normal,-0.20000000000000284,75.55,0.010000000000000009,1.3066666666666666,-0.42,0.5833333333333324,-0.08400000000000002,0.25933333333333325
2026-01-02 00:43:00,NODE_02,76.5,1.07,0.47,0.201,25.7,69.89,normal,0.9699999999999989,75.92,-0.26,1.2400000000000002,0.13999999999999996,0.5166666666666656,0.02400000000000002,0.21299999999999994
2026-01-02 00:53:00,NODE_02,75.45,1.31,1.16,0.238,24.79,70.39,normal,-1.0499999999999972,75.82666666666667,0.24,1.2366666666666666,0.69,0.6533333333333323,0.03699999999999998,0.20533333333333326
2026-01-02 01:03:00,NODE_02,75.51,1.46,1.34,0.174,26.1,68.14,normal,0.060000000000002274,75.82000000000001,0.1499999999999999,1.28,0.18000000000000016,0.989999999999999,-0.064,0.20433333333333326
2026-01-02 01:13:00,NODE_02,75.49,1.49,1.01,0.229,25.43,69.21,normal,-0.020000000000010232,75.48333333333333,0.030000000000000027,1.42,-0.33000000000000007,1.169999999999999,0.05500000000000002,0.2136666666666666
2026-01-02 01:23:00,NODE_02,76.75,1.26,0.53,0.123,26.56,68.4,normal,1.2600000000000051,75.91666666666667,-0.22999999999999998,1.4033333333333333,-0.48,0.9599999999999991,-0.10600000000000001,0.17533333333333326
2026-01-02 01:33:00,NODE_02,76.84,0.78,0.58,0.098,26.55,74.43,normal,0.09000000000000341,76.36,-0.48,1.1766666666666667,0.04999999999999993,0.7066666666666657,-0.024999999999999994,0.14999999999999994
2026-01-02 01:43:00,NODE_02,76.7,0.4,0.68,0.212,25.01,66.35,normal,-0.14000000000000057,76.76333333333334,-0.38,0.8133333333333334,0.10000000000000009,0.5966666666666657,0.11399999999999999,0.14433333333333326
2026-01-02 01:53:00,NODE_02,76.45,0.57,0.68,0.124,24.63,64.64,normal,-0.25,76.66333333333334,0.16999999999999993,0.5833333333333334,0.0,0.6466666666666657,-0.088,0.14466666666666658
2026-01-02 02:03:00,NODE_02,76.1,0.65,0.65,0.132,24.63,67.74,normal,-0.3500000000000085,76.41666666666667,0.08000000000000007,0.54,-0.030000000000000027,0.669999999999999,0.008000000000000007,0.15599999999999992
2026-01-02 02:13:00,NODE_02,76.52,0.22,0.73,0.181,25.71,71.65,normal,0.4200000000000017,76.35666666666667,-0.43000000000000005,0.48000000000000004,0.07999999999999996,0.6866666666666656,0.04899999999999999,0.14566666666666658
2026-01-02 02:23:00,NODE_02,76.06,0.97,0.7,0.227,24.18,69.67,normal,-0.45999999999999375,76.22666666666667,0.75,0.6133333333333333,-0.030000000000000027,0.6933333333333324,0.04600000000000001,0.17999999999999994
2026-01-02 02:33:00,NODE_02,75.91,1.04,1.16,0.223,26.6,64.69,normal,-0.15000000000000568,76.16333333333333,0.07000000000000006,0.7433333333333333,0.45999999999999996,0.8633333333333324,-0.0040000000000000036,0.21033333333333326
2026-01-02 02:43:00,NODE_02,76.03,1.08,0.82,0.27,26.71,73.4,normal,0.12000000000000455,76.0,0.040000000000000036,1.03,-0.33999999999999997,0.8933333333333323,0.047000000000000014,0.2399999999999999
2026-01-02 02:53:00,NODE_02,75.64,1.22,0.56,0.162,26.88,71.81,normal,-0.39000000000000057,75.86,0.1399999999999999,1.1133333333333333,-0.2599999999999999,0.8466666666666657,-0.10800000000000001,0.21833333333333327
2026-01-02 03:03:00,NODE_02,76.2,0.68,0.6,0.281,24.55,66.23,normal,0.5600000000000023,75.95666666666666,-0.5399999999999999,0.9933333333333333,0.039999999999999925,0.659999999999999,0.11900000000000002,0.2376666666666666
2026-01-02 03:13:00,NODE_02,76.62,1.3,0.8,0.138,26.15,69.41,normal,0.4200000000000017,76.15333333333334,0.62,1.0666666666666667,0.20000000000000007,0.6533333333333323,-0.14300000000000002,0.19366666666666657
2026-01-02 03:23:00,NODE_02,76.08,0.97,0.8,0.116,26.54,68.74,normal,-0.5400000000000063,76.3,-0.33000000000000007,0.9833333333333334,0.0,0.7333333333333325,-0.022000000000000006,0.17833333333333326
2026-01-02 03:33:00,NODE_02,75.94,0.96,0.52,0.222,26.1,71.99,normal,-0.14000000000000057,76.21333333333332,-0.010000000000000009,1.0766666666666667,-0.28,0.7066666666666658,0.106,0.1586666666666666
2026-01-02 03:43:00,NODE_02,76.86,0.76,0.84,0.132,27.13,67.08,normal,0.9200000000000017,76.29333333333334,-0.19999999999999996,0.8966666666666668,0.31999999999999995,0.719999999999999,-0.09,0.1566666666666666
2026-01-02 03:53:00,NODE_02,76.62,1.33,0.74,0.231,25.33,66.92,normal,-0.23999999999999488,76.47333333333334,0.5700000000000001,1.0166666666666668,-0.09999999999999998,0.699999999999999,0.099,0.19499999999999992
2026-01-02 04:03:00,NODE_02,76.23,1.15,1.61,0.163,27.95,66.46,normal,-0.39000000000000057,76.57000000000001,-0.18000000000000016,1.08,0.8700000000000001,1.0633333333333324,-0.068,0.17533333333333326
2026-01-02 04:13:00,NODE_02,76.16,1.92,0.64,0.265,25.83,67.91,normal,-0.07000000000000739,76.33666666666666,0.77,1.4666666666666668,-0.9700000000000001,0.9966666666666658,0.10200000000000001,0.2196666666666666
2026-01-02 04:23:00,NODE_02,76.22,1.17,1.21,0.268,28.52,71.98,normal,0.060000000000002274,76.20333333333333,-0.75,1.4133333333333333,0.57,1.1533333333333324,0.0030000000000000027,0.2319999999999999
2026-01-02 04:33:00,NODE_02,75.06,1.48,0.8,0.259,26.8,70.99,normal,-1.1599999999999966,75.81333333333333,0.31000000000000005,1.5233333333333334,-0.4099999999999999,0.8833333333333325,-0.009000000000000008,0.26399999999999996
2026-01-02 04:43:00,NODE_02,75.74,1.26,0.88,0.224,26.11,69.03,normal,0.6799999999999926,75.67333333333333,-0.21999999999999997,1.3033333333333335,0.07999999999999996,0.9633333333333325,-0.035,0.25033333333333324
2026-01-02 04:53:00,NODE_02,76.16,1.17,0.3,0.18,29.03,64.71,normal,0.4200000000000017,75.65333333333334,-0.09000000000000008,1.3033333333333335,-0.5800000000000001,0.6599999999999991,-0.04400000000000001,0.2209999999999999
2026-01-02 05:03:00,NODE_02,75.05,1.6,1.45,0.251,27.44,73.73,normal,-1.1099999999999994,75.64999999999999,0.43000000000000016,1.3433333333333335,1.15,0.8766666666666657,0.07100000000000001,0.21833333333333324
2026-01-02 05:13:00,NODE_02,75.68,1.4,1.09,0.283,27.67,70.06,normal,0.6300000000000097,75.63,-0.20000000000000018,1.39,-0.3599999999999999,0.9466666666666658,0.03199999999999997,0.2379999999999999
2026-01-02 05:23:00,NODE_02,75.61,1.64,1.23,0.234,26.85,75.3,normal,-0.07000000000000739,75.44666666666667,0.24,1.5466666666666669,0.1399999999999999,1.2566666666666657,-0.04899999999999996,0.2559999999999999
2026-01-02 05:33:00,NODE_02,75.86,1.11,0.55,0.211,25.73,70.38,normal,0.25,75.71666666666668,-0.5299999999999998,1.3833333333333335,-0.6799999999999999,0.9566666666666658,-0.02300000000000002,0.24266666666666656
2026-01-02 05:43:00,NODE_02,75.13,1.85,1.1,0.289,25.4,73.34,normal,-0.730000000000004,75.53333333333335,0.74,1.5333333333333334,0.55,0.9599999999999991,0.07799999999999999,0.24466666666666656
2026-01-02 05:53:00,NODE_02,75.74,1.3,1.55,0.249,24.17,71.95,normal,0.6099999999999994,75.57666666666667,-0.55,1.4200000000000002,0.44999999999999996,1.0666666666666658,-0.03999999999999998,0.24966666666666656
2026-01-02 06:03:00,NODE_02,76.15,0.91,0.93,0.205,26.28,74.65,normal,0.4100000000000108,75.67333333333333,-0.39,1.3533333333333335,-0.62,1.1933333333333327,-0.04400000000000001,0.2476666666666665
2026-01-02 06:13:00,NODE_02,69.14,5.43,4.21,0.513,26.19,70.82,warning,-7.010000000000005,73.67666666666666,4.52,2.546666666666667,3.28,2.229999999999999,0.30800000000000005,0.3223333333333332
2026-01-02 06:23:00,NODE_02,69.98,3.9,3.73,0.743,27.01,74.46,warning,0.8400000000000034,71.75666666666667,-1.5299999999999998,3.4133333333333336,-0.48,2.9566666666666657,0.22999999999999998,0.4869999999999999
2026-01-02 06:33:00,NODE_02,70.75,3.78,2.6,0.667,23.58,75.55,warning,0.769999999999996,69.95666666666666,-0.1200000000000001,4.37,-1.13,3.5133333333333323,-0.07599999999999996,0.6409999999999999
2026-01-02 06:43:00,NODE_02,70.61,4.65,3.3,0.711,26.11,68.26,warning,-0.14000000000000057,70.44666666666667,0.8700000000000006,4.11,0.6999999999999997,3.209999999999999,0.04399999999999993,0.7069999999999999
2026-01-02 06:53:00,NODE_02,70.05,5.14,2.35,0.874,25.57,68.97,warning,-0.5600000000000023,70.47,0.4899999999999993,4.523333333333333,-0.9499999999999997,2.7499999999999987,0.16300000000000003,0.7506666666666666
2026-01-02 07:03:00,NODE_02,69.87,5.16,3.77,0.711,24.91,69.29,warning,-0.1799999999999926,70.17666666666666,0.020000000000000462,4.983333333333333,1.42,3.1399999999999992,-0.16300000000000003,0.7653333333333331
2026-01-02 07:13:00,NODE_02,71.01,4.92,3.2,0.68,25.71,72.6,warning,1.1400000000000006,70.31,-0.2400000000000002,5.073333333333333,-0.5699999999999998,3.1066666666666656,-0.030999999999999917,0.7549999999999999
2026-01-02 07:23:00,NODE_02,72.63,4.09,4.05,0.442,25.17,72.71,warning,1.6199999999999903,71.17,-0.8300000000000001,4.723333333333334,0.8499999999999996,3.6733333333333325,-0.23800000000000004,0.6109999999999999
2026-01-02 07:33:00,NODE_02,72.84,3.12,3.16,0.63,25.75,78.2,warning,0.21000000000000796,72.16000000000001,-0.9699999999999998,4.043333333333334,-0.8899999999999997,3.469999999999999,0.188,0.584
2026-01-02 07:43:00,NODE_02,73.0,4.66,2.94,0.556,26.96,74.83,warning,0.1599999999999966,72.82333333333334,1.54,3.956666666666667,-0.2200000000000002,3.3833333333333324,-0.07399999999999995,0.5426666666666665
2026-01-02 07:53:00,NODE_02,73.45,3.91,2.06,0.564,26.09,69.26,warning,0.45000000000000284,73.09666666666668,-0.75,3.896666666666667,-0.8799999999999999,2.719999999999999,0.007999999999999896,0.5833333333333331
2026-01-02 08:03:00,NODE_02,72.39,4.47,1.83,0.554,24.53,71.02,warning,-1.0600000000000023,72.94666666666666,0.5599999999999996,4.346666666666667,-0.22999999999999998,2.276666666666666,-0.009999999999999898,0.5579999999999999
2026-01-02 08:13:00,NODE_02,72.7,3.77,2.52,0.482,29.41,73.14,warning,0.3100000000000023,72.84666666666666,-0.6999999999999997,4.05,0.69,2.136666666666666,-0.07200000000000006,0.5333333333333332
2026-01-02 08:23:00,NODE_02,72.23,2.78,2.84,0.463,23.15,68.12,warning,-0.46999999999999886,72.44,-0.9900000000000002,3.673333333333334,0.31999999999999984,2.396666666666666,-0.01899999999999996,0.49966666666666654
2026-01-02 08:33:00,NODE_02,73.27,3.17,2.01,0.432,25.77,65.72,warning,1.039999999999992,72.73333333333333,0.3900000000000001,3.24,-0.8300000000000001,2.4566666666666657,-0.031000000000000028,0.4589999999999999
2026-01-02 08:43:00,NODE_02,74.98,2.53,2.09,0.422,24.82,72.41,warning,1.710000000000008,73.49333333333334,-0.6400000000000001,2.8266666666666667,0.08000000000000007,2.313333333333332,-0.010000000000000009,0.4389999999999999
2026-01-02 08:53:00,NODE_02,73.66,3.09,1.87,0.556,27.27,70.61,warning,-1.3200000000000074,73.96999999999998,0.56,2.93,-0.21999999999999975,1.989999999999999,0.13400000000000006,0.4699999999999999
2026-01-02 09:03:00,NODE_02,74.57,3.73,1.6,0.547,26.06,74.33,warning,0.9099999999999966,74.40333333333332,0.6400000000000001,3.116666666666667,-0.27,1.8533333333333324,-0.009000000000000008,0.5083333333333333
2026-01-02 09:13:00,NODE_02,72.92,2.86,1.42,0.461,24.33,70.61,warning,-1.6499999999999915,73.71666666666665,-0.8700000000000001,3.226666666666667,-0.18000000000000016,1.629999999999999,-0.08600000000000002,0.5213333333333333
2026-01-02 09:23:00,NODE_02,73.21,2.23,2.58,0.307,28.15,69.09,warning,0.28999999999999204,73.56666666666666,-0.6299999999999999,2.94,1.1600000000000001,1.866666666666666,-0.15400000000000003,0.4383333333333333
2026-01-02 09:33:00,NODE_02,75.21,2.94,2.47,0.289,27.57,70.24,normal,2.0,73.78,0.71,2.676666666666667,-0.10999999999999988,2.156666666666666,-0.018000000000000016,0.3523333333333332
2026-01-02 09:43:00,NODE_02,74.78,2.84,2.12,0.504,25.42,73.38,warning,-0.4299999999999926,74.39999999999999,-0.10000000000000009,2.6700000000000004,-0.3500000000000001,2.3899999999999992,0.21500000000000002,0.36666666666666653
2026-01-02 09:53:00,NODE_02,73.19,2.99,2.56,0.491,26.28,69.35,warning,-1.5900000000000034,74.39333333333333,0.15000000000000036,2.923333333333334,0.43999999999999995,2.3833333333333324,-0.013000000000000012,0.42799999999999994
2026-01-02 10:03:00,NODE_02,72.79,2.44,2.47,0.406,27.41,74.79,normal,-0.3999999999999915,73.58666666666666,-0.5500000000000003,2.7566666666666673,-0.08999999999999986,2.383333333333333,-0.08499999999999996,0.4669999999999999
2026-01-02 10:13:00,NODE_02,73.36,2.58,2.58,0.471,26.21,68.58,warning,0.5699999999999932,73.11333333333333,0.14000000000000012,2.6700000000000004,0.10999999999999988,2.5366666666666657,0.06499999999999995,0.45599999999999996
2026-01-02 10:23:00,NODE_02,72.85,2.76,2.1,0.362,25.28,76.1,warning,-0.5100000000000051,73.0,0.17999999999999972,2.5933333333333337,-0.48,2.3833333333333324,-0.10899999999999999,0.413
2026-01-02 10:33:00,NODE_02,71.67,2.59,1.63,0.489,27.3,66.14,warning,-1.1799999999999926,72.62666666666667,-0.16999999999999993,2.6433333333333335,-0.4700000000000002,2.1033333333333326,0.127,0.44066666666666654
2026-01-02 10:43:00,NODE_02,71.7,3.07,3.0,0.463,26.89,67.45,warning,0.030000000000001137,72.07333333333334,0.48,2.8066666666666666,1.37,2.2433333333333323,-0.025999999999999968,0.43799999999999994
2026-01-02 10:53:00,NODE_02,73.43,3.43,1.98,0.383,28.69,69.21,warning,1.730000000000004,72.26666666666667,0.3600000000000003,3.03,-1.02,2.2033333333333327,-0.08000000000000002,0.4449999999999999
2026-01-02 11:03:00,NODE_02,72.3,3.17,2.74,0.433,27.09,73.1,warning,-1.1300000000000097,72.47666666666667,-0.26000000000000023,3.223333333333334,0.7600000000000002,2.5733333333333324,0.04999999999999999,0.4263333333333333
2026-01-02 11:13:00,NODE_02,73.36,2.62,1.51,0.457,27.65,73.56,warning,1.0600000000000023,73.03,-0.5499999999999998,3.0733333333333337,-1.2300000000000002,2.0766666666666658,0.02400000000000002,0.42433333333333323
2026-01-02 11:23:00,NODE_02,73.1,2.96,1.24,0.501,23.52,71.84,warning,-0.2600000000000051,72.92,0.33999999999999986,2.9166666666666665,-0.27,1.8299999999999992,0.043999999999999984,0.4636666666666666
2026-01-02 11:33:00,NODE_02,74.96,1.91,1.64,0.487,27.6,73.73,normal,1.8599999999999994,73.80666666666666,-1.05,2.496666666666667,0.3999999999999999,1.4633333333333323,-0.014000000000000012,0.48166666666666663
2026-01-02 11:43:00,NODE_02,73.89,2.65,1.95,0.475,24.37,67.96,normal,-1.0699999999999932,73.98333333333333,0.74,2.506666666666667,0.31000000000000005,1.6099999999999992,-0.01200000000000001,0.4876666666666665
2026-01-02 11:53:00,NODE_02,73.24,2.58,2.12,0.394,26.02,73.63,normal,-0.6500000000000057,74.02999999999999,-0.06999999999999984,2.3800000000000003,0.17000000000000015,1.9033333333333324,-0.08099999999999996,0.45199999999999996
2026-01-02 12:03:00,NODE_02,73.54,2.44,2.26,0.34,26.97,70.84,normal,0.30000000000001137,73.55666666666667,-0.14000000000000012,2.5566666666666666,0.13999999999999968,2.109999999999999,-0.05399999999999999,0.40299999999999997
2026-01-02 12:13:00,NODE_02,75.33,2.01,1.14,0.488,25.62,72.13,normal,1.789999999999992,74.03666666666668,-0.43000000000000016,2.3433333333333337,-1.1199999999999999,1.839999999999999,0.14799999999999996,0.4073333333333333
2026-01-02 12:23:00,NODE_02,74.17,2.73,1.58,0.294,26.66,67.59,normal,-1.1599999999999966,74.34666666666666,0.7200000000000002,2.3933333333333335,0.44000000000000017,1.659999999999999,-0.194,0.37399999999999994
2026-01-02 12:33:00,NODE_02,75.27,2.32,1.18,0.286,25.33,72.23,normal,1.0999999999999943,74.92333333333333,-0.41000000000000014,2.3533333333333335,-0.40000000000000013,1.2999999999999992,-0.008000000000000007,0.3559999999999999
2026-01-02 12:43:00,NODE_02,74.56,2.64,2.14,0.282,24.44,70.6,normal,-0.7099999999999937,74.66666666666667,0.3200000000000003,2.5633333333333335,0.9600000000000002,1.6333333333333322,-0.0040000000000000036,0.2873333333333333
2026-01-02 12:53:00,NODE_02,75.38,2.6,0.83,0.301,25.47,70.9,normal,0.8199999999999932,75.07,-0.040000000000000036,2.52,-1.31,1.3833333333333322,0.019000000000000017,0.2896666666666666
2026-01-02 13:03:00,NODE_02,65.25,6.82,4.93,1.153,25.76,74.49,critical,-10.129999999999995,71.73,4.220000000000001,4.0200000000000005,4.1,2.6333333333333324,0.8520000000000001,0.5786666666666666
2026-01-02 13:13:00,NODE_02,67.35,5.64,4.34,1.275,25.19,66.29,critical,2.0999999999999943,69.32666666666667,-1.1800000000000006,5.0200000000000005,-0.5899999999999999,3.3666666666666654,0.12199999999999989,0.9096666666666665
2026-01-02 13:23:00,NODE_02,67.34,6.12,4.22,0.987,26.24,68.17,critical,-0.009999999999990905,66.64666666666666,0.4800000000000004,6.1933333333333325,-0.1200000000000001,4.496666666666665,-0.2879999999999999,1.1383333333333334
2026-01-02 13:33:00,NODE_02,65.95,6.45,6.9,0.823,26.39,67.83,critical,-1.3900000000000006,66.88000000000001,0.33000000000000007,6.07,2.6800000000000006,5.153333333333332,-0.16400000000000003,1.028333333333333
2026-01-02 13:43:00,NODE_02,67.65,7.42,4.45,0.893,28.45,70.43,critical,1.7000000000000028,66.98,0.9699999999999998,6.663333333333333,-2.45,5.189999999999999,0.07000000000000006,0.9009999999999999
2026-01-02 13:53:00,NODE_02,66.94,5.62,3.96,1.008,26.96,72.99,critical,-0.710000000000008,66.84666666666668,-1.7999999999999998,6.496666666666667,-0.4900000000000002,5.103333333333333,0.11499999999999999,0.9079999999999999
2026-01-02 14:03:00,NODE_02,67.99,7.13,5.08,0.975,27.37,70.02,critical,1.0499999999999972,67.52666666666666,1.5099999999999998,6.723333333333334,1.12,4.496666666666666,-0.03300000000000003,0.9586666666666667
2026-01-02 14:13:00,NODE_02,69.05,4.49,4.63,0.776,25.58,75.26,critical,1.0600000000000023,67.99333333333333,-2.6399999999999997,5.746666666666666,-0.4500000000000002,4.556666666666666,-0.19899999999999995,0.9196666666666666
2026-01-02 14:23:00,NODE_02,71.4,5.02,3.25,0.993,26.6,70.26,critical,2.3500000000000085,69.48,0.5299999999999994,5.546666666666667,-1.38,4.319999999999999,0.21699999999999997,0.9146666666666666
2026-01-02 14:33:00,NODE_02,71.35,6.63,4.76,0.664,26.45,72.0,critical,-0.05000000000001137,70.6,1.6100000000000003,5.38,1.5099999999999998,4.213333333333332,-0.32899999999999996,0.8109999999999999
2026-01-02 14:43:00,NODE_02,69.82,4.82,4.42,0.927,27.24,73.68,critical,-1.5300000000000011,70.85666666666667,-1.8099999999999996,5.489999999999999,-0.33999999999999986,4.143333333333333,0.263,0.8613333333333334
2026-01-02 14:53:00,NODE_02,67.59,4.59,4.75,0.758,28.57,68.54,warning,-2.2299999999999898,69.58666666666666,-0.23000000000000043,5.346666666666667,0.33000000000000007,4.643333333333332,-0.16900000000000004,0.783
2026-01-02 15:03:00,NODE_02,65.84,9.19,5.12,1.239,25.74,71.95,critical,-1.75,67.75,4.6,6.2,0.3700000000000001,4.763333333333333,0.4810000000000001,0.9746666666666667
2026-01-02 15:13:00,NODE_02,67.46,8.5,5.62,1.349,28.69,73.17,critical,1.6199999999999903,66.96333333333332,-0.6899999999999995,7.426666666666667,0.5,5.163333333333332,0.10999999999999988,1.1153333333333333
2026-01-02 15:23:00,NODE_02,67.75,7.06,7.63,1.34,26.18,74.27,critical,0.29000000000000625,67.01666666666667,-1.4400000000000004,8.25,2.01,6.123333333333332,-0.008999999999999897,1.3093333333333332
2026-01-02 15:33:00,NODE_02,63.83,7.45,5.44,1.081,27.92,73.41,critical,-3.9200000000000017,66.34666666666666,0.39000000000000057,7.669999999999999,-2.1899999999999995,6.2299999999999995,-0.2590000000000001,1.2566666666666666
2026-01-02 15:43:00,NODE_02,66.6,7.27,5.33,0.926,26.42,67.63,critical,2.769999999999996,66.05999999999999,-0.1800000000000006,7.260000000000001,-0.11000000000000032,6.133333333333333,-0.15499999999999992,1.1156666666666668
2026-01-02 15:53:00,NODE_02,68.88,8.85,5.81,0.868,24.88,71.7,critical,2.280000000000001,66.43666666666667,1.58,7.8566666666666665,0.47999999999999954,5.526666666666666,-0.05800000000000005,0.9583333333333334
2026-01-02 16:03:00,NODE_02,65.21,5.38,6.6,0.793,26.04,72.28,critical,-3.6700000000000017,66.89666666666666,-3.4699999999999998,7.166666666666665,0.79,5.913333333333331,-0.07499999999999996,0.8623333333333334
2026-01-02 16:13:00,NODE_02,65.74,6.17,5.24,0.873,26.97,75.68,critical,0.5300000000000011,66.61,0.79,6.8,-1.3599999999999994,5.883333333333333,0.07999999999999996,0.8446666666666666
2026-01-02 16:23:00,NODE_02,67.07,7.19,6.01,1.096,27.4,72.0,critical,1.3299999999999983,66.00666666666666,1.0200000000000005,6.246666666666667,0.7699999999999996,5.949999999999999,0.2230000000000001,0.9206666666666666
2026-01-02 16:33:00,NODE_02,66.39,6.13,5.37,0.896,26.23,72.43,critical,-0.6799999999999926,66.39999999999999,-1.0600000000000005,6.496666666666667,-0.6399999999999997,5.539999999999999,-0.20000000000000007,0.955
2026-01-02 16:43:00,NODE_02,68.64,5.29,3.86,0.837,25.0,73.6,critical,2.25,67.36666666666666,-0.8399999999999999,6.203333333333333,-1.5100000000000002,5.079999999999999,-0.05900000000000005,0.9430000000000001
2026-01-02 16:53:00,NODE_02,71.23,5.7,3.6,0.729,26.74,73.02,critical,2.5900000000000034,68.75333333333333,0.41000000000000014,5.706666666666667,-0.2599999999999998,4.276666666666666,-0.10799999999999998,0.8206666666666665
2026-01-02 17:03:00,NODE_02,70.96,4.98,3.65,0.889,26.69,72.25,critical,-0.27000000000001023,70.27666666666667,-0.7199999999999998,5.323333333333334,0.04999999999999982,3.7033333333333327,0.16000000000000003,0.8183333333333334
2026-01-02 17:13:00,NODE_02,68.6,6.57,4.04,0.794,23.76,71.21,critical,-2.3599999999999994,70.26333333333334,1.5899999999999999,5.75,0.3900000000000001,3.7633333333333323,-0.09499999999999997,0.8039999999999999
2026-01-02 17:23:00,NODE_02,71.98,4.19,4.59,0.824,24.39,72.05,warning,3.3800000000000097,70.51333333333334,-2.38,5.246666666666667,0.5499999999999998,4.093333333333333,0.029999999999999916,0.8356666666666667
2026-01-02 17:33:00,NODE_02,71.63,4.49,2.81,0.75,25.03,73.33,warning,-0.3500000000000085,70.73666666666666,0.2999999999999998,5.083333333333334,-1.7799999999999998,3.813333333333332,-0.07399999999999995,0.7893333333333333
2026-01-02 17:43:00,NODE_02,70.98,3.46,2.49,0.638,25.58,69.88,warning,-0.6499999999999915,71.53,-1.0300000000000002,4.046666666666667,-0.31999999999999984,3.2966666666666655,-0.11199999999999999,0.7373333333333333
2026-01-02 17:53:00,NODE_02,68.97,5.86,4.12,0.593,27.47,69.6,warning,-2.010000000000005,70.52666666666667,2.4000000000000004,4.6033333333333335,1.63,3.1399999999999992,-0.04500000000000004,0.6603333333333333
2026-01-02 18:03:00,NODE_02,70.21,3.58,3.59,0.584,26.17,70.62,warning,1.2399999999999949,70.05333333333333,-2.2800000000000002,4.3,-0.5300000000000002,3.399999999999999,-0.009000000000000008,0.605
2026-01-02 18:13:00,NODE_02,70.04,3.81,3.54,0.74,27.32,71.38,warning,-0.1699999999999875,69.74,0.22999999999999998,4.416666666666667,-0.04999999999999982,3.7499999999999987,0.15600000000000003,0.6389999999999999
2026-01-02 18:23:00,NODE_02,70.67,4.67,3.8,0.631,25.65,72.79,warning,0.6299999999999955,70.30666666666667,0.8599999999999999,4.0200000000000005,0.2599999999999998,3.6433333333333326,-0.10899999999999999,0.6516666666666667
2026-01-02 18:33:00,NODE_02,72.99,5.07,2.84,0.584,26.57,69.2,warning,2.319999999999993,71.23333333333333,0.40000000000000036,4.516666666666667,-0.96,3.3933333333333326,-0.04700000000000004,0.6516666666666666
2026-01-02 18:43:00,NODE_02,70.49,3.06,2.82,0.76,25.86,66.18,warning,-2.5,71.38333333333333,-2.0100000000000002,4.266666666666667,-0.020000000000000018,3.1533333333333324,0.17600000000000005,0.6583333333333333
2026-01-02 18:53:00,NODE_02,72.04,4.4,3.02,0.525,25.3,71.03,warning,1.5500000000000114,71.83999999999999,1.3400000000000003,4.176666666666667,0.20000000000000018,2.8933333333333326,-0.235,0.6229999999999999
2026-01-02 19:03:00,NODE_02,72.15,3.43,2.32,0.44,26.21,69.76,warning,0.10999999999999943,71.56,-0.9700000000000002,3.6300000000000003,-0.7000000000000002,2.7199999999999993,-0.08500000000000002,0.5750000000000001
2026-01-02 19:13:00,NODE_02,72.87,3.22,3.47,0.502,23.6,72.05,warning,0.7199999999999989,72.35333333333334,-0.20999999999999996,3.6833333333333336,1.1500000000000004,2.936666666666666,0.062,0.48900000000000005
2026-01-02 19:23:00,NODE_02,72.3,3.99,2.61,0.442,25.35,75.73,warning,-0.5700000000000074,72.44,0.77,3.546666666666667,-0.8600000000000003,2.7999999999999994,-0.06,0.4613333333333334
2026-01-02 19:33:00,NODE_02,72.91,3.25,2.47,0.485,25.42,72.3,warning,0.6099999999999994,72.69333333333333,-0.7400000000000002,3.486666666666667,-0.13999999999999968,2.849999999999999,0.04299999999999998,0.47633333333333333
2026-01-02 19:43:00,NODE_02,72.28,2.49,2.35,0.633,25.53,69.78,warning,-0.6299999999999955,72.49666666666667,-0.7599999999999998,3.2433333333333336,-0.1200000000000001,2.476666666666666,0.14800000000000002,0.52
2026-01-02 19:53:00,NODE_02,73.14,3.0,2.45,0.619,26.06,68.89,warning,0.8599999999999994,72.77666666666666,0.5099999999999998,2.9133333333333336,0.10000000000000009,2.4233333333333333,-0.014000000000000012,0.5790000000000001
2026-01-02 20:03:00,NODE_02,71.36,2.99,2.39,0.528,24.92,72.11,warning,-1.7800000000000011,72.26,-0.009999999999999787,2.8266666666666667,-0.06000000000000005,2.396666666666666,-0.09099999999999997,0.5933333333333334
2026-01-02 20:13:00,NODE_02,71.95,3.52,2.01,0.377,26.68,68.66,warning,0.5900000000000034,72.14999999999999,0.5299999999999998,3.17,-0.38000000000000034,2.2833333333333328,-0.15100000000000002,0.508
2026-01-02 20:23:00,NODE_02,74.73,2.74,2.19,0.424,26.4,71.53,warning,2.780000000000001,72.68,-0.7799999999999998,3.0833333333333335,0.18000000000000016,2.196666666666666,0.046999999999999986,0.443
2026-01-02 20:33:00,NODE_02,72.72,3.8,2.4,0.396,27.87,61.62,warning,-2.010000000000005,73.13333333333333,1.0599999999999996,3.3533333333333335,0.20999999999999996,2.1999999999999993,-0.02799999999999997,0.399
2026-01-02 20:43:00,NODE_02,73.64,3.02,1.75,0.436,27.75,69.49,warning,0.9200000000000017,73.69666666666667,-0.7799999999999998,3.186666666666667,-0.6499999999999999,2.113333333333333,0.03999999999999998,0.4186666666666667
2026-01-02 20:53:00,NODE_02,74.59,2.07,1.87,0.386,27.44,75.31,warning,0.9500000000000028,73.65,-0.9500000000000002,2.9633333333333334,0.1200000000000001,2.0066666666666664,-0.04999999999999999,0.40599999999999997
2026-01-02 21:03:00,NODE_02,72.7,2.91,1.66,0.426,27.73,71.48,normal,-1.8900000000000006,73.64333333333333,0.8400000000000003,2.6666666666666665,-0.2100000000000002,1.7599999999999996,0.03999999999999998,0.416
2026-01-02 21:13:00,NODE_02,74.73,3.07,1.87,0.413,26.77,68.22,normal,2.030000000000001,74.00666666666667,0.1599999999999997,2.6833333333333336,0.2100000000000002,1.7999999999999996,-0.013000000000000012,0.4083333333333334
2026-01-02 21:23:00,NODE_02,74.78,1.95,1.16,0.361,24.7,75.99,normal,0.04999999999999716,74.07000000000001,-1.1199999999999999,2.643333333333333,-0.7100000000000002,1.5633333333333326,-0.05199999999999999,0.39999999999999997
2026-01-02 21:33:00,NODE_02,75.76,2.37,1.33,0.339,25.24,70.56,normal,0.980000000000004,75.08999999999999,0.42000000000000015,2.4633333333333334,0.17000000000000015,1.4533333333333325,-0.021999999999999964,0.371
2026-01-02 21:43:00,NODE_02,74.86,2.36,1.74,0.353,25.78,73.66,normal,-0.9000000000000057,75.13333333333334,-0.010000000000000231,2.2266666666666666,0.4099999999999999,1.4099999999999993,0.013999999999999957,0.351
2026-01-02 21:53:00,NODE_02,74.94,2.0,0.95,0.353,25.92,68.97,normal,0.0799999999999983,75.18666666666667,-0.3599999999999999,2.2433333333333336,-0.79,1.3399999999999992,0.0,0.34833333333333333
2026-01-02 22:03:00,NODE_02,74.16,1.74,2.12,0.256,25.06,70.09,normal,-0.7800000000000011,74.65333333333334,-0.26,2.033333333333333,1.1700000000000002,1.6033333333333328,-0.09699999999999998,0.32066666666666666
2026-01-02 22:13:00,NODE_02,75.13,1.99,1.46,0.282,27.46,68.32,normal,0.9699999999999989,74.74333333333333,0.25,1.9100000000000001,-0.6600000000000001,1.5099999999999991,0.025999999999999968,0.297
2026-01-02 22:23:00,NODE_02,74.64,2.0,2.04,0.308,24.89,71.33,normal,-0.4899999999999949,74.64333333333333,0.010000000000000009,1.9100000000000001,0.5800000000000001,1.8733333333333329,0.026000000000000023,0.28200000000000003
2026-01-02 22:33:00,NODE_02,76.09,1.32,1.37,0.312,24.35,76.02,normal,1.4500000000000028,75.28666666666668,-0.6799999999999999,1.7699999999999998,-0.6699999999999999,1.6233333333333329,0.0040000000000000036,0.3006666666666667
2026-01-02 22:43:00,NODE_02,75.3,1.85,1.49,0.208,25.81,65.85,normal,-0.7900000000000063,75.34333333333333,0.53,1.7233333333333334,0.11999999999999988,1.6333333333333329,-0.10400000000000001,0.27599999999999997
2026-01-02 22:53:00,NODE_02,75.12,1.66,1.19,0.322,26.27,65.88,normal,-0.1799999999999926,75.50333333333333,-0.19000000000000017,1.61,-0.30000000000000004,1.3499999999999994,0.11400000000000002,0.2806666666666667
2026-01-02 23:03:00,NODE_02,74.83,1.02,1.05,0.237,25.67,72.18,normal,-0.29000000000000625,75.08333333333333,-0.6399999999999999,1.5099999999999998,-0.1399999999999999,1.2433333333333327,-0.08500000000000002,0.25566666666666665
2026-01-02 23:13:00,NODE_02,75.39,1.91,1.83,0.19,26.46,69.66,normal,0.5600000000000023,75.11333333333333,0.8899999999999999,1.53,0.78,1.3566666666666662,-0.046999999999999986,0.2496666666666667
2026-01-02 23:23:00,NODE_02,74.4,1.57,1.63,0.293,26.11,75.79,normal,-0.9899999999999949,74.87333333333333,-0.33999999999999986,1.5,-0.20000000000000018,1.5033333333333327,0.10299999999999998,0.24
2026-01-02 23:33:00,NODE_02,75.75,1.2,0.62,0.262,27.35,75.15,normal,1.3499999999999943,75.18,-0.3700000000000001,1.5599999999999998,-1.0099999999999998,1.3599999999999994,-0.030999999999999972,0.24833333333333332
2026-01-02 23:43:00,NODE_02,74.99,1.37,0.96,0.182,24.52,72.87,normal,-0.7600000000000051,75.04666666666667,0.17000000000000015,1.38,0.33999999999999997,1.0699999999999994,-0.08000000000000002,0.24566666666666662
2026-01-02 23:53:00,NODE_02,74.78,1.13,0.91,0.189,26.67,68.64,normal,-0.20999999999999375,75.17333333333333,-0.2400000000000002,1.2333333333333334,-0.04999999999999993,0.8299999999999995,0.007000000000000006,0.211
2026-01-03 00:03:00,NODE_02,76.08,0.99,1.45,0.181,26.31,71.07,normal,1.2999999999999972,75.28333333333333,-0.1399999999999999,1.1633333333333333,0.5399999999999999,1.106666666666666,-0.008000000000000007,0.18400000000000002
2026-01-03 00:13:00,NODE_02,75.97,0.84,0.57,0.171,25.94,67.13,normal,-0.10999999999999943,75.61,-0.15000000000000002,0.9866666666666667,-0.88,0.976666666666666,-0.009999999999999981,0.18033333333333335
2026-01-03 00:23:00,NODE_02,75.83,0.91,0.64,0.151,24.95,71.72,normal,-0.14000000000000057,75.96,0.07000000000000006,0.9133333333333334,0.07000000000000006,0.8866666666666659,-0.020000000000000018,0.16766666666666666
2026-01-03 00:33:00,NODE_02,76.76,1.45,0.93,0.199,24.74,68.61,normal,0.9300000000000068,76.18666666666667,0.5399999999999999,1.0666666666666667,0.29000000000000004,0.7133333333333328,0.048000000000000015,0.17366666666666666
2026-01-03 00:43:00,NODE_02,75.97,0.82,0.73,0.218,25.39,66.11,normal,-0.7900000000000063,76.18666666666667,-0.63,1.06,-0.20000000000000007,0.7666666666666662,0.01899999999999999,0.18933333333333333
2026-01-03 00:53:00,NODE_02,75.64,1.14,1.02,0.14,27.33,66.2,normal,-0.3299999999999983,76.12333333333333,0.31999999999999995,1.1366666666666665,0.29000000000000004,0.8933333333333328,-0.07799999999999999,0.18566666666666667
2026-01-03 01:03:00,NODE_02,76.32,0.67,0.19,0.173,26.33,71.72,normal,0.6799999999999926,75.97666666666667,-0.46999999999999986,0.8766666666666666,-0.8300000000000001,0.6466666666666661,0.032999999999999974,0.17700000000000002
2026-01-03 01:13:00,NODE_02,76.41,0.93,0.56,0.123,25.94,67.25,normal,0.09000000000000341,76.12333333333333,0.26,0.9133333333333334,0.37000000000000005,0.5899999999999994,-0.04999999999999999,0.14533333333333334
2026-01-03 01:23:00,NODE_02,76.17,0.46,0.33,0.196,25.03,74.98,normal,-0.23999999999999488,76.3,-0.47000000000000003,0.6866666666666666,-0.23000000000000004,0.35999999999999943,0.07300000000000001,0.164
2026-01-03 01:33:00,NODE_02,77.25,0.59,0.24,0.124,26.93,71.31,normal,1.0799999999999983,76.61,0.12999999999999995,0.66,-0.09000000000000002,0.3766666666666661,-0.07200000000000001,0.14766666666666664
2026-01-03 01:43:00,NODE_02,76.78,0.61,0.64,0.108,23.26,74.29,normal,-0.46999999999999886,76.73333333333333,0.020000000000000018,0.5533333333333332,0.4,0.4033333333333327,-0.016,0.14266666666666666
2026-01-03 01:53:00,NODE_02,76.67,0.16,0.91,0.106,24.84,69.29,normal,-0.10999999999999943,76.89999999999999,-0.44999999999999996,0.4533333333333333,0.27,0.5966666666666661,-0.0020000000000000018,0.11266666666666665
2026-01-03 02:03:00,NODE_02,77.07,0.26,0.43,0.168,24.73,64.07,normal,0.3999999999999915,76.83999999999999,0.1,0.34333333333333327,-0.48000000000000004,0.6599999999999994,0.06200000000000001,0.12733333333333333
2026-01-03 02:13:00,NODE_02,76.61,0.6,0.47,0.083,26.41,78.34,normal,-0.45999999999999375,76.78333333333333,0.33999999999999997,0.3399999999999999,0.03999999999999998,0.6033333333333327,-0.085,0.11900000000000001
2026-01-03 02:23:00,NODE_02,76.73,0.74,0.36,0.123,26.66,71.18,normal,0.12000000000000455,76.80333333333334,0.14,0.5333333333333332,-0.10999999999999999,0.41999999999999943,0.039999999999999994,0.12466666666666666
2026-01-03 02:33:00,NODE_02,76.35,0.81,0.72,0.105,26.68,67.55,normal,-0.38000000000000966,76.56333333333333,0.07000000000000006,0.7166666666666667,0.36,0.516666666666666,-0.018000000000000002,0.10366666666666667
2026-01-03 02:43:00,NODE_02,77.24,0.67,0.5,0.148,26.23,70.35,normal,0.8900000000000006,76.77333333333333,-0.14,0.7399999999999999,-0.21999999999999997,0.5266666666666661,0.043,0.12533333333333332
2026-01-03 02:53:00,NODE_02,75.89,1.17,1.03,0.213,27.37,71.32,normal,-1.3499999999999943,76.49333333333333,0.4999999999999999,0.8833333333333333,0.53,0.7499999999999994,0.065,0.15533333333333332
2026-01-03 03:03:00,NODE_02,76.02,1.35,0.64,0.148,24.84,74.75,normal,0.12999999999999545,76.38333333333334,0.18000000000000016,1.0633333333333332,-0.39,0.7233333333333327,-0.065,0.16966666666666666
2026-01-03 03:13:00,NODE_02,75.81,1.27,1.07,0.158,26.95,69.86,normal,-0.20999999999999375,75.90666666666667,-0.08000000000000007,1.2633333333333332,0.43000000000000005,0.9133333333333328,0.010000000000000009,0.17299999999999996
2026-01-03 03:23:00,NODE_02,75.39,1.43,0.68,0.164,27.63,69.93,normal,-0.4200000000000017,75.74,0.15999999999999992,1.3499999999999999,-0.39,0.7966666666666661,0.006000000000000005,0.15666666666666665
2026-01-03 03:33:00,NODE_02,75.89,1.35,1.35,0.207,24.93,69.55,normal,0.5,75.69666666666667,-0.07999999999999985,1.3499999999999999,0.67,1.0333333333333328,0.04299999999999998,0.17633333333333331
2026-01-03 03:43:00,NODE_02,76.01,0.99,0.92,0.231,27.08,65.19,normal,0.12000000000000455,75.76333333333334,-0.3600000000000001,1.2566666666666666,-0.43000000000000005,0.9833333333333328,0.02400000000000002,0.20066666666666666
2026-01-03 03:53:00,NODE_02,76.65,1.29,0.62,0.186,24.68,72.93,normal,0.6400000000000006,76.18333333333334,0.30000000000000004,1.21,-0.30000000000000004,0.9633333333333328,-0.04500000000000001,0.208
2026-01-03 04:03:00,NODE_02,75.96,1.11,0.29,0.211,26.89,66.39,normal,-0.6900000000000119,76.20666666666666,-0.17999999999999994,1.13,-0.33,0.6099999999999994,0.024999999999999994,0.20933333333333334
2026-01-03 04:13:00,NODE_02,74.88,1.49,1.01,0.205,25.52,65.53,normal,-1.0799999999999983,75.83,0.3799999999999999,1.2966666666666666,0.72,0.6399999999999993,-0.006000000000000005,0.20066666666666666
2026-01-03 04:23:00,NODE_02,75.49,1.21,0.84,0.208,23.95,69.4,normal,0.6099999999999994,75.44333333333333,-0.28,1.2699999999999998,-0.17000000000000004,0.7133333333333328,0.0030000000000000027,0.20799999999999996
2026-01-03 04:33:00,NODE_02,75.59,1.53,1.42,0.227,28.43,61.94,normal,0.10000000000000853,75.32,0.32000000000000006,1.41,0.58,1.0899999999999996,0.019000000000000017,0.21333333333333335
2026-01-03 04:43:00,NODE_02,75.31,0.87,0.7,0.23,25.4,71.33,normal,-0.28000000000000114,75.46333333333332,-0.66,1.2033333333333331,-0.72,0.9866666666666662,0.0030000000000000027,0.22166666666666668
2026-01-03 04:53:00,NODE_02,75.05,1.51,1.02,0.236,25.67,69.48,normal,-0.2600000000000051,75.31666666666666,0.64,1.3033333333333332,0.32000000000000006,1.0466666666666662,0.005999999999999978,0.231
2026-01-03 05:03:00,NODE_02,75.38,2.05,0.75,0.227,26.23,72.97,normal,0.3299999999999983,75.24666666666667,0.5399999999999998,1.4766666666666666,-0.27,0.8233333333333328,-0.00899999999999998,0.231
2026-01-03 05:13:00,NODE_02,74.5,1.03,1.27,0.317,26.75,72.26,normal,-0.8799999999999955,74.97666666666667,-1.0199999999999998,1.53,0.52,1.0133333333333328,0.09,0.26
2026-01-03 05:23:00,NODE_02,75.54,1.42,1.06,0.256,28.0,72.37,normal,1.0400000000000063,75.14,0.3899999999999999,1.5,-0.20999999999999996,1.0266666666666662,-0.061,0.26666666666666666
2026-01-03 05:33:00,NODE_02,75.61,1.98,1.46,0.368,26.32,68.77,normal,0.06999999999999318,75.21666666666667,0.56,1.4766666666666666,0.3999999999999999,1.2633333333333328,0.11199999999999999,0.3136666666666667
2026-01-03 05:43:00,NODE_02,74.43,1.25,0.66,0.169,23.17,70.15,normal,-1.1799999999999926,75.19333333333334,-0.73,1.5499999999999998,-0.7999999999999999,1.0599999999999994,-0.19899999999999998,0.2643333333333333
2026-01-03 05:53:00,NODE_02,75.0,1.42,1.15,0.262,27.36,71.11,normal,0.5699999999999932,75.01333333333334,0.16999999999999993,1.5499999999999998,0.4899999999999999,1.0899999999999994,0.093,0.2663333333333333
2026-01-03 06:03:00,NODE_02,75.91,1.04,0.93,0.174,24.82,70.54,normal,0.9099999999999966,75.11333333333333,-0.3799999999999999,1.2366666666666666,-0.21999999999999986,0.9133333333333328,-0.08800000000000002,0.20166666666666666
2026-01-03 06:13:00,NODE_02,76.06,1.45,1.14,0.192,25.06,67.63,normal,0.15000000000000568,75.65666666666667,0.4099999999999999,1.3033333333333335,0.20999999999999985,1.0733333333333326,0.018000000000000016,0.2093333333333333
2026-01-03 06:23:00,NODE_02,75.31,1.3,1.03,0.183,25.46,67.4,normal,-0.75,75.76,-0.1499999999999999,1.2633333333333334,-0.10999999999999988,1.0333333333333325,-0.009000000000000008,0.18299999999999997
2026-01-03 06:33:00,NODE_02,75.59,1.45,1.38,0.206,26.66,74.98,normal,0.28000000000000114,75.65333333333334,0.1499999999999999,1.4000000000000001,0.34999999999999987,1.1833333333333327,0.022999999999999993,0.19366666666666663
2026-01-03 06:43:00,NODE_02,75.05,1.27,0.85,0.253,26.07,72.09,normal,-0.5400000000000063,75.31666666666666,-0.17999999999999994,1.3399999999999999,-0.5299999999999999,1.086666666666666,0.047000000000000014,0.21399999999999997
2026-01-03 06:53:00,NODE_02,75.53,1.73,1.19,0.182,26.07,69.18,normal,0.480000000000004,75.39,0.45999999999999996,1.4833333333333334,0.33999999999999997,1.1399999999999992,-0.07100000000000001,0.2136666666666666
2026-01-03 07:03:00,NODE_02,75.6,1.12,1.07,0.178,25.93,74.59,normal,0.06999999999999318,75.39333333333333,-0.6099999999999999,1.3733333333333333,-0.11999999999999988,1.0366666666666662,-0.0040000000000000036,0.20433333333333328
2026-01-03 07:13:00,NODE_02,75.51,1.42,1.18,0.267,25.97,70.34,normal,-0.0899999999999892,75.54666666666667,0.2999999999999998,1.4233333333333331,0.10999999999999988,1.146666666666666,0.08900000000000002,0.20899999999999996
2026-01-03 07:23:00,NODE_02,75.79,1.23,1.07,0.251,25.5,66.08,normal,0.28000000000000114,75.63333333333334,-0.18999999999999995,1.2566666666666666,-0.10999999999999988,1.1066666666666662,-0.016000000000000014,0.23199999999999998
2026-01-03 07:33:00,NODE_02,76.51,1.2,0.77,0.237,26.23,71.26,normal,0.7199999999999989,75.93666666666667,-0.030000000000000027,1.2833333333333332,-0.30000000000000004,1.006666666666666,-0.014000000000000012,0.25166666666666665
2026-01-03 07:43:00,NODE_02,76.37,0.96,1.16,0.164,25.79,69.35,normal,-0.14000000000000057,76.22333333333334,-0.24,1.13,0.3899999999999999,0.9999999999999994,-0.07299999999999998,0.2173333333333333
2026-01-03 07:53:00,NODE_02,76.37,1.15,1.23,0.203,24.05,76.84,normal,0.0,76.41666666666667,0.18999999999999995,1.1033333333333333,0.07000000000000006,1.0533333333333328,0.03900000000000001,0.20133333333333328
2026-01-03 08:03:00,NODE_02,74.91,1.53,1.26,0.259,27.53,69.51,normal,-1.460000000000008,75.88333333333334,0.3800000000000001,1.2133333333333332,0.030000000000000027,1.2166666666666661,0.055999999999999994,0.20866666666666664
2026-01-03 08:13:00,NODE_02,76.04,1.8,1.59,0.182,26.73,65.18,normal,1.1300000000000097,75.77333333333333,0.27,1.4933333333333332,0.33000000000000007,1.3599999999999994,-0.07700000000000001,0.21466666666666664
2026-01-03 08:23:00,NODE_02,75.71,0.72,0.74,0.164,26.09,70.51,normal,-0.3300000000000125,75.55333333333333,-1.08,1.3500000000000003,-0.8500000000000001,1.196666666666666,-0.017999999999999988,0.20166666666666663
2026-01-03 08:33:00,NODE_02,75.7,1.11,0.68,0.192,25.01,67.99,normal,-0.009999999999990905,75.81666666666666,0.3900000000000001,1.21,-0.05999999999999994,1.0033333333333327,0.027999999999999997,0.17933333333333332
2026-01-03 08:43:00,NODE_02,75.62,1.37,1.05,0.218,26.68,70.08,normal,-0.0799999999999983,75.67666666666666,0.26,1.0666666666666667,0.37,0.8233333333333327,0.025999999999999995,0.19133333333333327
2026-01-03 08:53:00,NODE_02,76.24,0.86,0.42,0.189,25.82,66.01,normal,0.6199999999999903,75.85333333333334,-0.5100000000000001,1.1133333333333335,-0.6300000000000001,0.716666666666666,-0.028999999999999998,0.19966666666666663
2026-01-03 09:03:00,NODE_02,76.82,0.88,1.19,0.178,26.48,71.98,normal,0.5799999999999983,76.22666666666667,0.020000000000000018,1.0366666666666668,0.77,0.8866666666666659,-0.01100000000000001,0.19499999999999998
2026-01-03 09:13:00,NODE_02,75.8,0.93,0.94,0.141,27.0,64.79,normal,-1.019999999999996,76.28666666666668,0.050000000000000044,0.89,-0.25,0.8499999999999993,-0.037000000000000005,0.1693333333333333
2026-01-03 09:23:00,NODE_02,75.62,0.87,0.55,0.211,25.66,66.88,normal,-0.1799999999999926,76.08,-0.06000000000000005,0.8933333333333334,-0.3899999999999999,0.8933333333333326,0.07,0.1766666666666666
2026-01-03 09:33:00,NODE_02,75.69,0.93,0.3,0.177,26.11,66.29,normal,0.06999999999999318,75.70333333333333,0.06000000000000005,0.91,-0.25000000000000006,0.5966666666666661,-0.034,0.17633333333333331
2026-01-03 09:43:00,NODE_02,75.47,0.86,0.55,0.144,22.85,69.71,normal,-0.21999999999999886,75.59333333333332,-0.07000000000000006,0.8866666666666667,0.25000000000000006,0.4666666666666661,-0.033,0.17733333333333326
2026-01-03 09:53:00,NODE_02,76.35,0.86,0.73,0.159,27.18,78.72,normal,0.8799999999999955,75.83666666666666,0.0,0.8833333333333333,0.17999999999999994,0.5266666666666661,0.015000000000000013,0.15999999999999995
2026-01-03 10:03:00,NODE_02,76.59,0.99,0.14,0.113,27.55,70.86,normal,0.2400000000000091,76.13666666666666,0.13,0.9033333333333333,-0.59,0.4733333333333327,-0.046,0.13866666666666663
2026-01-03 10:13:00,NODE_02,76.31,0.54,0.52,0.182,26.2,70.72,normal,-0.28000000000000114,76.41666666666667,-0.44999999999999996,0.7966666666666667,0.38,0.46333333333333276,0.06899999999999999,0.1513333333333333
2026-01-03 10:23:00,NODE_02,75.04,1.43,0.65,0.144,24.79,70.13,normal,-1.269999999999996,75.98,0.8899999999999999,0.9866666666666667,0.13,0.4366666666666661,-0.038000000000000006,0.1463333333333333
2026-01-03 10:33:00,NODE_02,75.52,0.86,0.49,0.205,26.58,77.45,normal,0.47999999999998977,75.62333333333333,-0.57,0.9433333333333332,-0.16000000000000003,0.5533333333333327,0.061,0.17699999999999996
2026-01-03 10:43:00,NODE_02,75.4,0.82,0.56,0.143,25.76,68.89,normal,-0.11999999999999034,75.32000000000001,-0.040000000000000036,1.0366666666666664,0.07000000000000006,0.5666666666666661,-0.062,0.16399999999999995
2026-01-03 10:53:00,NODE_02,75.76,0.81,0.82,0.169,26.14,68.16,normal,0.35999999999999943,75.56,-0.009999999999999898,0.8300000000000001,0.2599999999999999,0.6233333333333327,0.026000000000000023,0.1723333333333333
2026-01-03 11:03:00,NODE_02,75.74,0.86,0.21,0.177,28.59,66.89,normal,-0.020000000000010232,75.63333333333334,0.04999999999999993,0.8300000000000001,-0.61,0.5299999999999995,0.00799999999999998,0.16299999999999995
2026-01-03 11:13:00,NODE_02,76.35,0.65,0.77,0.141,26.38,72.07,normal,0.6099999999999994,75.94999999999999,-0.20999999999999996,0.7733333333333334,0.56,0.5999999999999993,-0.036000000000000004,0.1623333333333333
2026-01-03 11:23:00,NODE_02,77.13,0.73,0.45,0.084,25.39,67.64,normal,0.7800000000000011,76.40666666666665,0.07999999999999996,0.7466666666666667,-0.32,0.4766666666666661,-0.05699999999999998,0.13399999999999995
2026-01-03 11:33:00,NODE_02,76.6,0.81,0.15,0.13,27.31,63.2,normal,-0.5300000000000011,76.69333333333333,0.08000000000000007,0.7300000000000001,-0.30000000000000004,0.4566666666666661,0.046,0.11833333333333329
2026-01-03 11:43:00,NODE_02,76.53,0.64,0.03,0.089,25.19,72.47,normal,-0.06999999999999318,76.75333333333333,-0.17000000000000004,0.7266666666666667,-0.12,0.2099999999999994,-0.04100000000000001,0.10099999999999996
2026-01-03 11:53:00,NODE_02,76.54,0.51,0.51,0.104,25.07,72.81,normal,0.010000000000005116,76.55666666666667,-0.13,0.6533333333333333,0.48,0.2299999999999994,0.015,0.10766666666666662
2026-01-03 12:03:00,NODE_02,76.47,0.88,0.21,0.129,23.71,71.79,normal,-0.07000000000000739,76.51333333333334,0.37,0.6766666666666667,-0.30000000000000004,0.24999999999999936,0.02500000000000001,0.10733333333333328
2026-01-03 12:13:00,NODE_02,76.48,0.68,0.55,0.156,25.13,77.06,normal,0.010000000000005116,76.49666666666667,-0.19999999999999996,0.69,0.3400000000000001,0.42333333333333273,0.026999999999999996,0.12966666666666662
2026-01-03 12:23:00,NODE_02,76.57,0.56,0.37,0.189,25.79,69.45,normal,0.0899999999999892,76.50666666666666,-0.12,0.7066666666666667,-0.18000000000000005,0.37666666666666604,0.033,0.15799999999999995
2026-01-03 12:33:00,NODE_02,76.2,0.86,0.57,0.15,25.54,68.79,normal,-0.36999999999999034,76.41666666666667,0.29999999999999993,0.7000000000000001,0.19999999999999996,0.4966666666666661,-0.03900000000000001,0.16499999999999995
2026-01-03 12:43:00,NODE_02,76.8,0.8,0.38,0.166,24.92,69.13,normal,0.5999999999999943,76.52333333333333,-0.05999999999999994,0.7399999999999999,-0.18999999999999995,0.43999999999999934,0.016000000000000014,0.1683333333333333
2026-01-03 12:53:00,NODE_02,75.76,0.8,0.74,0.15,25.37,70.24,normal,-1.039999999999992,76.25333333333333,0.0,0.82,0.36,0.5633333333333327,-0.016000000000000014,0.1553333333333333
2026-01-03 13:03:00,NODE_02,77.08,0.77,0.45,0.124,27.05,67.69,normal,1.3199999999999932,76.54666666666667,-0.030000000000000027,0.79,-0.29,0.5233333333333328,-0.025999999999999995,0.1466666666666666
2026-01-03 13:13:00,NODE_02,76.5,0.44,0.51,0.104,25.02,69.26,normal,-0.5799999999999983,76.44666666666666,-0.33,0.67,0.06,0.5666666666666661,-0.020000000000000004,0.12599999999999995
2026-01-03 13:23:00,NODE_02,76.65,0.8,0.78,0.086,25.33,74.12,normal,0.15000000000000568,76.74333333333334,0.36000000000000004,0.6699999999999999,0.27,0.5799999999999994,-0.018000000000000002,0.10466666666666662
2026-01-03 13:33:00,NODE_02,76.74,0.95,0.53,0.192,25.62,68.09,normal,0.0899999999999892,76.63000000000001,0.1499999999999999,0.73,-0.25,0.6066666666666661,0.10600000000000001,0.12733333333333327
2026-01-03 13:43:00,NODE_02,76.6,0.31,0.5,0.102,26.26,68.85,normal,-0.14000000000000057,76.66333333333333,-0.6399999999999999,0.6866666666666666,-0.030000000000000027,0.6033333333333327,-0.09000000000000001,0.12666666666666662
2026-01-03 13:53:00,NODE_02,76.91,0.94,0.63,0.133,27.49,67.88,normal,0.3100000000000023,76.74999999999999,0.6299999999999999,0.7333333333333334,0.13,0.5533333333333328,0.031000000000000014,0.14233333333333328
2026-01-03 14:03:00,NODE_02,76.49,0.82,0.82,0.102,26.76,71.29,normal,-0.4200000000000017,76.66666666666667,-0.12,0.69,0.18999999999999995,0.6499999999999994,-0.031000000000000014,0.11233333333333327
2026-01-03 14:13:00,NODE_02,76.84,0.93,0.8,0.2,26.34,69.18,normal,0.3500000000000085,76.74666666666667,0.1100000000000001,0.8966666666666666,-0.019999999999999907,0.7499999999999994,0.09800000000000002,0.14499999999999993
2026-01-03 14:23:00,NODE_02,76.21,0.58,0.57,0.095,25.53,66.67,normal,-0.6300000000000097,76.51333333333334,-0.3500000000000001,0.7766666666666667,-0.2300000000000001,0.7299999999999994,-0.10500000000000001,0.13233333333333328
2026-01-03 14:33:00,NODE_02,76.38,0.97,0.63,0.128,26.36,63.12,normal,0.1700000000000017,76.47666666666667,0.39,0.8266666666666667,0.06000000000000005,0.6666666666666661,0.033,0.14099999999999993
2026-01-03 14:43:00,NODE_02,76.32,0.89,1.24,0.239,26.79,67.53,normal,-0.060000000000002274,76.30333333333333,-0.07999999999999996,0.8133333333333334,0.61,0.8133333333333327,0.11099999999999999,0.15399999999999994
2026-01-03 14:53:00,NODE_02,76.65,0.96,0.54,0.142,25.52,73.98,normal,0.3300000000000125,76.45,0.06999999999999995,0.94,-0.7,0.8033333333333328,-0.097,0.16966666666666663
2026-01-03 15:03:00,NODE_02,76.25,1.25,0.41,0.142,24.25,69.17,normal,-0.4000000000000057,76.40666666666667,0.29000000000000004,1.0333333333333334,-0.13000000000000006,0.7299999999999994,0.0,0.17433333333333326
2026-01-03 15:13:00,NODE_02,76.7,1.12,0.6,0.138,25.25,73.91,normal,0.45000000000000284,76.53333333333335,-0.1299999999999999,1.11,0.19,0.516666666666666,-0.003999999999999976,0.1406666666666666
2026-01-03 15:23:00,NODE_02,76.35,0.51,0.72,0.097,23.53,70.35,normal,-0.3500000000000085,76.43333333333334,-0.6100000000000001,0.96,0.12,0.5766666666666661,-0.04100000000000001,0.12566666666666662
2026-01-03 15:33:00,NODE_02,76.59,0.97,0.45,0.096,27.04,71.96,normal,0.2400000000000091,76.54666666666667,0.45999999999999996,0.8666666666666667,-0.26999999999999996,0.5899999999999994,-0.0010000000000000009,0.11033333333333328
2026-01-03 15:43:00,NODE_02,76.44,0.78,0.65,0.138,24.44,68.07,normal,-0.15000000000000568,76.46,-0.18999999999999995,0.7533333333333333,0.2,0.6066666666666661,0.04200000000000001,0.11033333333333328
2026-01-03 15:53:00,NODE_02,76.67,0.28,0.63,0.102,24.71,70.03,normal,0.23000000000000398,76.56666666666666,-0.5,0.6766666666666667,-0.020000000000000018,0.5766666666666661,-0.03600000000000002,0.11199999999999995
2026-01-03 16:03:00,NODE_02,76.73,1.12,0.31,0.133,26.92,68.75,normal,0.060000000000002274,76.61333333333334,0.8400000000000001,0.7266666666666667,-0.32,0.5299999999999995,0.031000000000000014,0.1243333333333333
2026-01-03 16:13:00,NODE_02,77.29,0.36,0.3,0.091,26.53,72.34,normal,0.5600000000000023,76.89666666666668,-0.7600000000000001,0.5866666666666668,-0.010000000000000009,0.4133333333333327,-0.04200000000000001,0.10866666666666662
2026-01-03 16:23:00,NODE_02,76.91,0.06,0.3,0.091,26.65,68.3,normal,-0.38000000000000966,76.97666666666667,-0.3,0.5133333333333333,0.0,0.30333333333333273,0.0,0.10499999999999994
2026-01-03 16:33:00,NODE_02,76.64,0.5,0.31,0.129,26.76,68.32,normal,-0.269999999999996,76.94666666666666,0.44,0.30666666666666664,0.010000000000000009,0.30333333333333273,0.038000000000000006,0.10366666666666662
2026-01-03 16:43:00,NODE_02,76.76,1.02,0.44,0.119,27.05,71.73,normal,0.12000000000000455,76.77,0.52,0.5266666666666667,0.13,0.3499999999999994,-0.010000000000000009,0.11299999999999995
2026-01-03 16:53:00,NODE_02,76.12,0.75,0.46,0.117,25.81,71.79,normal,-0.6400000000000006,76.50666666666667,-0.27,0.7566666666666667,0.020000000000000018,0.4033333333333327,-0.001999999999999988,0.12166666666666663
2026-01-03 17:03:00,NODE_02,76.09,1.0,0.69,0.1,26.62,71.4,normal,-0.030000000000001137,76.32333333333334,0.25,0.9233333333333333,0.22999999999999993,0.5299999999999994,-0.017,0.11199999999999995
2026-01-03 17:13:00,NODE_02,75.42,0.83,0.6,0.125,25.24,71.92,normal,-0.6700000000000017,75.87666666666667,-0.17000000000000004,0.86,-0.08999999999999997,0.5833333333333327,0.024999999999999994,0.11399999999999995
2026-01-03 17:23:00,NODE_02,76.54,0.7,0.3,0.174,27.44,66.5,normal,1.1200000000000045,76.01666666666667,-0.13,0.8433333333333333,-0.3,0.5299999999999995,0.04899999999999999,0.13299999999999995
2026-01-03 17:33:00,NODE_02,76.36,0.64,0.53,0.191,25.81,74.93,normal,-0.18000000000000682,76.10666666666667,-0.05999999999999994,0.7233333333333333,0.23000000000000004,0.47666666666666613,0.017000000000000015,0.16333333333333327
2026-01-03 17:43:00,NODE_02,76.69,0.93,0.64,0.199,25.37,72.4,normal,0.3299999999999983,76.52999999999999,0.29000000000000004,0.7566666666666667,0.10999999999999999,0.4899999999999995,0.008000000000000007,0.18799999999999994
2026-01-03 17:53:00,NODE_02,76.8,0.4,-0.07,0.131,25.85,69.47,normal,0.10999999999999943,76.61666666666666,-0.53,0.6566666666666667,-0.71,0.3666666666666661,-0.068,0.17366666666666664
2026-01-03 18:03:00,NODE_02,76.26,0.96,0.43,0.177,24.77,70.42,normal,-0.539999999999992,76.58333333333333,0.5599999999999999,0.7633333333333333,0.5,0.33333333333333276,0.045999999999999985,0.16899999999999996
2026-01-03 18:13:00,NODE_02,76.73,0.74,0.43,0.11,26.73,76.15,normal,0.46999999999999886,76.59666666666668,-0.21999999999999997,0.6999999999999998,0.0,0.26333333333333275,-0.06699999999999999,0.13933333333333328
2026-01-03 18:23:00,NODE_02,77.02,0.66,0.25,0.165,25.03,71.26,normal,0.28999999999999204,76.67,-0.07999999999999996,0.7866666666666666,-0.18,0.36999999999999944,0.05500000000000001,0.15066666666666662
2026-01-03 18:33:00,NODE_02,76.64,0.52,0.26,0.116,25.27,71.17,normal,-0.37999999999999545,76.79666666666667,-0.14,0.64,0.010000000000000009,0.31333333333333274,-0.049,0.13033333333333327
2026-01-03 18:43:00,NODE_02,76.71,0.18,0.5,0.072,26.9,67.2,normal,0.06999999999999318,76.79,-0.34,0.45333333333333337,0.24,0.33666666666666606,-0.04400000000000001,0.11766666666666663
2026-01-03 18:53:00,NODE_02,76.76,0.91,0.73,0.087,24.79,69.53,normal,0.05000000000001137,76.70333333333333,0.73,0.5366666666666666,0.22999999999999998,0.4966666666666661,0.015,0.0916666666666666
2026-01-01 00:07:00,NODE_03,89.51,0.85,0.8,0.146,27.34,70.62,normal,0.0,89.51,0.0,0.85,0.0,0.8,0.0,0.146
2026-01-01 00:17:00,NODE_03,89.19,0.69,0.56,0.209,25.32,64.67,normal,-0.3200000000000074,89.35,-0.16000000000000003,0.77,-0.24,0.68,0.063,0.1775
2026-01-01 00:27:00,NODE_03,89.18,0.98,0.74,0.179,25.96,72.5,normal,-0.009999999999990905,89.29333333333334,0.29000000000000004,0.84,0.17999999999999994,0.7000000000000001,-0.03,0.17800000000000002
2026-01-01 00:37:00,NODE_03,89.17,0.89,0.72,0.142,25.45,65.66,normal,-0.010000000000005116,89.18,-0.08999999999999997,0.8533333333333332,-0.020000000000000018,0.6733333333333333,-0.037000000000000005,0.17666666666666664
2026-01-01 00:47:00,NODE_03,89.27,0.79,0.23,0.131,25.01,75.77,normal,0.09999999999999432,89.20666666666666,-0.09999999999999998,0.8866666666666667,-0.49,0.5633333333333334,-0.010999999999999982,0.15066666666666664
2026-01-01 00:57:00,NODE_03,89.1,1.03,0.79,0.196,25.52,66.12,normal,-0.1700000000000017,89.18,0.24,0.9033333333333333,0.56,0.58,0.065,0.15633333333333332
2026-01-01 01:07:00,NODE_03,89.04,1.24,0.77,0.104,26.73,75.46,normal,-0.05999999999998806,89.13666666666666,0.20999999999999996,1.02,-0.020000000000000018,0.5966666666666667,-0.09200000000000001,0.14366666666666666
2026-01-01 01:17:00,NODE_03,89.4,0.71,0.6,0.237,24.12,68.33,normal,0.35999999999999943,89.18,-0.53,0.9933333333333333,-0.17000000000000004,0.7200000000000001,0.133,0.17900000000000002
2026-01-01 01:27:00,NODE_03,89.51,0.3,0.38,0.098,24.84,68.58,normal,0.10999999999999943,89.31666666666666,-0.41,0.75,-0.21999999999999997,0.5833333333333334,-0.13899999999999998,0.14633333333333332
2026-01-01 01:37:00,NODE_03,90.0,0.69,0.25,0.151,25.08,66.15,normal,0.4899999999999949,89.63666666666667,0.38999999999999996,0.5666666666666667,-0.13,0.41,0.05299999999999999,0.162
2026-01-01 01:47:00,NODE_03,89.02,0.55,0.57,0.162,25.6,68.05,normal,-0.980000000000004,89.50999999999999,-0.1399999999999999,0.5133333333333333,0.31999999999999995,0.39999999999999997,0.01100000000000001,0.137
2026-01-01 01:57:00,NODE_03,89.68,0.62,0.36,0.147,28.29,69.93,normal,0.6600000000000108,89.56666666666668,0.06999999999999995,0.62,-0.20999999999999996,0.3933333333333333,-0.015000000000000013,0.15333333333333335
2026-01-01 02:07:00,NODE_03,89.43,0.59,0.44,0.12,25.31,73.29,normal,-0.25,89.37666666666667,-0.030000000000000027,0.5866666666666667,0.08000000000000002,0.4566666666666666,-0.026999999999999996,0.143
2026-01-01 02:17:00,NODE_03,89.71,0.84,0.51,0.175,27.43,63.75,normal,0.2799999999999869,89.60666666666667,0.25,0.6833333333333332,0.07,0.4366666666666667,0.05499999999999999,0.14733333333333334
2026-01-01 02:27:00,NODE_03,89.63,1.25,0.63,0.138,25.79,69.9,normal,-0.0799999999999983,89.58999999999999,0.41000000000000003,0.8933333333333332,0.12,0.5266666666666667,-0.03699999999999998,0.14433333333333334
2026-01-01 02:37:00,NODE_03,89.13,0.52,0.05,0.144,24.69,78.66,normal,-0.5,89.49,-0.73,0.87,-0.58,0.39666666666666667,0.005999999999999978,0.15233333333333332
2026-01-01 02:47:00,NODE_03,89.72,0.73,0.53,0.132,26.32,70.1,normal,0.5900000000000034,89.49333333333334,0.20999999999999996,0.8333333333333334,0.48000000000000004,0.4033333333333333,-0.011999999999999983,0.138
2026-01-01 02:57:00,NODE_03,89.76,0.47,0.61,0.13,26.15,70.58,normal,0.04000000000000625,89.53666666666668,-0.26,0.5733333333333334,0.07999999999999996,0.39666666666666667,-0.0020000000000000018,0.13533333333333333
2026-01-01 03:07:00,NODE_03,89.76,0.96,0.3,0.086,24.48,70.56,normal,0.0,89.74666666666667,0.49,0.7200000000000001,-0.31,0.48,-0.04400000000000001,0.11599999999999999
2026-01-01 03:17:00,NODE_03,89.29,0.33,0.49,0.138,25.41,71.19,normal,-0.46999999999999886,89.60333333333334,-0.6299999999999999,0.5866666666666667,0.19,0.4666666666666666,0.05200000000000002,0.118
2026-01-01 03:27:00,NODE_03,89.09,0.98,0.24,0.089,25.45,69.51,normal,-0.20000000000000284,89.38,0.6499999999999999,0.7566666666666667,-0.25,0.3433333333333333,-0.049000000000000016,0.10433333333333333
2026-01-01 03:37:00,NODE_03,89.96,0.58,0.13,0.077,27.11,73.84,normal,0.8699999999999903,89.44666666666667,-0.4,0.63,-0.10999999999999999,0.2866666666666666,-0.011999999999999997,0.10133333333333333
2026-01-01 03:47:00,NODE_03,89.88,0.72,0.57,0.086,24.26,65.2,normal,-0.0799999999999983,89.64333333333333,0.14,0.7599999999999999,0.43999999999999995,0.3133333333333333,0.008999999999999994,0.084
2026-01-01 03:57:00,NODE_03,89.22,0.38,0.42,0.13,27.31,66.86,normal,-0.6599999999999966,89.68666666666667,-0.33999999999999997,0.5599999999999999,-0.14999999999999997,0.3733333333333333,0.04400000000000001,0.09766666666666668
2026-01-01 04:07:00,NODE_03,89.55,0.5,0.36,0.158,27.63,70.18,normal,0.3299999999999983,89.55,0.12,0.5333333333333333,-0.06,0.44999999999999996,0.027999999999999997,0.12466666666666666
2026-01-01 04:17:00,NODE_03,89.83,0.65,0.47,0.135,27.15,68.87,normal,0.28000000000000114,89.53333333333335,0.15000000000000002,0.51,0.10999999999999999,0.4166666666666667,-0.022999999999999993,0.14100000000000001
2026-01-01 04:27:00,NODE_03,86.24,5.64,3.23,0.671,24.37,78.01,warning,-3.5900000000000034,88.54,4.989999999999999,2.263333333333333,2.76,1.3533333333333335,0.536,0.32133333333333336
2026-01-01 04:37:00,NODE_03,83.39,4.41,3.62,0.767,24.68,73.75,warning,-2.8499999999999943,86.48666666666666,-1.2299999999999995,3.5666666666666664,0.3900000000000001,2.44,0.09599999999999997,0.5243333333333333
2026-01-01 04:47:00,NODE_03,81.8,5.66,4.34,0.688,26.16,75.47,warning,-1.5900000000000034,83.81,1.25,5.236666666666667,0.7199999999999998,3.7300000000000004,-0.07900000000000007,0.7086666666666667
2026-01-01 04:57:00,NODE_03,83.28,4.06,2.06,0.667,28.53,70.42,warning,1.480000000000004,82.82333333333334,-1.6000000000000005,4.71,-2.28,3.34,-0.020999999999999908,0.7073333333333333
2026-01-01 05:07:00,NODE_03,83.71,3.69,3.57,0.442,29.42,68.97,warning,0.4299999999999926,82.92999999999999,-0.36999999999999966,4.47,1.5099999999999998,3.323333333333333,-0.22500000000000003,0.5990000000000001
2026-01-01 05:17:00,NODE_03,84.9,4.17,2.2,0.44,26.49,71.04,warning,1.190000000000012,83.96333333333332,0.48,3.973333333333333,-1.3699999999999997,2.61,-0.0020000000000000018,0.5163333333333333
2026-01-01 05:27:00,NODE_03,84.58,3.73,2.35,0.665,27.54,72.86,warning,-0.3200000000000074,84.39666666666666,-0.43999999999999995,3.8633333333333333,0.1499999999999999,2.7066666666666666,0.22500000000000003,0.5156666666666667
2026-01-01 05:37:00,NODE_03,85.42,4.24,3.14,0.568,25.56,71.05,warning,0.8400000000000034,84.96666666666668,0.5100000000000002,4.046666666666667,0.79,2.5633333333333335,-0.09700000000000009,0.5576666666666666
2026-01-01 05:47:00,NODE_03,84.06,4.54,2.11,0.489,25.56,71.99,warning,-1.3599999999999994,84.68666666666667,0.2999999999999998,4.170000000000001,-1.0300000000000002,2.533333333333333,-0.07899999999999996,0.574
2026-01-01 05:57:00,NODE_03,86.5,4.31,1.83,0.647,24.63,73.97,warning,2.4399999999999977,85.32666666666667,-0.23000000000000043,4.363333333333333,-0.2799999999999998,2.36,0.15800000000000003,0.5680000000000001
2026-01-01 06:07:00,NODE_03,84.81,3.82,2.69,0.539,26.04,66.88,warning,-1.6899999999999977,85.12333333333333,-0.48999999999999977,4.223333333333334,0.8599999999999999,2.21,-0.10799999999999998,0.5583333333333333
2026-01-01 06:17:00,NODE_03,86.06,2.61,2.48,0.426,26.11,74.88,warning,1.25,85.79,-1.21,3.5799999999999996,-0.20999999999999996,2.3333333333333335,-0.11300000000000004,0.5373333333333333
2026-01-01 06:27:00,NODE_03,86.07,3.84,1.95,0.415,25.24,72.04,warning,0.009999999999990905,85.64666666666666,1.23,3.4233333333333333,-0.53,2.373333333333333,-0.01100000000000001,0.45999999999999996
2026-01-01 06:37:00,NODE_03,84.81,3.86,1.44,0.386,26.86,75.04,warning,-1.259999999999991,85.64666666666666,0.020000000000000018,3.436666666666666,-0.51,1.9566666666666668,-0.02899999999999997,0.409
2026-01-01 06:47:00,NODE_03,87.25,3.82,1.88,0.457,24.71,67.83,warning,2.4399999999999977,86.04333333333334,-0.040000000000000036,3.84,0.43999999999999995,1.7566666666666666,0.07100000000000001,0.41933333333333334
2026-01-01 06:57:00,NODE_03,84.04,4.1,1.39,0.561,27.24,72.72,warning,-3.2099999999999937,85.36666666666667,0.2799999999999998,3.9266666666666663,-0.49,1.5699999999999996,0.10400000000000004,0.468
2026-01-01 07:07:00,NODE_03,84.28,3.4,2.72,0.627,25.41,67.68,warning,0.23999999999999488,85.19,-0.6999999999999997,3.7733333333333334,1.3300000000000003,1.9966666666666668,0.06599999999999995,0.5483333333333335
2026-01-01 07:17:00,NODE_03,85.51,3.38,1.84,0.529,26.2,72.8,warning,1.230000000000004,84.61,-0.020000000000000018,3.6266666666666665,-0.8800000000000001,1.9833333333333334,-0.09799999999999998,0.5723333333333334
2026-01-01 07:27:00,NODE_03,86.78,3.63,2.39,0.441,26.32,71.63,warning,1.269999999999996,85.52333333333333,0.25,3.47,0.55,2.316666666666667,-0.08800000000000002,0.5323333333333333
2026-01-01 07:37:00,NODE_03,86.19,3.86,2.83,0.468,27.34,69.16,warning,-0.5900000000000034,86.16000000000001,0.22999999999999998,3.623333333333333,0.43999999999999995,2.3533333333333335,0.027000000000000024,0.4793333333333334
2026-01-01 07:47:00,NODE_03,87.26,3.32,2.31,0.587,27.19,68.29,warning,1.0700000000000074,86.74333333333334,-0.54,3.6033333333333335,-0.52,2.5100000000000002,0.11899999999999994,0.49866666666666665
2026-01-01 07:57:00,NODE_03,85.18,2.81,1.27,0.309,28.05,70.78,warning,-2.0799999999999983,86.21,-0.5099999999999998,3.3299999999999996,-1.04,2.1366666666666667,-0.27799999999999997,0.4546666666666666
2026-01-01 08:07:00,NODE_03,85.76,3.2,1.26,0.478,24.92,69.58,warning,0.5799999999999983,86.06666666666666,0.3900000000000001,3.11,-0.010000000000000009,1.6133333333333333,0.16899999999999998,0.45799999999999996
2026-01-01 08:17:00,NODE_03,86.86,2.14,2.42,0.406,24.63,67.21,normal,1.0999999999999943,85.93333333333334,-1.06,2.716666666666667,1.16,1.6499999999999997,-0.07199999999999995,0.39766666666666667
2026-01-01 08:27:00,NODE_03,85.71,3.51,2.45,0.37,26.32,75.09,warning,-1.1500000000000057,86.11,1.3699999999999997,2.9499999999999997,0.03000000000000025,2.0433333333333334,-0.03600000000000003,0.418
2026-01-01 08:37:00,NODE_03,86.41,2.28,2.84,0.349,24.15,68.39,warning,0.7000000000000028,86.32666666666667,-1.23,2.643333333333333,0.3899999999999997,2.57,-0.02100000000000002,0.375
2026-01-01 08:47:00,NODE_03,85.98,3.27,2.07,0.457,24.41,72.72,normal,-0.4299999999999926,86.03333333333335,0.9900000000000002,3.0199999999999996,-0.77,2.453333333333333,0.10800000000000004,0.39199999999999996
2026-01-01 08:57:00,NODE_03,87.09,2.56,1.84,0.385,28.08,69.39,normal,1.1099999999999994,86.49333333333334,-0.71,2.703333333333333,-0.22999999999999976,2.25,-0.07200000000000001,0.397
2026-01-01 09:07:00,NODE_03,85.93,2.63,1.29,0.321,27.54,71.41,normal,-1.1599999999999966,86.33333333333333,0.06999999999999984,2.8200000000000003,-0.55,1.7333333333333334,-0.064,0.38766666666666666
2026-01-01 09:17:00,NODE_03,86.93,2.17,1.54,0.4,25.24,66.56,normal,1.0,86.65000000000002,-0.45999999999999996,2.4533333333333336,0.25,1.5566666666666666,0.07900000000000001,0.3686666666666667
2026-01-01 09:27:00,NODE_03,87.53,2.68,2.19,0.369,26.19,75.36,normal,0.5999999999999943,86.79666666666667,0.5100000000000002,2.4933333333333336,0.6499999999999999,1.6733333333333336,-0.031000000000000028,0.36333333333333334
2026-01-01 09:37:00,NODE_03,87.56,2.91,1.72,0.275,26.29,66.99,normal,0.030000000000001137,87.33999999999999,0.22999999999999998,2.5866666666666664,-0.47,1.8166666666666667,-0.09399999999999997,0.34800000000000003
2026-01-01 09:47:00,NODE_03,86.56,2.64,1.33,0.385,24.46,68.12,normal,-1.0,87.21666666666665,-0.27,2.7433333333333336,-0.3899999999999999,1.7466666666666668,0.10999999999999999,0.34299999999999997
2026-01-01 09:57:00,NODE_03,87.36,2.12,1.35,0.284,24.84,69.88,normal,0.7999999999999972,87.16000000000001,-0.52,2.556666666666667,0.020000000000000018,1.4666666666666668,-0.10100000000000003,0.31466666666666665
2026-01-01 10:07:00,NODE_03,88.05,1.86,1.35,0.273,27.22,68.94,normal,0.6899999999999977,87.32333333333334,-0.26,2.2066666666666666,0.0,1.3433333333333335,-0.010999999999999954,0.314
2026-01-01 10:17:00,NODE_03,87.84,2.3,1.45,0.344,25.84,69.67,normal,-0.20999999999999375,87.75,0.4399999999999997,2.0933333333333333,0.09999999999999987,1.3833333333333335,0.07099999999999995,0.3003333333333333
2026-01-01 10:27:00,NODE_03,88.13,1.68,1.22,0.234,25.93,71.41,normal,0.28999999999999204,88.00666666666666,-0.6199999999999999,1.9466666666666665,-0.22999999999999998,1.3399999999999999,-0.10999999999999996,0.2836666666666667
2026-01-01 10:37:00,NODE_03,88.18,1.87,1.2,0.241,25.55,69.24,normal,0.05000000000001137,88.05,0.19000000000000017,1.95,-0.020000000000000018,1.29,0.0069999999999999785,0.27299999999999996
2026-01-01 10:47:00,NODE_03,88.03,1.59,1.7,0.188,25.14,74.52,normal,-0.15000000000000568,88.11333333333334,-0.28,1.7133333333333336,0.5,1.3733333333333333,-0.05299999999999999,0.221
2026-01-01 10:57:00,NODE_03,87.35,1.43,1.08,0.197,27.08,74.6,normal,-0.6800000000000068,87.85333333333334,-0.16000000000000014,1.6300000000000001,-0.6199999999999999,1.3266666666666669,0.009000000000000008,0.20866666666666667
2026-01-01 11:07:00,NODE_03,88.6,1.25,1.38,0.26,25.49,66.31,normal,1.25,87.99333333333334,-0.17999999999999994,1.4233333333333336,0.2999999999999998,1.3866666666666667,0.063,0.215
2026-01-01 11:17:00,NODE_03,89.49,1.3,0.78,0.294,27.16,73.38,normal,0.8900000000000006,88.48,0.050000000000000044,1.3266666666666667,-0.5999999999999999,1.0799999999999998,0.033999999999999975,0.2503333333333333
2026-01-01 11:27:00,NODE_03,88.47,1.37,0.87,0.286,26.54,72.26,normal,-1.019999999999996,88.85333333333334,0.07000000000000006,1.3066666666666666,0.08999999999999997,1.01,-0.008000000000000007,0.27999999999999997
2026-01-01 11:37:00,NODE_03,88.82,0.96,1.14,0.177,26.67,68.48,normal,0.3499999999999943,88.92666666666666,-0.41000000000000014,1.21,0.2699999999999999,0.93,-0.10899999999999999,0.2523333333333333
2026-01-01 11:47:00,NODE_03,89.08,1.62,0.85,0.196,23.41,67.82,normal,0.2600000000000051,88.79,0.6600000000000001,1.3166666666666667,-0.2899999999999999,0.9533333333333331,0.019000000000000017,0.21966666666666668
2026-01-01 11:57:00,NODE_03,89.25,1.13,0.76,0.19,26.2,69.0,normal,0.1700000000000017,89.05,-0.4900000000000002,1.2366666666666666,-0.08999999999999997,0.9166666666666666,-0.006000000000000005,0.18766666666666665
2026-01-01 12:07:00,NODE_03,88.51,1.21,1.07,0.214,27.56,77.05,normal,-0.7399999999999949,88.94666666666667,0.08000000000000007,1.32,0.31000000000000005,0.8933333333333332,0.023999999999999994,0.19999999999999998
2026-01-01 12:17:00,NODE_03,89.35,1.49,1.2,0.238,25.7,67.19,normal,0.8399999999999892,89.03666666666668,0.28,1.2766666666666666,0.1299999999999999,1.0099999999999998,0.023999999999999994,0.214
2026-01-01 12:27:00,NODE_03,88.19,1.2,0.57,0.221,25.95,69.79,normal,-1.1599999999999966,88.68333333333334,-0.29000000000000004,1.3,-0.63,0.9466666666666667,-0.016999999999999987,0.22433333333333336
2026-01-01 12:37:00,NODE_03,88.94,1.35,1.25,0.318,26.91,68.84,normal,0.75,88.82666666666667,0.15000000000000013,1.3466666666666667,0.68,1.0066666666666666,0.097,0.259
2026-01-01 12:47:00,NODE_03,88.46,1.24,0.55,0.222,26.66,70.43,normal,-0.480000000000004,88.52999999999999,-0.1100000000000001,1.2633333333333334,-0.7,0.7899999999999999,-0.096,0.25366666666666665
2026-01-01 12:57:00,NODE_03,88.3,1.16,0.96,0.223,23.01,67.79,normal,-0.1599999999999966,88.56666666666666,-0.08000000000000007,1.25,0.4099999999999999,0.9199999999999999,0.0010000000000000009,0.25433333333333336
2026-01-01 13:07:00,NODE_03,88.02,1.13,1.56,0.239,27.53,71.93,normal,-0.28000000000000114,88.25999999999999,-0.030000000000000027,1.1766666666666665,0.6000000000000001,1.0233333333333332,0.015999999999999986,0.22799999999999998
2026-01-01 13:17:00,NODE_03,88.53,1.36,0.87,0.151,27.44,67.22,normal,0.5100000000000051,88.28333333333335,0.2300000000000002,1.2166666666666668,-0.6900000000000001,1.13,-0.088,0.20433333333333334
2026-01-01 13:27:00,NODE_03,88.61,1.74,0.8,0.196,23.96,67.6,normal,0.0799999999999983,88.38666666666666,0.3799999999999999,1.4100000000000001,-0.06999999999999995,1.0766666666666664,0.04500000000000001,0.19533333333333333
2026-01-01 13:37:00,NODE_03,89.27,1.33,1.1,0.204,23.95,66.39,normal,0.6599999999999966,88.80333333333333,-0.4099999999999999,1.4766666666666666,0.30000000000000004,0.9233333333333332,0.00799999999999998,0.18366666666666664
2026-01-01 13:47:00,NODE_03,88.21,1.5,1.33,0.18,26.49,68.2,normal,-1.0600000000000023,88.69666666666666,0.16999999999999993,1.5233333333333334,0.22999999999999998,1.0766666666666664,-0.023999999999999994,0.19333333333333333
2026-01-01 13:57:00,NODE_03,87.8,1.37,0.58,0.204,28.18,66.59,normal,-0.4099999999999966,88.42666666666666,-0.1299999999999999,1.4000000000000001,-0.7500000000000001,1.0033333333333332,0.023999999999999994,0.19599999999999998
2026-01-01 14:07:00,NODE_03,89.17,1.49,1.32,0.211,26.35,70.36,normal,1.3700000000000045,88.39333333333333,0.11999999999999988,1.4533333333333334,0.7400000000000001,1.0766666666666667,0.007000000000000006,0.19833333333333333
2026-01-01 14:17:00,NODE_03,88.42,1.69,0.92,0.298,27.71,74.1,normal,-0.75,88.46333333333332,0.19999999999999996,1.5166666666666666,-0.4,0.94,0.087,0.23766666666666666
2026-01-01 14:27:00,NODE_03,87.66,1.73,1.08,0.321,23.7,71.21,normal,-0.7600000000000051,88.41666666666667,0.040000000000000036,1.6366666666666667,0.16000000000000003,1.1066666666666667,0.02300000000000002,0.27666666666666667
2026-01-01 14:37:00,NODE_03,88.8,0.9,1.37,0.256,25.67,76.49,normal,1.1400000000000006,88.29333333333334,-0.83,1.4399999999999997,0.29000000000000004,1.1233333333333333,-0.065,0.2916666666666667
2026-01-01 14:47:00,NODE_03,88.41,1.1,1.07,0.178,25.27,70.52,normal,-0.39000000000000057,88.29,0.20000000000000007,1.2433333333333334,-0.30000000000000004,1.1733333333333336,-0.07800000000000001,0.25166666666666665
2026-01-01 14:57:00,NODE_03,88.72,1.45,1.17,0.24,25.83,73.01,normal,0.3100000000000023,88.64333333333333,0.34999999999999987,1.1500000000000001,0.09999999999999987,1.2033333333333334,0.062,0.22466666666666665
2026-01-01 15:07:00,NODE_03,88.22,1.37,0.25,0.29,25.16,71.57,normal,-0.5,88.44999999999999,-0.07999999999999985,1.3066666666666666,-0.9199999999999999,0.8300000000000001,0.04999999999999999,0.236
2026-01-01 15:17:00,NODE_03,89.78,0.8,0.94,0.202,26.05,69.3,normal,1.5600000000000023,88.90666666666668,-0.5700000000000001,1.2066666666666668,0.69,0.7866666666666666,-0.08799999999999997,0.244
2026-01-01 15:27:00,NODE_03,89.16,0.76,0.26,0.196,27.08,75.12,normal,-0.6200000000000045,89.05333333333333,-0.040000000000000036,0.9766666666666666,-0.6799999999999999,0.48333333333333334,-0.006000000000000005,0.2293333333333333
2026-01-01 15:37:00,NODE_03,88.85,1.47,0.67,0.133,23.47,70.53,normal,-0.3100000000000023,89.26333333333334,0.71,1.01,0.41000000000000003,0.6233333333333334,-0.063,0.17700000000000002
2026-01-01 15:47:00,NODE_03,88.96,0.63,0.71,0.136,25.84,71.17,normal,0.10999999999999943,88.99,-0.84,0.9533333333333335,0.039999999999999925,0.5466666666666667,0.0030000000000000027,0.155
2026-01-01 15:57:00,NODE_03,89.31,1.04,0.79,0.114,25.66,65.88,normal,0.3500000000000085,89.04,0.41000000000000003,1.0466666666666666,0.08000000000000007,0.7233333333333333,-0.022000000000000006,0.12766666666666668
2026-01-01 16:07:00,NODE_03,88.55,0.54,-0.01,0.18,26.98,64.61,normal,-0.7600000000000051,88.94,-0.5,0.7366666666666667,-0.8,0.49666666666666676,0.06599999999999999,0.14333333333333334
2026-01-01 16:17:00,NODE_03,89.55,0.36,0.33,0.149,26.43,65.42,normal,1.0,89.13666666666666,-0.18000000000000005,0.6466666666666668,0.34,0.37000000000000005,-0.031,0.14766666666666664
2026-01-01 16:27:00,NODE_03,89.72,0.96,0.41,0.151,26.43,65.83,normal,0.1700000000000017,89.27333333333333,0.6,0.6200000000000001,0.07999999999999996,0.24333333333333332,0.0020000000000000018,0.16
2026-01-01 16:37:00,NODE_03,89.47,1.08,0.49,0.115,26.46,69.98,normal,-0.25,89.58,0.1200000000000001,0.8000000000000002,0.08000000000000002,0.41,-0.03599999999999999,0.13833333333333334
2026-01-01 16:47:00,NODE_03,89.06,0.69,0.07,0.125,26.93,68.78,normal,-0.4099999999999966,89.41666666666667,-0.3900000000000001,0.9100000000000001,-0.42,0.3233333333333333,0.009999999999999995,0.13033333333333333
2026-01-01 16:57:00,NODE_03,89.88,0.54,0.83,0.089,26.42,66.61,normal,0.8199999999999932,89.46999999999998,-0.1499999999999999,0.7700000000000001,0.76,0.4633333333333333,-0.036000000000000004,0.10966666666666665
2026-01-01 17:07:00,NODE_03,89.21,0.88,0.54,0.111,25.69,67.95,normal,-0.6700000000000017,89.38333333333333,0.33999999999999997,0.7033333333333335,-0.2899999999999999,0.48,0.022000000000000006,0.10833333333333334
2026-01-01 17:17:00,NODE_03,89.53,0.81,0.47,0.161,25.92,74.48,normal,0.3200000000000074,89.54,-0.06999999999999995,0.7433333333333335,-0.07000000000000006,0.6133333333333333,0.05,0.12033333333333333
2026-01-01 17:27:00,NODE_03,89.22,1.18,0.96,0.207,23.92,70.14,normal,-0.3100000000000023,89.32,0.3699999999999999,0.9566666666666669,0.49,0.6566666666666666,0.045999999999999985,0.15966666666666665
2026-01-01 17:37:00,NODE_03,89.07,0.85,0.51,0.15,24.93,74.9,normal,-0.15000000000000568,89.27333333333333,-0.32999999999999996,0.9466666666666669,-0.44999999999999996,0.6466666666666666,-0.056999999999999995,0.17266666666666666
2026-01-01 17:47:00,NODE_03,87.24,3.58,2.39,0.604,26.58,70.18,warning,-1.8299999999999983,88.50999999999999,2.73,1.8700000000000003,1.8800000000000001,1.2866666666666668,0.45399999999999996,0.3203333333333333
2026-01-01 17:57:00,NODE_03,86.11,3.69,2.45,0.58,27.53,67.03,warning,-1.1299999999999955,87.47333333333334,0.10999999999999988,2.706666666666667,0.06000000000000005,1.7833333333333332,-0.02400000000000002,0.4446666666666666
2026-01-01 18:07:00,NODE_03,86.34,2.33,2.54,0.534,27.0,73.55,warning,0.23000000000000398,86.56333333333333,-1.3599999999999999,3.2000000000000006,0.08999999999999986,2.4600000000000004,-0.04599999999999993,0.5726666666666665
2026-01-01 18:17:00,NODE_03,86.54,3.77,3.1,0.51,25.03,74.12,warning,0.20000000000000284,86.33,1.44,3.2633333333333336,0.56,2.6966666666666668,-0.02400000000000002,0.5413333333333333
2026-01-01 18:27:00,NODE_03,85.65,3.65,1.98,0.449,26.73,66.77,warning,-0.8900000000000006,86.17666666666666,-0.1200000000000001,3.25,-1.12,2.5399999999999996,-0.061,0.4976666666666667
2026-01-01 18:37:00,NODE_03,85.79,3.17,2.24,0.322,25.33,72.76,warning,0.14000000000000057,85.99333333333334,-0.48,3.53,0.26000000000000023,2.44,-0.127,0.427
2026-01-01 18:47:00,NODE_03,86.69,1.88,1.4,0.47,27.25,70.22,warning,0.8999999999999915,86.04333333333334,-1.29,2.9,-0.8400000000000003,1.8733333333333333,0.14799999999999996,0.4136666666666666
2026-01-01 18:57:00,NODE_03,85.61,2.52,2.02,0.295,23.39,74.38,normal,-1.0799999999999983,86.03000000000002,0.6400000000000001,2.5233333333333334,0.6200000000000001,1.8866666666666667,-0.175,0.36233333333333323
2026-01-01 19:07:00,NODE_03,86.04,2.21,1.42,0.319,25.48,66.23,normal,0.4300000000000068,86.11333333333333,-0.31000000000000005,2.203333333333333,-0.6000000000000001,1.6133333333333333,0.02400000000000002,0.3613333333333333
2026-01-01 19:17:00,NODE_03,87.61,2.58,2.32,0.49,25.79,67.21,normal,1.5699999999999932,86.42,0.3700000000000001,2.436666666666667,0.8999999999999999,1.92,0.17099999999999999,0.36799999999999994
2026-01-01 19:27:00,NODE_03,86.52,2.7,2.48,0.265,25.58,71.11,normal,-1.0900000000000034,86.72333333333334,0.1200000000000001,2.4966666666666666,0.16000000000000014,2.073333333333333,-0.22499999999999998,0.35799999999999993
2026-01-01 19:37:00,NODE_03,87.46,2.89,1.97,0.439,25.68,67.45,normal,0.9399999999999977,87.19666666666666,0.18999999999999995,2.723333333333334,-0.51,2.2566666666666664,0.174,0.39799999999999996
2026-01-01 19:47:00,NODE_03,87.94,3.23,2.49,0.427,25.91,72.89,normal,0.480000000000004,87.30666666666666,0.33999999999999986,2.94,0.5200000000000002,2.313333333333333,-0.01200000000000001,0.37699999999999995
2026-01-01 19:57:00,NODE_03,86.53,3.58,2.08,0.376,25.71,72.5,warning,-1.4099999999999966,87.31,0.3500000000000001,3.233333333333334,-0.41000000000000014,2.18,-0.05099999999999999,0.414
2026-01-01 20:07:00,NODE_03,86.16,2.43,2.14,0.338,26.1,67.51,normal,-0.37000000000000455,86.87666666666667,-1.15,3.08,0.06000000000000005,2.236666666666667,-0.03799999999999998,0.38033333333333325
2026-01-01 20:17:00,NODE_03,86.63,3.12,1.62,0.415,27.17,69.96,normal,0.46999999999999886,86.44,0.69,3.0433333333333334,-0.52,1.9466666666666665,0.07699999999999996,0.37633333333333335
2026-01-01 20:27:00,NODE_03,87.17,1.87,2.22,0.319,25.79,69.2,normal,0.5400000000000063,86.65333333333332,-1.25,2.4733333333333336,0.6000000000000001,1.9933333333333334,-0.09599999999999997,0.3573333333333333
2026-01-01 20:37:00,NODE_03,87.52,2.15,1.42,0.399,26.71,70.29,normal,0.3499999999999943,87.10666666666667,0.2799999999999998,2.3800000000000003,-0.8000000000000003,1.7533333333333332,0.08000000000000002,0.3776666666666666
2026-01-01 20:47:00,NODE_03,88.17,2.19,1.26,0.308,27.57,72.98,normal,0.6500000000000057,87.62,0.040000000000000036,2.0700000000000003,-0.15999999999999992,1.6333333333333335,-0.09100000000000003,0.3419999999999999
2026-01-01 20:57:00,NODE_03,87.83,1.91,1.77,0.388,25.35,70.22,normal,-0.3400000000000034,87.83999999999999,-0.28,2.0833333333333335,0.51,1.4833333333333334,0.08000000000000002,0.365
2026-01-01 21:07:00,NODE_03,87.6,1.52,1.73,0.302,25.79,68.14,normal,-0.23000000000000398,87.86666666666667,-0.3899999999999999,1.8733333333333333,-0.040000000000000036,1.5866666666666667,-0.08600000000000002,0.33266666666666667
2026-01-01 21:17:00,NODE_03,87.8,1.96,1.77,0.336,27.16,77.05,normal,0.20000000000000284,87.74333333333333,0.43999999999999995,1.7966666666666669,0.040000000000000036,1.7566666666666668,0.03400000000000003,0.3419999999999999
2026-01-01 21:27:00,NODE_03,87.76,1.79,1.89,0.248,25.97,72.78,normal,-0.03999999999999204,87.71999999999998,-0.16999999999999993,1.7566666666666668,0.11999999999999988,1.7966666666666666,-0.08800000000000002,0.2953333333333333
2026-01-01 21:37:00,NODE_03,88.87,2.28,1.2,0.356,26.72,63.73,normal,1.1099999999999994,88.14333333333333,0.48999999999999977,2.0100000000000002,-0.69,1.62,0.10799999999999998,0.3133333333333333
2026-01-01 21:47:00,NODE_03,87.6,2.07,1.25,0.307,27.58,72.68,normal,-1.2700000000000102,88.07666666666667,-0.20999999999999996,2.046666666666667,0.050000000000000044,1.4466666666666665,-0.04899999999999999,0.3036666666666666
2026-01-01 21:57:00,NODE_03,87.22,2.76,1.5,0.376,28.88,74.16,normal,-0.37999999999999545,87.89666666666666,0.69,2.3699999999999997,0.25,1.3166666666666667,0.069,0.3463333333333333
2026-01-01 22:07:00,NODE_03,87.31,2.24,1.16,0.233,26.35,70.24,normal,0.09000000000000341,87.37666666666667,-0.5199999999999996,2.356666666666667,-0.3400000000000001,1.3033333333333332,-0.143,0.3053333333333333
2026-01-01 22:17:00,NODE_03,88.08,1.69,2.12,0.27,25.39,70.08,normal,0.769999999999996,87.53666666666668,-0.5500000000000003,2.23,0.9600000000000002,1.5933333333333335,0.037000000000000005,0.293
2026-01-01 22:27:00,NODE_03,88.35,1.91,0.87,0.204,26.72,73.02,normal,0.269999999999996,87.91333333333334,0.21999999999999997,1.9466666666666665,-1.25,1.3833333333333335,-0.06600000000000003,0.2356666666666666
2026-01-01 22:37:00,NODE_03,87.65,1.38,0.63,0.268,24.67,75.13,normal,-0.6999999999999886,88.02666666666666,-0.53,1.66,-0.24,1.2066666666666668,0.06400000000000003,0.2473333333333333
2026-01-01 22:47:00,NODE_03,87.89,1.26,1.73,0.266,27.25,69.33,normal,0.23999999999999488,87.96333333333332,-0.11999999999999988,1.5166666666666666,1.1,1.0766666666666667,-0.0020000000000000018,0.24599999999999997
2026-01-01 22:57:00,NODE_03,89.02,1.52,1.28,0.227,25.16,65.58,normal,1.1299999999999955,88.18666666666667,0.26,1.3866666666666667,-0.44999999999999996,1.2133333333333332,-0.03900000000000001,0.25366666666666665
2026-01-01 23:07:00,NODE_03,88.93,1.3,0.89,0.337,25.39,70.52,normal,-0.0899999999999892,88.61333333333334,-0.21999999999999997,1.36,-0.39,1.3,0.11000000000000001,0.27666666666666667
2026-01-01 23:17:00,NODE_03,87.82,1.62,1.06,0.265,24.94,72.46,normal,-1.1100000000000136,88.58999999999999,0.32000000000000006,1.4800000000000002,0.17000000000000004,1.0766666666666667,-0.07200000000000001,0.2763333333333333
2026-01-01 23:27:00,NODE_03,87.86,1.3,0.48,0.187,25.01,77.4,normal,0.04000000000000625,88.20333333333333,-0.32000000000000006,1.406666666666667,-0.5800000000000001,0.8099999999999999,-0.07800000000000001,0.26299999999999996
2026-01-01 23:37:00,NODE_03,87.72,1.27,1.64,0.197,27.12,69.8,normal,-0.14000000000000057,87.8,-0.030000000000000027,1.3966666666666667,1.16,1.0599999999999998,0.010000000000000009,0.2163333333333333
2026-01-01 23:47:00,NODE_03,87.78,1.37,0.51,0.286,25.72,67.28,normal,0.060000000000002274,87.78666666666668,0.10000000000000009,1.3133333333333335,-1.13,0.8766666666666666,0.08899999999999997,0.2233333333333333
2026-01-01 23:57:00,NODE_03,88.03,1.6,1.09,0.231,26.66,69.26,normal,0.25,87.84333333333332,0.22999999999999998,1.4133333333333333,0.5800000000000001,1.0799999999999998,-0.054999999999999966,0.23799999999999996
2026-01-02 00:07:00,NODE_03,88.83,0.88,0.97,0.143,26.35,70.74,normal,0.7999999999999972,88.21333333333332,-0.7200000000000001,1.2833333333333334,-0.1200000000000001,0.8566666666666666,-0.08800000000000002,0.21999999999999997
2026-01-02 00:17:00,NODE_03,88.53,0.64,1.06,0.163,25.19,68.0,normal,-0.29999999999999716,88.46333333333332,-0.24,1.04,0.09000000000000008,1.0399999999999998,0.020000000000000018,0.17899999999999996
2026-01-02 00:27:00,NODE_03,89.25,0.78,0.74,0.126,24.83,66.93,normal,0.7199999999999989,88.87,0.14,0.7666666666666666,-0.32000000000000006,0.9233333333333332,-0.037000000000000005,0.144
2026-01-02 00:37:00,NODE_03,88.89,1.22,0.59,0.222,25.8,68.0,normal,-0.35999999999999943,88.89,0.43999999999999995,0.88,-0.15000000000000002,0.7966666666666665,0.096,0.1703333333333333
2026-01-02 00:47:00,NODE_03,89.52,0.87,0.14,0.217,23.7,71.14,normal,0.6299999999999955,89.21999999999998,-0.35,0.9566666666666667,-0.44999999999999996,0.48999999999999994,-0.0050000000000000044,0.18833333333333327
2026-01-02 00:57:00,NODE_03,89.62,0.83,0.89,0.161,25.14,66.01,normal,0.10000000000000853,89.34333333333332,-0.040000000000000036,0.9733333333333333,0.75,0.5399999999999999,-0.055999999999999994,0.19999999999999996
2026-01-02 01:07:00,NODE_03,89.19,0.13,0.36,0.095,25.79,66.0,normal,-0.4300000000000068,89.44333333333333,-0.7,0.61,-0.53,0.4633333333333333,-0.066,0.15766666666666662
2026-01-02 01:17:00,NODE_03,89.55,0.71,0.4,0.148,26.57,71.01,normal,0.35999999999999943,89.45333333333333,0.58,0.5566666666666666,0.040000000000000036,0.5499999999999999,0.05299999999999999,0.13466666666666663
2026-01-02 01:27:00,NODE_03,89.42,0.46,0.5,0.155,26.32,66.3,normal,-0.12999999999999545,89.38666666666667,-0.24999999999999994,0.43333333333333335,0.09999999999999998,0.41999999999999993,0.007000000000000006,0.13266666666666663
2026-01-02 01:37:00,NODE_03,89.87,0.74,0.46,0.134,25.28,69.38,normal,0.45000000000000284,89.61333333333334,0.27999999999999997,0.6366666666666666,-0.03999999999999998,0.4533333333333333,-0.02099999999999999,0.14566666666666664
2026-01-02 01:47:00,NODE_03,89.22,0.76,0.63,0.098,26.35,63.05,normal,-0.6500000000000057,89.50333333333333,0.020000000000000018,0.6533333333333334,0.16999999999999998,0.5299999999999999,-0.036000000000000004,0.12899999999999998
2026-01-02 01:57:00,NODE_03,89.56,1.15,0.6,0.238,24.34,63.63,normal,0.3400000000000034,89.55,0.3899999999999999,0.8833333333333333,-0.030000000000000027,0.5633333333333332,0.13999999999999999,0.15666666666666662
2026-01-02 02:07:00,NODE_03,89.76,0.99,0.35,0.117,26.45,71.17,normal,0.20000000000000284,89.51333333333332,-0.15999999999999992,0.9666666666666667,-0.25,0.5266666666666665,-0.12099999999999998,0.15099999999999997
2026-01-02 02:17:00,NODE_03,89.45,0.58,0.7,0.145,26.13,67.88,normal,-0.3100000000000023,89.59000000000002,-0.41000000000000003,0.9066666666666666,0.35,0.5499999999999998,0.027999999999999983,0.1666666666666666
2026-01-02 02:27:00,NODE_03,89.41,0.54,0.91,0.165,22.32,67.7,normal,-0.04000000000000625,89.54,-0.039999999999999925,0.7033333333333333,0.21000000000000008,0.6533333333333332,0.020000000000000018,0.1423333333333333
2026-01-02 02:37:00,NODE_03,89.53,0.9,0.67,0.076,24.58,70.43,normal,0.12000000000000455,89.46333333333332,0.36,0.6733333333333333,-0.24,0.7599999999999999,-0.08900000000000001,0.12866666666666662
2026-01-02 02:47:00,NODE_03,89.38,0.72,0.72,0.135,26.81,77.39,normal,-0.15000000000000568,89.44,-0.18000000000000005,0.7200000000000001,0.04999999999999993,0.7666666666666666,0.05900000000000001,0.1253333333333333
2026-01-02 02:57:00,NODE_03,89.14,1.07,0.2,0.138,26.54,72.34,normal,-0.23999999999999488,89.34999999999998,0.3500000000000001,0.8966666666666666,-0.52,0.5299999999999999,0.0030000000000000027,0.11633333333333329
2026-01-02 03:07:00,NODE_03,89.63,1.06,1.1,0.1,25.7,75.18,normal,0.4899999999999949,89.38333333333333,-0.010000000000000009,0.9500000000000001,0.9000000000000001,0.6733333333333332,-0.038000000000000006,0.1243333333333333
2026-01-02 03:17:00,NODE_03,88.74,0.77,0.77,0.103,26.35,66.4,normal,-0.8900000000000006,89.17,-0.29000000000000004,0.9666666666666667,-0.33000000000000007,0.69,0.002999999999999989,0.11366666666666662
2026-01-02 03:27:00,NODE_03,89.63,1.06,0.64,0.191,24.48,75.29,normal,0.8900000000000006,89.33333333333333,0.29000000000000004,0.9633333333333334,-0.13,0.8366666666666666,0.08800000000000001,0.13133333333333327
2026-01-02 03:37:00,NODE_03,89.8,0.21,0.59,0.153,25.7,70.23,normal,0.1700000000000017,89.38999999999999,-0.8500000000000001,0.68,-0.050000000000000044,0.6666666666666666,-0.038000000000000006,0.14899999999999994
2026-01-02 03:47:00,NODE_03,89.05,0.36,0.72,0.142,23.15,71.16,normal,-0.75,89.49333333333333,0.15,0.5433333333333333,0.13,0.6499999999999999,-0.01100000000000001,0.16199999999999995
2026-01-02 03:57:00,NODE_03,89.35,0.93,0.94,0.242,24.2,67.86,normal,0.29999999999999716,89.39999999999999,0.5700000000000001,0.5,0.21999999999999997,0.7499999999999999,0.1,0.17899999999999994
2026-01-02 04:07:00,NODE_03,89.74,0.84,0.92,0.214,26.8,71.78,normal,0.39000000000000057,89.38,-0.09000000000000008,0.71,-0.019999999999999907,0.8599999999999999,-0.027999999999999997,0.19933333333333325
2026-01-02 04:17:00,NODE_03,88.93,1.17,0.63,0.217,26.54,68.07,normal,-0.8099999999999881,89.33999999999999,0.32999999999999996,0.98,-0.29000000000000004,0.83,0.0030000000000000027,0.22433333333333327
2026-01-02 04:27:00,NODE_03,89.24,0.67,0.49,0.151,25.55,67.02,normal,0.30999999999998806,89.30333333333334,-0.4999999999999999,0.8933333333333332,-0.14,0.68,-0.066,0.19399999999999995
2026-01-02 04:37:00,NODE_03,88.7,1.07,0.48,0.146,27.51,71.34,normal,-0.539999999999992,88.95666666666666,0.4,0.9700000000000001,-0.010000000000000009,0.5333333333333333,-0.0050000000000000044,0.17133333333333325
2026-01-02 04:47:00,NODE_03,88.17,1.73,0.89,0.199,25.82,73.68,normal,-0.5300000000000011,88.70333333333333,0.6599999999999999,1.1566666666666667,0.41000000000000003,0.62,0.05300000000000002,0.16533333333333328
2026-01-02 04:57:00,NODE_03,88.2,0.98,0.58,0.203,25.98,70.42,normal,0.030000000000001137,88.35666666666667,-0.75,1.26,-0.31000000000000005,0.6499999999999999,0.0040000000000000036,0.18266666666666662
2026-01-02 05:07:00,NODE_03,89.3,1.52,1.3,0.184,25.81,70.19,normal,1.0999999999999943,88.55666666666667,0.54,1.4100000000000001,0.7200000000000001,0.9233333333333332,-0.019000000000000017,0.19533333333333328
2026-01-02 05:17:00,NODE_03,88.73,1.14,0.87,0.132,26.54,70.73,normal,-0.5699999999999932,88.74333333333334,-0.3800000000000001,1.2133333333333332,-0.43000000000000005,0.9166666666666665,-0.05199999999999999,0.17299999999999996
2026-01-02 05:27:00,NODE_03,88.95,1.6,1.19,0.18,25.31,69.81,normal,0.21999999999999886,88.99333333333334,0.4600000000000002,1.42,0.31999999999999995,1.1199999999999999,0.04799999999999999,0.16533333333333328
2026-01-02 05:37:00,NODE_03,89.07,1.32,0.57,0.201,27.09,72.37,normal,0.11999999999999034,88.91666666666667,-0.28,1.3533333333333335,-0.62,0.8766666666666665,0.02100000000000002,0.17099999999999996
2026-01-02 05:47:00,NODE_03,89.26,0.84,0.82,0.171,26.77,74.21,normal,0.19000000000001194,89.09333333333332,-0.4800000000000001,1.2533333333333334,0.25,0.8599999999999998,-0.03,0.18399999999999994
2026-01-02 05:57:00,NODE_03,89.43,0.57,0.9,0.202,28.58,69.68,normal,0.1700000000000017,89.25333333333333,-0.27,0.9100000000000001,0.08000000000000007,0.7633333333333332,0.031,0.19133333333333327
2026-01-02 06:07:00,NODE_03,89.53,1.24,0.26,0.193,27.15,73.39,normal,0.09999999999999432,89.40666666666668,0.67,0.8833333333333333,-0.64,0.6599999999999998,-0.009000000000000008,0.18866666666666662
2026-01-02 06:17:00,NODE_03,89.74,0.86,0.83,0.181,25.91,71.39,normal,0.20999999999999375,89.56666666666666,-0.38,0.89,0.57,0.6633333333333332,-0.01200000000000001,0.19199999999999995
2026-01-02 06:27:00,NODE_03,90.08,0.72,0.71,0.144,24.28,73.9,normal,0.3400000000000034,89.78333333333335,-0.14,0.94,-0.12,0.5999999999999998,-0.037000000000000005,0.1726666666666666
2026-01-02 06:37:00,NODE_03,89.17,1.02,0.55,0.231,26.85,73.75,normal,-0.9099999999999966,89.66333333333334,0.30000000000000004,0.8666666666666667,-0.15999999999999992,0.6966666666666667,0.08700000000000002,0.18533333333333327
2026-01-02 06:47:00,NODE_03,89.24,0.78,1.36,0.16,23.84,70.62,normal,0.06999999999999318,89.49666666666667,-0.24,0.8400000000000002,0.81,0.8733333333333332,-0.07100000000000001,0.17833333333333332
2026-01-02 06:57:00,NODE_03,89.09,1.15,0.82,0.156,25.19,77.85,normal,-0.14999999999999147,89.16666666666667,0.3699999999999999,0.9833333333333334,-0.5400000000000001,0.9099999999999998,-0.0040000000000000036,0.18233333333333326
2026-01-02 07:07:00,NODE_03,88.16,1.23,1.17,0.155,23.4,71.64,normal,-0.9300000000000068,88.83,0.08000000000000007,1.0533333333333335,0.35,1.1166666666666665,-0.0010000000000000009,0.15699999999999995
2026-01-02 07:17:00,NODE_03,88.37,1.37,1.27,0.177,25.83,68.82,normal,0.21000000000000796,88.54,0.14000000000000012,1.25,0.10000000000000009,1.0866666666666664,0.021999999999999992,0.1626666666666666
2026-01-02 07:27:00,NODE_03,88.69,1.83,1.53,0.274,24.5,74.44,normal,0.3199999999999932,88.40666666666668,0.45999999999999996,1.4766666666666668,0.26,1.3233333333333333,0.09700000000000003,0.20199999999999996
2026-01-02 07:37:00,NODE_03,88.9,1.87,0.96,0.185,27.49,73.68,normal,0.21000000000000796,88.65333333333335,0.040000000000000036,1.6900000000000002,-0.5700000000000001,1.2533333333333332,-0.08900000000000002,0.21199999999999997
2026-01-02 07:47:00,NODE_03,87.7,1.75,1.25,0.25,26.38,74.83,normal,-1.2000000000000028,88.43,-0.1200000000000001,1.8166666666666667,0.29000000000000004,1.2466666666666664,0.065,0.23633333333333328
2026-01-02 07:57:00,NODE_03,88.27,1.83,0.83,0.22,25.37,67.63,normal,0.5699999999999932,88.29,0.08000000000000007,1.8166666666666667,-0.42000000000000004,1.013333333333333,-0.03,0.21833333333333327
2026-01-02 08:07:00,NODE_03,88.48,1.36,0.97,0.262,26.2,69.0,normal,0.21000000000000796,88.14999999999999,-0.47,1.6466666666666665,0.14,1.0166666666666664,0.04200000000000001,0.2439999999999999
2026-01-02 08:17:00,NODE_03,87.34,1.95,1.19,0.191,27.35,73.5,normal,-1.1400000000000006,88.03000000000002,0.5899999999999999,1.7133333333333332,0.21999999999999997,0.9966666666666665,-0.07100000000000001,0.22433333333333327
2026-01-02 08:27:00,NODE_03,88.38,1.54,0.98,0.185,26.57,68.84,normal,1.039999999999992,88.06666666666666,-0.4099999999999999,1.6166666666666665,-0.20999999999999996,1.0466666666666666,-0.006000000000000005,0.21266666666666664
2026-01-02 08:37:00,NODE_03,87.68,1.63,1.46,0.194,25.68,72.67,normal,-0.6999999999999886,87.8,0.08999999999999986,1.7066666666666668,0.48,1.21,0.009000000000000008,0.18999999999999995
2026-01-02 08:47:00,NODE_03,88.57,1.12,0.56,0.158,26.68,68.88,normal,0.8899999999999864,88.21,-0.5099999999999998,1.43,-0.8999999999999999,1.0,-0.036000000000000004,0.17899999999999994
2026-01-02 08:57:00,NODE_03,88.69,1.0,0.89,0.295,26.45,63.98,normal,0.12000000000000455,88.31333333333333,-0.1200000000000001,1.25,0.32999999999999996,0.9699999999999999,0.13699999999999998,0.2156666666666666
2026-01-02 09:07:00,NODE_03,88.02,2.22,1.02,0.285,25.75,68.1,normal,-0.6700000000000017,88.42666666666666,1.2200000000000002,1.4466666666666665,0.13,0.8233333333333333,-0.010000000000000009,0.2459999999999999
2026-01-02 09:17:00,NODE_03,87.91,1.02,1.33,0.182,25.8,70.69,normal,-0.10999999999999943,88.20666666666666,-1.2000000000000002,1.4133333333333333,0.31000000000000005,1.0799999999999998,-0.10299999999999998,0.25399999999999995
2026-01-02 09:27:00,NODE_03,88.57,1.06,1.04,0.266,27.71,70.62,normal,0.6599999999999966,88.16666666666667,0.040000000000000036,1.4333333333333333,-0.29000000000000004,1.13,0.08400000000000002,0.2443333333333333
2026-01-02 09:37:00,NODE_03,89.07,0.79,0.96,0.203,25.84,68.64,normal,0.5,88.51666666666665,-0.27,0.9566666666666667,-0.08000000000000007,1.1099999999999999,-0.063,0.21699999999999997
2026-01-02 09:47:00,NODE_03,88.9,0.94,0.82,0.172,27.1,69.52,normal,-0.1699999999999875,88.84666666666665,0.1499999999999999,0.93,-0.14,0.9399999999999998,-0.031000000000000028,0.21366666666666664
2026-01-02 09:57:00,NODE_03,89.05,1.01,0.49,0.233,27.85,74.37,normal,0.14999999999999147,89.00666666666666,0.07000000000000006,0.9133333333333334,-0.32999999999999996,0.7566666666666665,0.061000000000000026,0.20266666666666663
2026-01-02 10:07:00,NODE_03,83.45,3.68,3.96,0.705,27.51,68.17,warning,-5.599999999999994,87.13333333333333,2.67,1.8766666666666667,3.4699999999999998,1.7566666666666666,0.472,0.36999999999999994
2026-01-02 10:17:00,NODE_03,82.56,4.3,2.97,0.579,27.62,71.95,warning,-0.8900000000000006,85.02,0.6199999999999997,2.996666666666666,-0.9899999999999998,2.473333333333333,-0.126,0.5056666666666666
2026-01-02 10:27:00,NODE_03,84.82,3.48,4.6,0.601,26.46,70.54,warning,2.259999999999991,83.61,-0.8199999999999998,3.82,1.6299999999999994,3.8433333333333337,0.02200000000000002,0.6283333333333333
2026-01-02 10:37:00,NODE_03,85.65,3.88,2.55,0.453,27.02,73.04,warning,0.8300000000000125,84.34333333333333,0.3999999999999999,3.8866666666666667,-2.05,3.373333333333333,-0.14799999999999996,0.5443333333333332
2026-01-02 10:47:00,NODE_03,84.74,3.56,3.85,0.536,28.2,64.59,warning,-0.9100000000000108,85.07,-0.31999999999999984,3.64,1.3000000000000003,3.6666666666666665,0.08300000000000002,0.5299999999999999
2026-01-02 10:57:00,NODE_03,84.32,4.93,2.02,0.545,26.07,72.26,warning,-0.4200000000000017,84.90333333333332,1.3699999999999997,4.123333333333333,-1.83,2.8066666666666666,0.009000000000000008,0.5113333333333333
2026-01-02 11:07:00,NODE_03,85.12,4.27,2.78,0.418,27.52,71.84,warning,0.8000000000000114,84.72666666666667,-0.6600000000000001,4.253333333333333,0.7599999999999998,2.8833333333333333,-0.12700000000000006,0.49966666666666654
2026-01-02 11:17:00,NODE_03,85.26,3.64,3.87,0.701,27.5,69.43,warning,0.14000000000000057,84.89999999999999,-0.6299999999999994,4.28,1.0900000000000003,2.89,0.283,0.5546666666666665
2026-01-02 11:27:00,NODE_03,83.05,2.93,3.1,0.611,25.68,70.51,warning,-2.210000000000008,84.47666666666667,-0.71,3.6133333333333333,-0.77,3.25,-0.08999999999999997,0.5766666666666665
2026-01-02 11:37:00,NODE_03,86.34,4.23,2.8,0.624,28.35,72.25,warning,3.2900000000000063,84.88333333333333,1.3000000000000003,3.6,-0.30000000000000027,3.2566666666666664,0.013000000000000012,0.6453333333333332
2026-01-02 11:47:00,NODE_03,85.1,3.73,2.93,0.482,26.27,66.44,warning,-1.240000000000009,84.83,-0.5000000000000004,3.6300000000000003,0.13000000000000034,2.9433333333333334,-0.14200000000000002,0.5723333333333332
2026-01-02 11:57:00,NODE_03,85.34,3.88,2.06,0.577,27.6,70.3,warning,0.2400000000000091,85.59333333333332,0.1499999999999999,3.9466666666666668,-0.8700000000000001,2.5966666666666667,0.09499999999999997,0.5609999999999999
2026-01-02 12:07:00,NODE_03,84.67,4.28,1.92,0.463,27.89,65.81,warning,-0.6700000000000017,85.03666666666668,0.40000000000000036,3.9633333333333334,-0.14000000000000012,2.3033333333333332,-0.11399999999999993,0.5073333333333332
2026-01-02 12:17:00,NODE_03,84.81,2.45,3.07,0.364,25.81,72.2,warning,0.14000000000000057,84.94,-1.83,3.5366666666666666,1.15,2.35,-0.09900000000000003,0.4679999999999999
2026-01-02 12:27:00,NODE_03,85.17,3.91,2.07,0.391,26.83,69.64,warning,0.35999999999999943,84.88333333333334,1.46,3.546666666666667,-1.0,2.3533333333333335,0.027000000000000024,0.4059999999999999
2026-01-02 12:37:00,NODE_03,85.91,3.31,2.01,0.549,27.46,70.99,warning,0.7399999999999949,85.29666666666667,-0.6000000000000001,3.223333333333333,-0.06000000000000005,2.3833333333333333,0.15800000000000003,0.4346666666666666
2026-01-02 12:47:00,NODE_03,84.29,2.54,3.04,0.524,27.79,71.6,warning,-1.6199999999999903,85.12333333333333,-0.77,3.2533333333333334,1.0300000000000002,2.373333333333333,-0.025000000000000022,0.488
2026-01-02 12:57:00,NODE_03,85.18,3.4,2.92,0.579,26.64,72.74,warning,0.8900000000000006,85.12666666666667,0.8599999999999999,3.0833333333333335,-0.1200000000000001,2.6566666666666663,0.05499999999999994,0.5506666666666666
2026-01-02 13:07:00,NODE_03,86.07,2.76,1.75,0.59,24.98,71.41,warning,0.8899999999999864,85.18,-0.6400000000000001,2.9,-1.17,2.57,0.01100000000000001,0.5643333333333332
2026-01-02 13:17:00,NODE_03,85.98,2.65,1.86,0.393,25.03,72.42,warning,-0.0899999999999892,85.74333333333334,-0.10999999999999988,2.936666666666667,0.1100000000000001,2.1766666666666667,-0.19699999999999995,0.5206666666666666
2026-01-02 13:27:00,NODE_03,86.45,2.55,2.69,0.369,24.14,69.75,warning,0.46999999999999886,86.16666666666667,-0.10000000000000009,2.653333333333333,0.8299999999999998,2.1,-0.02400000000000002,0.4506666666666666
2026-01-02 13:37:00,NODE_03,87.71,3.69,2.1,0.526,26.57,70.86,warning,1.259999999999991,86.71333333333332,1.1400000000000001,2.9633333333333334,-0.5899999999999999,2.216666666666667,0.15700000000000003,0.4293333333333333
2026-01-02 13:47:00,NODE_03,87.0,3.12,1.75,0.447,26.36,69.82,normal,-0.7099999999999937,87.05333333333333,-0.5699999999999998,3.1199999999999997,-0.3500000000000001,2.18,-0.07900000000000001,0.4473333333333333
2026-01-02 13:57:00,NODE_03,86.81,3.39,2.37,0.449,25.88,69.54,normal,-0.18999999999999773,87.17333333333333,0.27,3.4000000000000004,0.6200000000000001,2.0733333333333337,0.0020000000000000018,0.4739999999999999
2026-01-02 14:07:00,NODE_03,86.75,2.29,2.43,0.349,26.07,66.07,warning,-0.060000000000002274,86.85333333333334,-1.1,2.9333333333333336,0.06000000000000005,2.1833333333333336,-0.10000000000000003,0.41499999999999987
2026-01-02 14:17:00,NODE_03,87.17,3.7,2.53,0.473,27.88,72.24,warning,0.4200000000000017,86.91000000000001,1.4100000000000001,3.126666666666667,0.09999999999999964,2.443333333333334,0.124,0.4236666666666666
2026-01-02 14:27:00,NODE_03,86.64,2.33,2.47,0.414,26.18,74.61,warning,-0.5300000000000011,86.85333333333334,-1.37,2.7733333333333334,-0.05999999999999961,2.476666666666667,-0.059,0.4119999999999999
2026-01-02 14:37:00,NODE_03,86.08,2.81,2.12,0.364,29.42,72.39,normal,-0.5600000000000023,86.63,0.48,2.9466666666666668,-0.3500000000000001,2.3733333333333335,-0.04999999999999999,0.41699999999999987
2026-01-02 14:47:00,NODE_03,86.79,2.92,1.21,0.365,25.83,72.88,normal,0.710000000000008,86.50333333333333,0.10999999999999988,2.686666666666666,-0.9100000000000001,1.9333333333333336,0.0010000000000000009,0.38099999999999995
2026-01-02 14:57:00,NODE_03,86.89,2.78,2.17,0.278,27.26,72.62,normal,0.09999999999999432,86.58666666666666,-0.14000000000000012,2.8366666666666664,0.96,1.8333333333333333,-0.08699999999999997,0.3356666666666666
2026-01-02 15:07:00,NODE_03,86.86,2.49,2.09,0.254,24.91,74.63,normal,-0.030000000000001137,86.84666666666668,-0.2899999999999996,2.73,-0.08000000000000007,1.8233333333333335,-0.02400000000000002,0.29899999999999993
2026-01-02 15:17:00,NODE_03,87.57,2.33,1.36,0.288,26.53,72.86,normal,0.7099999999999937,87.10666666666667,-0.16000000000000014,2.533333333333333,-0.7299999999999998,1.8733333333333333,0.033999999999999975,0.27333333333333326
2026-01-02 15:27:00,NODE_03,86.19,2.02,1.33,0.36,24.94,71.49,normal,-1.3799999999999955,86.87333333333333,-0.31000000000000005,2.2800000000000002,-0.030000000000000027,1.5933333333333335,0.07200000000000001,0.3006666666666666
2026-01-02 15:37:00,NODE_03,87.81,2.49,1.4,0.243,27.42,74.87,normal,1.6200000000000045,87.19,0.4700000000000002,2.28,0.06999999999999984,1.3633333333333335,-0.11699999999999999,0.2969999999999999
2026-01-02 15:47:00,NODE_03,87.67,2.12,2.02,0.286,26.84,76.47,normal,-0.14000000000000057,87.22333333333331,-0.3700000000000001,2.21,0.6200000000000001,1.5833333333333333,0.04299999999999998,0.2963333333333333
2026-01-02 15:57:00,NODE_03,86.33,2.7,1.7,0.28,26.66,67.47,normal,-1.3400000000000034,87.27,0.5800000000000001,2.436666666666667,-0.32000000000000006,1.7066666666666668,-0.00599999999999995,0.26966666666666655
2026-01-02 16:07:00,NODE_03,88.22,2.76,1.57,0.329,26.05,71.33,normal,1.8900000000000006,87.40666666666665,0.05999999999999961,2.526666666666667,-0.1299999999999999,1.7633333333333336,0.04899999999999999,0.2983333333333333
2026-01-02 16:17:00,NODE_03,87.39,1.98,1.55,0.302,26.44,76.36,normal,-0.8299999999999983,87.31333333333333,-0.7799999999999998,2.48,-0.020000000000000018,1.6066666666666667,-0.027000000000000024,0.3036666666666666
2026-01-02 16:27:00,NODE_03,87.82,2.51,1.92,0.34,25.3,75.79,normal,0.4299999999999926,87.81,0.5299999999999998,2.4166666666666665,0.3699999999999999,1.68,0.038000000000000034,0.3236666666666666
2026-01-02 16:37:00,NODE_03,87.05,2.11,1.91,0.256,26.91,74.22,normal,-0.769999999999996,87.42,-0.3999999999999999,2.1999999999999997,-0.010000000000000009,1.7933333333333332,-0.08400000000000002,0.2993333333333333
2026-01-02 16:47:00,NODE_03,87.92,2.06,1.55,0.285,26.67,68.01,normal,0.8700000000000045,87.59666666666665,-0.04999999999999982,2.2266666666666666,-0.3599999999999999,1.7933333333333332,0.02899999999999997,0.2936666666666666
2026-01-02 16:57:00,NODE_03,88.22,1.65,0.84,0.371,27.29,68.98,normal,0.29999999999999716,87.73,-0.41000000000000014,1.9399999999999997,-0.7100000000000001,1.4333333333333333,0.08600000000000002,0.3039999999999999
2026-01-02 17:07:00,NODE_03,88.3,2.26,1.01,0.213,25.69,71.18,normal,0.0799999999999983,88.14666666666666,0.6099999999999999,1.99,0.17000000000000004,1.1333333333333333,-0.158,0.2896666666666666
2026-01-02 17:17:00,NODE_03,88.0,1.91,1.25,0.196,23.97,71.12,normal,-0.29999999999999716,88.17333333333333,-0.34999999999999987,1.9399999999999997,0.24,1.0333333333333332,-0.016999999999999987,0.25999999999999995
2026-01-02 17:27:00,NODE_03,88.48,1.09,1.89,0.363,26.55,66.73,normal,0.480000000000004,88.25999999999999,-0.8199999999999998,1.7533333333333332,0.6399999999999999,1.3833333333333335,0.16699999999999998,0.25733333333333325
2026-01-02 17:37:00,NODE_03,88.01,1.2,0.93,0.283,26.77,70.79,normal,-0.46999999999999886,88.16333333333334,0.10999999999999988,1.4000000000000001,-0.9599999999999999,1.3566666666666665,-0.08000000000000002,0.28066666666666656
2026-01-02 17:47:00,NODE_03,87.63,1.9,1.16,0.25,26.87,74.84,normal,-0.38000000000000966,88.04,0.7,1.3966666666666665,0.22999999999999987,1.3266666666666664,-0.032999999999999974,0.2986666666666666
2026-01-02 17:57:00,NODE_03,88.65,1.32,0.81,0.207,26.5,74.83,normal,1.0200000000000102,88.09666666666668,-0.5799999999999998,1.4733333333333334,-0.34999999999999987,0.9666666666666667,-0.04300000000000001,0.24666666666666656
2026-01-02 18:07:00,NODE_03,88.88,1.35,0.7,0.271,25.53,66.1,normal,0.22999999999998977,88.38666666666667,0.030000000000000027,1.5233333333333334,-0.1100000000000001,0.89,0.06400000000000003,0.2426666666666666
2026-01-02 18:17:00,NODE_03,88.94,1.29,1.84,0.306,25.9,72.1,normal,0.060000000000002274,88.82333333333334,-0.06000000000000005,1.32,1.1400000000000001,1.1166666666666665,0.034999999999999976,0.26133333333333325
2026-01-02 18:27:00,NODE_03,87.58,1.5,1.45,0.274,25.75,71.05,normal,-1.3599999999999994,88.46666666666665,0.20999999999999996,1.3800000000000001,-0.3900000000000001,1.3299999999999998,-0.03199999999999997,0.28366666666666657
2026-01-02 18:37:00,NODE_03,87.35,1.57,0.71,0.23,26.31,74.36,normal,-0.23000000000000398,87.95666666666666,0.07000000000000006,1.4533333333333334,-0.74,1.333333333333333,-0.04400000000000001,0.2699999999999999
2026-01-02 18:47:00,NODE_03,88.18,1.69,1.38,0.202,28.16,70.34,normal,0.8300000000000125,87.70333333333333,0.11999999999999988,1.5866666666666667,0.6699999999999999,1.1799999999999997,-0.027999999999999997,0.23533333333333328
2026-01-02 18:57:00,NODE_03,88.59,1.68,0.88,0.207,25.49,72.05,normal,0.4099999999999966,88.04,-0.010000000000000009,1.6466666666666665,-0.4999999999999999,0.9899999999999998,0.004999999999999977,0.21299999999999994
2026-01-02 19:07:00,NODE_03,88.85,1.41,1.09,0.202,26.55,63.37,normal,0.2599999999999909,88.54,-0.27,1.593333333333333,0.21000000000000008,1.1166666666666665,-0.004999999999999977,0.20366666666666658
2026-01-02 19:17:00,NODE_03,87.99,0.95,0.79,0.273,26.55,68.3,normal,-0.8599999999999994,88.47666666666667,-0.45999999999999996,1.3466666666666667,-0.30000000000000004,0.9199999999999999,0.07100000000000001,0.22733333333333325
2026-01-02 19:27:00,NODE_03,88.11,1.0,1.03,0.26,25.75,72.0,normal,0.12000000000000455,88.31666666666666,0.050000000000000044,1.1199999999999999,0.24,0.9699999999999999,-0.013000000000000012,0.2449999999999999
2026-01-02 19:37:00,NODE_03,88.17,1.62,1.01,0.172,27.28,72.29,normal,0.060000000000002274,88.08999999999999,0.6200000000000001,1.1900000000000002,-0.020000000000000018,0.943333333333333,-0.08800000000000002,0.23499999999999988
2026-01-02 19:47:00,NODE_03,88.3,1.14,1.46,0.257,28.61,68.63,normal,0.12999999999999545,88.19333333333333,-0.4800000000000002,1.2533333333333332,0.44999999999999996,1.1666666666666663,0.08500000000000002,0.22966666666666657
2026-01-02 19:57:00,NODE_03,87.76,1.87,0.98,0.257,27.17,66.91,normal,-0.539999999999992,88.07666666666667,0.7300000000000002,1.5433333333333332,-0.48,1.1499999999999997,0.0,0.22866666666666657
2026-01-02 20:07:00,NODE_03,88.48,1.59,0.93,0.311,26.1,66.72,normal,0.7199999999999989,88.17999999999999,-0.28,1.5333333333333332,-0.04999999999999993,1.123333333333333,0.05399999999999999,0.2749999999999999
2026-01-02 20:17:00,NODE_03,88.27,1.43,1.85,0.224,24.29,68.6,normal,-0.21000000000000796,88.17,-0.16000000000000014,1.6300000000000001,0.92,1.2533333333333332,-0.087,0.2639999999999999
2026-01-02 20:27:00,NODE_03,88.71,1.21,0.91,0.241,24.18,72.55,normal,0.4399999999999977,88.48666666666668,-0.21999999999999997,1.4100000000000001,-0.9400000000000001,1.2299999999999998,0.016999999999999987,0.25866666666666654
2026-01-02 20:37:00,NODE_03,88.41,1.57,1.16,0.222,25.18,75.92,normal,-0.29999999999999716,88.46333333333332,0.3600000000000001,1.4033333333333333,0.2499999999999999,1.3066666666666664,-0.01899999999999999,0.2289999999999999
2026-01-02 20:47:00,NODE_03,88.3,1.69,0.97,0.171,27.16,61.89,normal,-0.10999999999999943,88.47333333333334,0.11999999999999988,1.49,-0.18999999999999995,1.013333333333333,-0.05099999999999999,0.21133333333333326
2026-01-02 20:57:00,NODE_03,88.56,1.3,0.57,0.184,25.66,69.67,normal,0.2600000000000051,88.42333333333333,-0.3899999999999999,1.5200000000000002,-0.4,0.8999999999999996,0.012999999999999984,0.19233333333333325
2026-01-02 21:07:00,NODE_03,88.54,1.53,0.83,0.23,26.98,64.63,normal,-0.01999999999999602,88.46666666666665,0.22999999999999998,1.5066666666666666,0.26,0.7899999999999997,0.04600000000000001,0.19499999999999992
2026-01-02 21:17:00,NODE_03,88.61,1.03,1.3,0.219,24.11,70.93,normal,0.06999999999999318,88.57,-0.5,1.2866666666666668,0.4700000000000001,0.8999999999999998,-0.01100000000000001,0.21099999999999988
2026-01-02 21:27:00,NODE_03,88.45,1.05,0.72,0.149,25.78,72.8,normal,-0.1599999999999966,88.53333333333335,0.020000000000000018,1.2033333333333334,-0.5800000000000001,0.9499999999999997,-0.07,0.19933333333333325
2026-01-02 21:37:00,NODE_03,89.8,1.37,1.01,0.123,26.68,74.9,normal,1.3499999999999943,88.95333333333333,0.32000000000000006,1.1500000000000001,0.29000000000000004,1.0099999999999998,-0.025999999999999995,0.16366666666666657
2026-01-02 21:47:00,NODE_03,89.23,1.25,0.91,0.21,27.01,72.81,normal,-0.5699999999999932,89.16000000000001,-0.1200000000000001,1.2233333333333334,-0.09999999999999998,0.8799999999999998,0.087,0.16066666666666654
2026-01-02 21:57:00,NODE_03,89.18,1.11,0.4,0.182,27.71,70.06,normal,-0.04999999999999716,89.40333333333335,-0.1399999999999999,1.2433333333333334,-0.51,0.7733333333333331,-0.027999999999999997,0.17166666666666655
2026-01-02 22:07:00,NODE_03,89.03,0.97,0.72,0.161,27.13,69.89,normal,-0.15000000000000568,89.14666666666666,-0.14000000000000012,1.11,0.31999999999999995,0.6766666666666664,-0.02099999999999999,0.18433333333333324
2026-01-02 22:17:00,NODE_03,89.57,1.23,0.67,0.18,27.08,71.22,normal,0.539999999999992,89.25999999999999,0.26,1.1033333333333335,-0.04999999999999993,0.5966666666666663,0.01899999999999999,0.17433333333333323
2026-01-02 22:27:00,NODE_03,89.28,0.84,0.38,0.122,24.74,67.94,normal,-0.28999999999999204,89.29333333333334,-0.39,1.0133333333333334,-0.29000000000000004,0.5899999999999997,-0.057999999999999996,0.15433333333333324
2026-01-02 22:37:00,NODE_03,89.1,1.63,0.59,0.207,24.2,72.54,normal,-0.18000000000000682,89.31666666666666,0.7899999999999999,1.2333333333333334,0.20999999999999996,0.5466666666666664,0.08499999999999999,0.16966666666666655
2026-01-02 22:47:00,NODE_03,88.66,1.05,1.0,0.229,24.63,66.46,normal,-0.4399999999999977,89.01333333333332,-0.5799999999999998,1.1733333333333331,0.41000000000000003,0.6566666666666664,0.02200000000000002,0.18599999999999992
2026-01-02 22:57:00,NODE_03,88.85,0.88,0.81,0.256,26.57,68.99,normal,0.18999999999999773,88.87,-0.17000000000000004,1.1866666666666668,-0.18999999999999995,0.7999999999999997,0.026999999999999996,0.23066666666666658
2026-01-02 23:07:00,NODE_03,88.49,1.56,0.84,0.291,26.39,69.09,normal,-0.35999999999999943,88.66666666666667,0.68,1.1633333333333333,0.029999999999999916,0.883333333333333,0.034999999999999976,0.2586666666666666
2026-01-02 23:17:00,NODE_03,89.19,1.25,0.75,0.203,27.7,69.42,normal,0.7000000000000028,88.84333333333332,-0.31000000000000005,1.2300000000000002,-0.08999999999999997,0.7999999999999997,-0.08799999999999997,0.2499999999999999
2026-01-02 23:27:00,NODE_03,89.11,0.99,0.88,0.232,26.52,69.21,normal,-0.0799999999999983,88.92999999999999,-0.26,1.2666666666666666,0.13,0.8233333333333329,0.028999999999999998,0.2419999999999999
2026-01-02 23:37:00,NODE_03,89.07,0.9,0.58,0.216,25.18,71.22,normal,-0.04000000000000625,89.12333333333333,-0.08999999999999997,1.0466666666666666,-0.30000000000000004,0.7366666666666664,-0.016000000000000014,0.21699999999999994
2026-01-02 23:47:00,NODE_03,88.79,1.3,0.51,0.165,24.76,71.64,normal,-0.2799999999999869,88.99,0.4,1.0633333333333332,-0.06999999999999995,0.6566666666666664,-0.05099999999999999,0.20433333333333326
2026-01-02 23:57:00,NODE_03,88.42,0.71,0.89,0.172,25.41,73.62,normal,-0.37000000000000455,88.75999999999999,-0.5900000000000001,0.9700000000000001,0.38,0.6599999999999997,0.0069999999999999785,0.18433333333333324
2026-01-03 00:07:00,NODE_03,89.64,0.76,0.89,0.137,26.84,72.13,normal,1.2199999999999989,88.95,0.050000000000000044,0.9233333333333332,0.0,0.7633333333333331,-0.034999999999999976,0.15799999999999992
2026-01-03 00:17:00,NODE_03,89.19,1.36,0.79,0.105,25.46,71.52,normal,-0.45000000000000284,89.08333333333333,0.6000000000000001,0.9433333333333334,-0.09999999999999998,0.8566666666666665,-0.032000000000000015,0.1379999999999999
2026-01-03 00:27:00,NODE_03,90.04,0.75,0.46,0.137,25.12,68.29,normal,0.8500000000000085,89.62333333333333,-0.6100000000000001,0.9566666666666667,-0.33,0.713333333333333,0.032000000000000015,0.12633333333333327
2026-01-03 00:37:00,NODE_03,88.98,0.43,0.57,0.157,25.75,70.88,normal,-1.0600000000000023,89.40333333333335,-0.32,0.8466666666666668,0.10999999999999993,0.6066666666666664,0.01999999999999999,0.13299999999999992
2026-01-03 00:47:00,NODE_03,89.47,0.37,0.67,0.141,25.96,76.33,normal,0.4899999999999949,89.49666666666667,-0.06,0.5166666666666667,0.10000000000000009,0.5666666666666663,-0.016000000000000014,0.1449999999999999
2026-01-03 00:57:00,NODE_03,89.8,0.68,0.52,0.103,27.09,67.16,normal,0.3299999999999983,89.41666666666667,0.31000000000000005,0.49333333333333335,-0.15000000000000002,0.5866666666666663,-0.03799999999999999,0.13366666666666657
2026-01-03 01:07:00,NODE_03,89.54,0.75,0.09,0.182,25.01,73.37,normal,-0.2599999999999909,89.60333333333334,0.06999999999999995,0.6,-0.43000000000000005,0.42666666666666636,0.079,0.1419999999999999
2026-01-03 01:17:00,NODE_03,89.24,0.42,0.74,0.092,26.75,71.26,normal,-0.30000000000001137,89.52666666666669,-0.33,0.6166666666666666,0.65,0.44999999999999973,-0.09,0.12566666666666657
2026-01-03 01:27:00,NODE_03,89.34,0.91,0.87,0.113,25.15,68.04,normal,0.10000000000000853,89.37333333333333,0.49000000000000005,0.6933333333333334,0.13,0.5666666666666663,0.021000000000000005,0.12899999999999992
2026-01-03 01:37:00,NODE_03,89.17,1.23,1.0,0.168,25.67,69.1,normal,-0.1700000000000017,89.25,0.31999999999999995,0.8533333333333334,0.13,0.8699999999999997,0.05500000000000001,0.12433333333333325
2026-01-03 01:47:00,NODE_03,88.41,0.85,0.67,0.194,25.86,71.99,normal,-0.7600000000000051,88.97333333333334,-0.38,0.9966666666666667,-0.32999999999999996,0.8466666666666663,0.025999999999999995,0.15833333333333327
2026-01-03 01:57:00,NODE_03,84.46,5.3,5.24,0.591,28.42,75.65,warning,-3.950000000000003,87.34666666666665,4.45,2.46,4.57,2.3033333333333332,0.39699999999999996,0.3176666666666666
2026-01-03 02:07:00,NODE_03,82.82,5.96,5.04,0.61,28.53,70.37,warning,-1.6400000000000006,85.22999999999999,0.6600000000000001,4.036666666666666,-0.20000000000000018,3.65,0.019000000000000017,0.46499999999999986
2026-01-03 02:17:00,NODE_03,82.78,4.1,2.18,0.764,26.79,68.09,warning,-0.03999999999999204,83.35333333333332,-1.8600000000000003,5.12,-2.86,4.153333333333333,0.15400000000000003,0.6549999999999999
2026-01-03 02:27:00,NODE_03,83.82,5.1,3.99,0.837,27.24,71.16,warning,1.039999999999992,83.14,1.0,5.053333333333334,1.81,3.7366666666666664,0.07299999999999995,0.737
2026-01-03 02:37:00,NODE_03,83.58,3.73,3.48,0.796,25.74,70.74,warning,-0.23999999999999488,83.39333333333333,-1.3699999999999997,4.31,-0.5100000000000002,3.2166666666666663,-0.040999999999999925,0.7989999999999999
2026-01-03 02:47:00,NODE_03,82.91,4.84,2.59,0.654,25.7,69.49,warning,-0.6700000000000017,83.43666666666667,1.1099999999999999,4.556666666666666,-0.8900000000000001,3.353333333333333,-0.14200000000000002,0.7623333333333333
2026-01-03 02:57:00,NODE_03,85.53,4.39,2.95,0.44,27.23,74.49,warning,2.6200000000000045,84.00666666666666,-0.4500000000000002,4.32,0.3600000000000003,3.0066666666666664,-0.21400000000000002,0.63
2026-01-03 03:07:00,NODE_03,84.71,3.77,2.79,0.601,27.16,63.98,warning,-0.8200000000000074,84.38333333333334,-0.6199999999999997,4.333333333333333,-0.16000000000000014,2.776666666666666,0.16099999999999998,0.565
2026-01-03 03:17:00,NODE_03,83.73,3.18,2.88,0.647,27.46,70.2,warning,-0.9799999999999898,84.65666666666668,-0.5899999999999999,3.78,0.08999999999999986,2.873333333333333,0.04600000000000004,0.5626666666666665
2026-01-03 03:27:00,NODE_03,85.93,2.77,2.98,0.403,27.06,69.41,warning,2.200000000000003,84.79,-0.41000000000000014,3.24,0.10000000000000009,2.883333333333333,-0.244,0.5503333333333332
2026-01-03 03:37:00,NODE_03,85.88,4.35,2.76,0.446,25.6,65.54,warning,-0.05000000000001137,85.18,1.5799999999999996,3.4333333333333336,-0.2200000000000002,2.873333333333333,0.04299999999999998,0.4986666666666666
2026-01-03 03:47:00,NODE_03,86.42,4.16,2.16,0.347,27.19,72.84,warning,0.5400000000000063,86.07666666666667,-0.1899999999999995,3.7600000000000002,-0.5999999999999996,2.633333333333333,-0.09900000000000003,0.39866666666666656
2026-01-03 03:57:00,NODE_03,85.51,3.65,2.89,0.46,28.06,72.16,warning,-0.9099999999999966,85.93666666666667,-0.5100000000000002,4.053333333333334,0.73,2.603333333333333,0.11300000000000004,0.4176666666666666
2026-01-03 04:07:00,NODE_03,86.5,4.17,2.63,0.642,26.64,73.46,warning,0.9899999999999949,86.14333333333333,0.52,3.9933333333333336,-0.26000000000000023,2.5599999999999996,0.182,0.48299999999999993
2026-01-03 04:17:00,NODE_03,85.35,2.53,2.84,0.464,27.92,68.82,warning,-1.1500000000000057,85.78666666666668,-1.6400000000000001,3.4499999999999997,0.20999999999999996,2.7866666666666666,-0.178,0.5219999999999999
2026-01-03 04:27:00,NODE_03,84.53,2.45,1.97,0.516,25.73,67.87,warning,-0.8199999999999932,85.46,-0.07999999999999963,3.0500000000000003,-0.8699999999999999,2.4799999999999995,0.05199999999999999,0.5406666666666666
2026-01-03 04:37:00,NODE_03,86.85,3.44,2.43,0.521,26.0,68.27,warning,2.319999999999993,85.57666666666667,0.9899999999999998,2.8066666666666666,0.4600000000000002,2.413333333333333,0.0050000000000000044,0.5003333333333333
2026-01-03 04:47:00,NODE_03,85.96,3.1,2.56,0.334,27.87,74.11,warning,-0.8900000000000006,85.77999999999999,-0.33999999999999986,2.9966666666666666,0.1299999999999999,2.32,-0.187,0.4569999999999999
2026-01-03 04:57:00,NODE_03,86.14,3.46,2.4,0.471,26.55,69.57,warning,0.18000000000000682,86.31666666666666,0.3599999999999999,3.3333333333333335,-0.16000000000000014,2.4633333333333334,0.13699999999999996,0.44199999999999995
2026-01-03 05:07:00,NODE_03,84.3,2.59,2.5,0.401,25.22,73.24,warning,-1.8400000000000034,85.46666666666665,-0.8700000000000001,3.0500000000000003,0.10000000000000009,2.4866666666666664,-0.06999999999999995,0.4019999999999999
2026-01-03 05:17:00,NODE_03,85.61,3.1,2.12,0.517,25.68,72.48,warning,1.3100000000000023,85.35000000000001,0.5100000000000002,3.0500000000000003,-0.3799999999999999,2.3399999999999994,0.11599999999999999,0.4629999999999999
2026-01-03 05:27:00,NODE_03,85.94,2.25,1.31,0.445,25.45,68.6,warning,0.3299999999999983,85.28333333333335,-0.8500000000000001,2.6466666666666665,-0.81,1.9766666666666666,-0.07200000000000001,0.4543333333333333
2026-01-03 05:37:00,NODE_03,85.47,2.83,1.88,0.364,25.38,68.56,warning,-0.46999999999999886,85.67333333333333,0.5800000000000001,2.7266666666666666,0.5699999999999998,1.7699999999999996,-0.08100000000000002,0.44199999999999995
2026-01-03 05:47:00,NODE_03,87.08,3.49,1.38,0.327,26.11,72.43,warning,1.6099999999999994,86.16333333333334,0.6600000000000001,2.856666666666667,-0.5,1.5233333333333328,-0.03699999999999998,0.37866666666666654
2026-01-03 05:57:00,NODE_03,86.11,2.36,2.66,0.306,25.62,71.71,normal,-0.9699999999999989,86.21999999999998,-1.1300000000000003,2.893333333333333,1.2800000000000002,1.973333333333333,-0.02100000000000002,0.3323333333333332
2026-01-03 06:07:00,NODE_03,86.58,2.47,1.75,0.358,26.19,76.71,normal,0.46999999999999886,86.58999999999999,0.11000000000000032,2.7733333333333334,-0.9100000000000001,1.9299999999999997,0.05199999999999999,0.3303333333333333
2026-01-03 06:17:00,NODE_03,86.53,1.7,1.99,0.35,26.69,72.55,normal,-0.04999999999999716,86.40666666666668,-0.7700000000000002,2.1766666666666667,0.24,2.1333333333333333,-0.008000000000000007,0.3379999999999999
2026-01-03 06:27:00,NODE_03,86.83,1.86,2.41,0.351,26.16,75.95,normal,0.29999999999999716,86.64666666666666,0.16000000000000014,2.01,0.42000000000000015,2.05,0.0010000000000000009,0.3529999999999999
2026-01-03 06:37:00,NODE_03,87.13,2.66,2.16,0.365,25.29,71.76,normal,0.29999999999999716,86.83,0.8,2.0733333333333337,-0.25,2.1866666666666665,0.014000000000000012,0.3553333333333333
2026-01-03 06:47:00,NODE_03,86.76,2.11,2.33,0.368,27.26,70.46,normal,-0.36999999999999034,86.90666666666668,-0.5500000000000003,2.21,0.16999999999999993,2.3,0.0030000000000000027,0.36133333333333323
2026-01-03 06:57:00,NODE_03,88.47,2.35,1.6,0.435,25.7,72.57,normal,1.7099999999999937,87.45333333333333,0.2400000000000002,2.373333333333333,-0.73,2.03,0.067,0.38933333333333325
2026-01-03 07:07:00,NODE_03,87.39,1.8,1.84,0.327,23.91,69.13,normal,-1.0799999999999983,87.54,-0.55,2.0866666666666664,0.24,1.9233333333333331,-0.10799999999999998,0.37666666666666654
2026-01-03 07:17:00,NODE_03,86.96,2.03,0.8,0.245,28.36,67.73,normal,-0.4300000000000068,87.60666666666667,0.22999999999999976,2.06,-1.04,1.413333333333333,-0.08200000000000002,0.3356666666666666
2026-01-03 07:27:00,NODE_03,87.49,1.62,1.13,0.243,26.28,71.31,normal,0.5300000000000011,87.27999999999999,-0.4099999999999997,1.8166666666666664,0.32999999999999985,1.2566666666666664,-0.0020000000000000018,0.27166666666666656
2026-01-03 07:37:00,NODE_03,88.45,1.95,1.08,0.273,26.61,69.04,normal,0.960000000000008,87.63333333333333,0.32999999999999985,1.8666666666666665,-0.04999999999999982,1.003333333333333,0.030000000000000027,0.2536666666666666
2026-01-03 07:47:00,NODE_03,87.54,1.8,1.5,0.281,25.88,69.9,normal,-0.9099999999999966,87.82666666666667,-0.1499999999999999,1.7899999999999998,0.41999999999999993,1.2366666666666664,0.008000000000000007,0.2656666666666666
2026-01-03 07:57:00,NODE_03,80.02,6.69,4.1,1.146,28.83,70.59,critical,-7.52000000000001,85.33666666666666,4.890000000000001,3.4800000000000004,2.5999999999999996,2.226666666666666,0.8649999999999999,0.5666666666666665
2026-01-03 08:07:00,NODE_03,78.36,5.02,4.23,0.935,26.86,74.68,critical,-1.6599999999999966,81.97333333333334,-1.6700000000000008,4.503333333333334,0.13000000000000078,3.276666666666666,-0.21099999999999985,0.7873333333333332
2026-01-03 08:17:00,NODE_03,79.44,5.98,3.74,1.048,27.91,71.63,critical,1.0799999999999983,79.27333333333333,0.9600000000000009,5.896666666666667,-0.4900000000000002,4.023333333333333,0.11299999999999999,1.043
2026-01-03 08:27:00,NODE_03,83.3,5.54,3.94,0.885,28.63,73.37,critical,3.8599999999999994,80.36666666666666,-0.4400000000000004,5.513333333333333,0.19999999999999973,3.97,-0.16300000000000003,0.956
2026-01-03 08:37:00,NODE_03,83.81,8.14,5.01,0.858,27.05,72.35,critical,0.5100000000000051,82.18333333333334,2.6000000000000005,6.553333333333334,1.0699999999999998,4.2299999999999995,-0.027000000000000024,0.9303333333333333
2026-01-03 08:47:00,NODE_03,80.01,6.37,5.95,0.883,28.06,73.88,critical,-3.799999999999997,82.37333333333333,-1.7700000000000005,6.683333333333334,0.9400000000000004,4.966666666666666,0.025000000000000022,0.8753333333333333
2026-01-03 08:57:00,NODE_03,84.48,4.82,2.92,0.671,27.7,75.94,critical,4.469999999999999,82.76666666666667,-1.5499999999999998,6.443333333333334,-3.0300000000000002,4.626666666666666,-0.21199999999999997,0.8039999999999999
2026-01-03 09:07:00,NODE_03,82.86,7.33,5.71,0.983,25.93,69.49,critical,-1.6200000000000045,82.45,2.51,6.173333333333333,2.79,4.86,0.31199999999999994,0.8456666666666667
2026-01-03 09:17:00,NODE_03,82.15,7.13,5.06,0.971,24.5,71.87,critical,-0.7099999999999937,83.16333333333334,-0.20000000000000018,6.426666666666667,-0.6500000000000004,4.563333333333333,-0.01200000000000001,0.8749999999999999
2026-01-03 09:27:00,NODE_03,82.7,5.22,2.79,0.787,25.27,74.97,critical,0.5499999999999972,82.57000000000001,-1.9100000000000001,6.56,-2.2699999999999996,4.5200000000000005,-0.18399999999999994,0.9136666666666665
2026-01-03 09:37:00,NODE_03,82.91,6.72,4.17,0.995,27.64,75.7,critical,0.20999999999999375,82.58666666666667,1.5,6.3566666666666665,1.38,4.006666666666667,0.20799999999999996,0.9176666666666665
2026-01-03 09:47:00,NODE_03,84.79,5.54,4.39,0.763,26.09,75.61,critical,1.8800000000000097,83.46666666666668,-1.1799999999999997,5.826666666666667,0.21999999999999975,3.783333333333333,-0.23199999999999998,0.8483333333333333
2026-01-03 09:57:00,NODE_03,80.98,4.45,4.41,1.042,26.08,73.87,critical,-3.8100000000000023,82.89333333333333,-1.0899999999999999,5.57,0.020000000000000462,4.323333333333333,0.279,0.9333333333333332
2026-01-03 10:07:00,NODE_03,81.57,5.89,3.16,0.628,26.42,68.72,warning,0.5899999999999892,82.44666666666667,1.4399999999999995,5.293333333333333,-1.25,3.986666666666667,-0.41400000000000003,0.8109999999999999
2026-01-03 10:17:00,NODE_03,84.54,6.17,2.55,0.606,26.24,71.62,warning,2.970000000000013,82.36333333333334,0.28000000000000025,5.503333333333334,-0.6100000000000003,3.3733333333333335,-0.02200000000000002,0.7586666666666666
2026-01-03 10:27:00,NODE_03,84.62,5.42,2.97,0.894,28.6,75.93,warning,0.0799999999999983,83.57666666666667,-0.75,5.826666666666667,0.4200000000000004,2.893333333333333,0.28800000000000003,0.7093333333333333
2026-01-03 10:37:00,NODE_03,81.73,4.16,5.01,0.854,28.37,70.16,warning,-2.8900000000000006,83.63000000000001,-1.2599999999999998,5.25,2.0399999999999996,3.51,-0.040000000000000036,0.7846666666666665
2026-01-03 10:47:00,NODE_03,81.67,5.86,4.02,0.857,25.22,73.83,warning,-0.060000000000002274,82.67333333333335,1.7000000000000002,5.146666666666667,-0.9900000000000002,4.0,0.0030000000000000027,0.8683333333333332
2026-01-03 10:57:00,NODE_03,83.65,5.65,4.49,0.535,29.43,73.06,warning,1.980000000000004,82.35000000000001,-0.20999999999999996,5.223333333333334,0.47000000000000064,4.506666666666667,-0.32199999999999995,0.7486666666666665
2026-01-03 11:07:00,NODE_03,84.01,4.57,3.14,0.799,26.02,73.87,warning,0.35999999999999943,83.11,-1.08,5.36,-1.35,3.883333333333333,0.264,0.7303333333333333
2026-01-03 11:17:00,NODE_03,84.51,5.13,3.3,0.685,24.46,70.16,warning,0.5,84.05666666666667,0.5599999999999996,5.116666666666667,0.1599999999999997,3.643333333333333,-0.11399999999999999,0.673
2026-01-03 11:27:00,NODE_03,83.35,4.64,3.63,0.52,25.06,75.12,warning,-1.1600000000000108,83.95666666666666,-0.4900000000000002,4.78,0.33000000000000007,3.356666666666666,-0.16500000000000004,0.6679999999999998
2026-01-03 11:37:00,NODE_03,84.67,4.52,2.76,0.5,25.94,73.68,warning,1.3200000000000074,84.17666666666666,-0.1200000000000001,4.763333333333333,-0.8700000000000001,3.229999999999999,-0.020000000000000018,0.5683333333333332
2026-01-03 11:47:00,NODE_03,85.89,4.35,1.8,0.603,24.29,75.1,warning,1.2199999999999989,84.63666666666666,-0.16999999999999993,4.503333333333333,-0.9599999999999997,2.73,0.10299999999999998,0.5409999999999999
2026-01-03 11:57:00,NODE_03,85.84,4.93,3.85,0.587,23.44,70.24,warning,-0.04999999999999716,85.46666666666668,0.5800000000000001,4.6,2.05,2.803333333333333,-0.016000000000000014,0.5633333333333332
2026-01-03 12:07:00,NODE_03,85.38,3.75,2.34,0.553,24.89,67.89,warning,-0.46000000000000796,85.70333333333333,-1.1799999999999997,4.343333333333333,-1.5100000000000002,2.6633333333333327,-0.03399999999999992,0.581
2026-01-03 12:17:00,NODE_03,83.23,3.52,3.78,0.479,22.25,68.55,warning,-2.1499999999999915,84.81666666666668,-0.22999999999999998,4.066666666666666,1.44,3.323333333333333,-0.07400000000000007,0.5396666666666666
2026-01-03 12:27:00,NODE_03,84.99,4.17,3.97,0.454,25.79,72.59,warning,1.759999999999991,84.53333333333335,0.6499999999999999,3.813333333333333,0.1900000000000004,3.3633333333333333,-0.024999999999999967,0.49533333333333324
2026-01-03 12:37:00,NODE_03,85.95,3.76,3.13,0.599,24.27,71.26,warning,0.960000000000008,84.72333333333334,-0.41000000000000014,3.8166666666666664,-0.8400000000000003,3.6266666666666665,0.14499999999999996,0.5106666666666665
2026-01-03 12:47:00,NODE_03,84.76,4.14,3.63,0.405,27.04,74.45,warning,-1.1899999999999977,85.23333333333333,0.3799999999999999,4.023333333333333,0.5,3.5766666666666667,-0.19399999999999995,0.48599999999999993
2026-01-03 12:57:00,NODE_03,84.93,2.61,2.87,0.475,26.32,69.83,warning,0.1700000000000017,85.21333333333332,-1.5299999999999998,3.5033333333333334,-0.7599999999999998,3.2099999999999995,0.06999999999999995,0.4929999999999999
2026-01-03 13:07:00,NODE_03,84.35,3.47,2.18,0.398,26.42,71.62,warning,-0.5800000000000125,84.68,0.8600000000000003,3.4066666666666663,-0.69,2.893333333333333,-0.07699999999999996,0.4259999999999999
2026-01-03 13:17:00,NODE_03,86.57,2.7,1.71,0.414,25.68,70.19,warning,2.219999999999999,85.28333333333335,-0.77,2.926666666666667,-0.4700000000000002,2.2533333333333334,0.01599999999999996,0.4289999999999999
2026-01-03 13:27:00,NODE_03,85.99,2.93,2.75,0.395,27.96,67.02,warning,-0.5799999999999983,85.63666666666666,0.22999999999999998,3.0333333333333337,1.04,2.213333333333333,-0.01899999999999996,0.4023333333333332
2026-01-03 13:37:00,NODE_03,85.83,4.3,2.53,0.452,26.18,74.82,warning,-0.1599999999999966,86.13,1.3699999999999997,3.31,-0.2200000000000002,2.3299999999999996,0.056999999999999995,0.4203333333333332
2026-01-03 13:47:00,NODE_03,85.3,2.6,2.77,0.59,25.53,70.81,warning,-0.5300000000000011,85.70666666666666,-1.6999999999999997,3.276666666666667,0.2400000000000002,2.683333333333333,0.13799999999999996,0.4789999999999999
2026-01-03 13:57:00,NODE_03,87.08,2.5,3.42,0.45,25.61,70.26,warning,1.7800000000000011,86.07,-0.10000000000000009,3.1333333333333333,0.6499999999999999,2.9066666666666663,-0.13999999999999996,0.49733333333333324
2026-01-03 14:07:00,NODE_03,85.56,2.91,3.15,0.402,26.92,68.97,warning,-1.519999999999996,85.98,0.41000000000000014,2.67,-0.27,3.1133333333333333,-0.04799999999999999,0.4806666666666665
2026-01-03 14:17:00,NODE_03,84.72,2.9,3.36,0.455,26.29,73.86,warning,-0.8400000000000034,85.78666666666668,-0.010000000000000231,2.7699999999999996,0.20999999999999996,3.31,0.05299999999999999,0.4356666666666666
2026-01-03 14:27:00,NODE_03,85.33,3.99,2.89,0.603,26.38,73.34,warning,0.6099999999999994,85.20333333333333,1.0900000000000003,3.266666666666667,-0.46999999999999975,3.133333333333333,0.14799999999999996,0.4866666666666666
2026-01-03 14:37:00,NODE_03,85.98,3.9,2.6,0.428,26.29,73.93,warning,0.6500000000000057,85.34333333333335,-0.0900000000000003,3.5966666666666662,-0.29000000000000004,2.9499999999999997,-0.175,0.4953333333333332
2026-01-03 14:47:00,NODE_03,85.43,2.46,1.95,0.41,24.99,70.47,warning,-0.5499999999999972,85.58,-1.44,3.4499999999999997,-0.6500000000000001,2.48,-0.018000000000000016,0.4803333333333333
2026-01-03 14:57:00,NODE_03,86.4,4.04,2.4,0.495,26.1,72.04,warning,0.9699999999999989,85.93666666666667,1.58,3.4666666666666663,0.44999999999999996,2.3166666666666664,0.08500000000000002,0.44433333333333325
2026-01-03 15:07:00,NODE_03,86.49,2.68,2.72,0.566,27.47,71.62,warning,0.0899999999999892,86.10666666666667,-1.3599999999999999,3.059999999999999,0.3200000000000003,2.356666666666667,0.07099999999999995,0.49033333333333323
2026-01-03 15:17:00,NODE_03,86.23,3.78,1.47,0.363,26.49,67.5,warning,-0.2599999999999909,86.37333333333333,1.0999999999999996,3.5,-1.2500000000000002,2.1966666666666668,-0.20299999999999996,0.4746666666666665
2026-01-03 15:27:00,NODE_03,87.39,3.22,2.55,0.331,28.1,69.57,warning,1.1599999999999966,86.70333333333333,-0.5599999999999996,3.226666666666666,1.0799999999999998,2.2466666666666666,-0.03199999999999997,0.4199999999999999
2026-01-03 15:37:00,NODE_03,85.97,2.81,1.84,0.562,25.9,77.54,warning,-1.4200000000000017,86.53000000000002,-0.41000000000000014,3.2699999999999996,-0.7099999999999997,1.9533333333333331,0.23100000000000004,0.4186666666666666
2026-01-03 15:47:00,NODE_03,86.94,2.86,2.38,0.465,27.92,71.47,normal,0.9699999999999989,86.76666666666665,0.04999999999999982,2.963333333333333,0.5399999999999998,2.2566666666666664,-0.09700000000000003,0.45266666666666655
2026-01-03 15:57:00,NODE_03,87.17,2.43,2.5,0.439,24.96,75.07,normal,0.23000000000000398,86.69333333333333,-0.4299999999999997,2.6999999999999993,0.1200000000000001,2.2399999999999998,-0.026000000000000023,0.4886666666666666
2026-01-03 16:07:00,NODE_03,86.86,1.76,1.96,0.351,25.75,69.11,normal,-0.3100000000000023,86.99000000000001,-0.6700000000000002,2.349999999999999,-0.54,2.28,-0.08800000000000002,0.4183333333333332
2026-01-03 16:17:00,NODE_03,87.53,2.0,1.74,0.279,26.41,68.41,normal,0.6700000000000017,87.18666666666667,0.24,2.0633333333333326,-0.21999999999999997,2.0666666666666664,-0.07199999999999995,0.35633333333333317
2026-01-03 16:27:00,NODE_03,86.67,2.46,1.72,0.357,24.92,66.1,normal,-0.8599999999999994,87.02,0.45999999999999996,2.073333333333333,-0.020000000000000018,1.8066666666666664,0.07799999999999996,0.3289999999999999
2026-01-03 16:37:00,NODE_03,88.22,2.11,1.16,0.471,25.02,68.4,normal,1.5499999999999972,87.47333333333334,-0.3500000000000001,2.1899999999999995,-0.56,1.5399999999999998,0.11399999999999999,0.36899999999999994
2026-01-03 16:47:00,NODE_03,85.32,3.35,2.0,0.446,27.42,73.42,normal,-2.9000000000000057,86.73666666666666,1.2400000000000002,2.6399999999999992,0.8400000000000001,1.6266666666666663,-0.024999999999999967,0.4246666666666665
2026-01-03 16:57:00,NODE_03,87.3,2.15,2.12,0.3,26.5,67.67,normal,1.980000000000004,86.94666666666666,-1.2000000000000002,2.5366666666666657,0.1200000000000001,1.7599999999999998,-0.14600000000000002,0.40566666666666656
2026-01-03 17:07:00,NODE_03,87.27,2.35,1.44,0.465,27.24,66.85,normal,-0.030000000000001137,86.63,0.20000000000000018,2.6166666666666663,-0.6800000000000002,1.8533333333333328,0.16500000000000004,0.40366666666666656
2026-01-03 17:17:00,NODE_03,85.92,2.13,2.03,0.368,27.71,71.92,normal,-1.3499999999999943,86.83,-0.2200000000000002,2.2099999999999995,0.5899999999999999,1.863333333333333,-0.09700000000000003,0.3776666666666666
2026-01-03 17:27:00,NODE_03,88.27,1.85,2.19,0.398,27.29,68.96,normal,2.3499999999999943,87.15333333333332,-0.2799999999999998,2.1099999999999994,0.16000000000000014,1.886666666666666,0.030000000000000027,0.4103333333333332
2026-01-03 17:37:00,NODE_03,87.19,2.22,1.81,0.328,26.58,71.95,normal,-1.0799999999999983,87.12666666666667,0.3700000000000001,2.066666666666666,-0.3799999999999999,2.01,-0.07,0.36466666666666653
2026-01-03 17:47:00,NODE_03,87.75,1.78,2.12,0.407,26.6,69.18,normal,0.5600000000000023,87.73666666666666,-0.44000000000000017,1.9499999999999995,0.31000000000000005,2.0399999999999996,0.07899999999999996,0.3776666666666666
2026-01-03 17:57:00,NODE_03,86.69,2.74,2.45,0.401,27.73,70.0,normal,-1.0600000000000023,87.21,0.9600000000000002,2.246666666666666,0.33000000000000007,2.1266666666666665,-0.00599999999999995,0.37866666666666654
2026-01-03 18:07:00,NODE_03,87.1,2.92,2.74,0.316,28.77,65.83,normal,0.4099999999999966,87.18,0.17999999999999972,2.479999999999999,0.29000000000000004,2.436666666666666,-0.08500000000000002,0.37466666666666654
2026-01-03 18:17:00,NODE_03,86.08,2.23,2.34,0.487,25.72,69.86,warning,-1.019999999999996,86.62333333333333,-0.69,2.6299999999999994,-0.40000000000000036,2.51,0.17099999999999999,0.40133333333333326
2026-01-03 18:27:00,NODE_03,85.39,3.59,1.92,0.446,26.77,69.36,warning,-0.6899999999999977,86.19,1.3599999999999999,2.9133333333333327,-0.41999999999999993,2.3333333333333326,-0.04099999999999998,0.4163333333333332
2026-01-03 18:37:00,NODE_03,85.77,3.15,2.48,0.498,27.07,70.15,normal,0.37999999999999545,85.74666666666667,-0.43999999999999995,2.9899999999999998,0.56,2.246666666666666,0.05199999999999999,0.47699999999999987
2026-01-01 00:23:00,NODE_04,72.9,1.42,1.04,0.283,26.07,68.95,normal,0.0,72.9,0.0,1.42,0.0,1.04,0.0,0.283
2026-01-01 00:33:00,NODE_04,73.85,1.51,1.23,0.336,26.53,72.47,normal,0.9499999999999886,73.375,0.09000000000000008,1.4649999999999999,0.18999999999999995,1.135,0.05300000000000005,0.3095
2026-01-01 00:43:00,NODE_04,73.37,1.81,1.36,0.314,27.01,69.41,normal,-0.47999999999998977,73.37333333333333,0.30000000000000004,1.58,0.13000000000000012,1.21,-0.02200000000000002,0.311
2026-01-01 00:53:00,NODE_04,71.88,1.75,1.38,0.252,26.39,69.16,normal,-1.490000000000009,73.03333333333333,-0.06000000000000005,1.6900000000000002,0.019999999999999796,1.3233333333333333,-0.062,0.3006666666666667
2026-01-01 01:03:00,NODE_04,73.24,1.21,1.32,0.279,27.26,73.32,normal,1.3599999999999994,72.83,-0.54,1.59,-0.05999999999999983,1.3533333333333335,0.027000000000000024,0.2816666666666667
2026-01-01 01:13:00,NODE_04,74.11,1.47,1.34,0.311,27.56,71.1,normal,0.8700000000000045,73.07666666666667,0.26,1.4766666666666666,0.020000000000000018,1.3466666666666667,0.03199999999999997,0.2806666666666667
2026-01-01 01:23:00,NODE_04,73.57,1.83,1.26,0.231,24.86,68.1,normal,-0.5400000000000063,73.64,0.3600000000000001,1.5033333333333332,-0.08000000000000007,1.3066666666666666,-0.07999999999999999,0.27366666666666667
2026-01-01 01:33:00,NODE_04,73.77,1.34,0.84,0.206,27.2,65.45,normal,0.20000000000000284,73.81666666666666,-0.49,1.5466666666666666,-0.42000000000000004,1.1466666666666667,-0.025000000000000022,0.24933333333333332
2026-01-01 01:43:00,NODE_04,73.41,1.43,1.05,0.269,25.05,66.17,normal,-0.35999999999999943,73.58333333333333,0.08999999999999986,1.5333333333333332,0.21000000000000008,1.05,0.06300000000000003,0.2353333333333333
2026-01-01 01:53:00,NODE_04,73.7,1.67,1.08,0.292,26.26,72.5,normal,0.29000000000000625,73.62666666666667,0.24,1.4799999999999998,0.030000000000000027,0.9900000000000001,0.022999999999999965,0.25566666666666665
2026-01-01 02:03:00,NODE_04,72.64,0.87,1.35,0.157,27.18,69.26,normal,-1.0600000000000023,73.25,-0.7999999999999999,1.3233333333333335,0.27,1.1600000000000001,-0.13499999999999998,0.23933333333333331
2026-01-01 02:13:00,NODE_04,72.41,1.8,1.04,0.273,26.56,71.65,normal,-0.23000000000000398,72.91666666666667,0.93,1.4466666666666665,-0.31000000000000005,1.1566666666666667,0.11600000000000002,0.24066666666666667
2026-01-01 02:23:00,NODE_04,73.77,1.32,0.78,0.271,25.45,69.18,normal,1.3599999999999994,72.94,-0.48,1.33,-0.26,1.0566666666666666,-0.0020000000000000018,0.2336666666666667
2026-01-01 02:33:00,NODE_04,73.94,0.86,1.05,0.216,26.85,70.45,normal,0.1700000000000017,73.37333333333333,-0.4600000000000001,1.3266666666666667,0.27,0.9566666666666667,-0.05500000000000002,0.25333333333333335
2026-01-01 02:43:00,NODE_04,73.54,1.95,0.95,0.259,26.05,73.16,normal,-0.3999999999999915,73.75,1.0899999999999999,1.3766666666666667,-0.10000000000000009,0.9266666666666667,0.04300000000000001,0.24866666666666667
2026-01-01 02:53:00,NODE_04,73.88,1.27,1.4,0.267,26.3,71.04,normal,0.3399999999999892,73.78666666666668,-0.6799999999999999,1.36,0.44999999999999996,1.133333333333333,0.008000000000000007,0.24733333333333332
2026-01-01 03:03:00,NODE_04,73.81,1.24,1.19,0.217,26.48,69.09,normal,-0.06999999999999318,73.74333333333334,-0.030000000000000027,1.4866666666666666,-0.20999999999999996,1.18,-0.05000000000000002,0.24766666666666667
2026-01-01 03:13:00,NODE_04,74.17,1.12,0.88,0.224,26.07,72.12,normal,0.35999999999999943,73.95333333333333,-0.11999999999999988,1.21,-0.30999999999999994,1.1566666666666665,0.007000000000000006,0.236
2026-01-01 03:23:00,NODE_04,73.13,1.75,1.29,0.286,26.08,70.18,normal,-1.0400000000000063,73.70333333333333,0.6299999999999999,1.37,0.41000000000000003,1.12,0.06199999999999997,0.24233333333333332
2026-01-01 03:33:00,NODE_04,73.24,2.08,1.51,0.328,27.55,70.16,normal,0.10999999999999943,73.51333333333334,0.33000000000000007,1.6500000000000001,0.21999999999999997,1.2266666666666666,0.04200000000000004,0.2793333333333334
2026-01-01 03:43:00,NODE_04,72.88,1.93,1.42,0.388,26.37,64.7,normal,-0.35999999999999943,73.08333333333333,-0.15000000000000013,1.92,-0.09000000000000008,1.4066666666666665,0.06,0.334
2026-01-01 03:53:00,NODE_04,73.84,1.75,1.57,0.37,26.54,69.13,normal,0.960000000000008,73.32,-0.17999999999999994,1.92,0.15000000000000013,1.5,-0.018000000000000016,0.36200000000000004
2026-01-01 04:03:00,NODE_04,72.34,1.5,1.43,0.245,24.52,72.13,normal,-1.5,73.02,-0.25,1.7266666666666666,-0.14000000000000012,1.4733333333333334,-0.125,0.3343333333333333
2026-01-01 04:13:00,NODE_04,72.2,1.73,0.84,0.362,26.57,70.99,normal,-0.14000000000000057,72.79333333333334,0.22999999999999998,1.6600000000000001,-0.59,1.28,0.11699999999999999,0.3256666666666667
2026-01-01 04:23:00,NODE_04,73.48,2.47,0.87,0.313,24.67,73.26,normal,1.2800000000000011,72.67333333333335,0.7400000000000002,1.9000000000000001,0.030000000000000027,1.0466666666666666,-0.04899999999999999,0.30666666666666664
2026-01-01 04:33:00,NODE_04,73.78,1.87,0.78,0.268,26.58,70.34,normal,0.29999999999999716,73.15333333333332,-0.6000000000000001,2.0233333333333334,-0.08999999999999997,0.8300000000000001,-0.044999999999999984,0.31433333333333335
2026-01-01 04:43:00,NODE_04,73.25,1.47,0.98,0.327,25.12,71.56,normal,-0.5300000000000011,73.50333333333333,-0.40000000000000013,1.9366666666666665,0.19999999999999996,0.8766666666666666,0.059,0.30266666666666664
2026-01-01 04:53:00,NODE_04,73.34,1.76,1.51,0.217,26.06,71.71,normal,0.09000000000000341,73.45666666666666,0.29000000000000004,1.7,0.53,1.09,-0.11000000000000001,0.27066666666666667
2026-01-01 05:03:00,NODE_04,73.47,2.16,1.3,0.351,28.25,71.21,normal,0.12999999999999545,73.35333333333334,0.40000000000000013,1.7966666666666669,-0.20999999999999996,1.2633333333333334,0.13399999999999998,0.29833333333333334
2026-01-01 05:13:00,NODE_04,72.58,1.49,1.04,0.285,23.08,71.75,normal,-0.8900000000000006,73.13000000000001,-0.6700000000000002,1.8033333333333335,-0.26,1.2833333333333332,-0.066,0.2843333333333333
2026-01-01 05:23:00,NODE_04,72.95,2.12,0.8,0.312,25.16,67.26,normal,0.37000000000000455,73.0,0.6300000000000001,1.9233333333333331,-0.24,1.0466666666666666,0.027000000000000024,0.316
2026-01-01 05:33:00,NODE_04,73.0,2.02,1.23,0.27,25.88,71.5,normal,0.04999999999999716,72.84333333333332,-0.10000000000000009,1.8766666666666667,0.42999999999999994,1.0233333333333334,-0.04199999999999998,0.289
2026-01-01 05:43:00,NODE_04,72.94,2.34,1.64,0.279,26.62,67.78,normal,-0.060000000000002274,72.96333333333332,0.31999999999999984,2.1599999999999997,0.4099999999999999,1.2233333333333334,0.009000000000000008,0.28700000000000003
2026-01-01 05:53:00,NODE_04,73.64,2.42,1.66,0.329,27.32,68.74,normal,0.7000000000000028,73.19333333333334,0.08000000000000007,2.26,0.020000000000000018,1.51,0.04999999999999999,0.2926666666666667
2026-01-01 06:03:00,NODE_04,73.26,2.25,1.56,0.231,28.94,75.09,normal,-0.37999999999999545,73.27999999999999,-0.16999999999999993,2.3366666666666664,-0.09999999999999987,1.6199999999999999,-0.098,0.2796666666666667
2026-01-01 06:13:00,NODE_04,72.36,1.83,0.9,0.299,26.83,64.94,normal,-0.9000000000000057,73.08666666666666,-0.41999999999999993,2.1666666666666665,-0.66,1.3733333333333333,0.06799999999999998,0.28633333333333333
2026-01-01 06:23:00,NODE_04,72.84,1.88,0.88,0.251,28.01,70.36,normal,0.480000000000004,72.82000000000001,0.04999999999999982,1.9866666666666666,-0.020000000000000018,1.1133333333333333,-0.04799999999999999,0.26033333333333336
2026-01-01 06:33:00,NODE_04,73.38,2.29,2.19,0.357,23.91,68.12,normal,0.539999999999992,72.86,0.41000000000000014,2.0,1.31,1.3233333333333333,0.10599999999999998,0.3023333333333333
2026-01-01 06:43:00,NODE_04,72.76,1.75,1.47,0.327,27.28,64.57,normal,-0.6199999999999903,72.99333333333334,-0.54,1.9733333333333334,-0.72,1.5133333333333334,-0.02999999999999997,0.3116666666666667
2026-01-01 06:53:00,NODE_04,71.7,2.03,1.81,0.279,26.03,72.07,normal,-1.0600000000000023,72.61333333333333,0.2799999999999998,2.023333333333333,0.3400000000000001,1.8233333333333335,-0.04799999999999999,0.321
2026-01-01 07:03:00,NODE_04,73.13,1.78,1.97,0.276,28.48,65.02,normal,1.4299999999999926,72.53,-0.24999999999999978,1.8533333333333333,0.15999999999999992,1.75,-0.0030000000000000027,0.29400000000000004
2026-01-01 07:13:00,NODE_04,72.63,1.92,1.29,0.418,27.32,66.58,normal,-0.5,72.48666666666666,0.1399999999999999,1.91,-0.6799999999999999,1.6900000000000002,0.14199999999999996,0.32433333333333336
2026-01-01 07:23:00,NODE_04,72.86,1.46,2.0,0.29,26.42,69.79,normal,0.23000000000000398,72.87333333333333,-0.45999999999999996,1.7199999999999998,0.71,1.7533333333333332,-0.128,0.328
2026-01-01 07:33:00,NODE_04,72.16,1.41,2.04,0.259,25.58,74.05,normal,-0.7000000000000028,72.55,-0.050000000000000044,1.5966666666666665,0.040000000000000036,1.7766666666666666,-0.030999999999999972,0.3223333333333333
2026-01-01 07:43:00,NODE_04,73.25,1.88,1.34,0.21,26.86,70.82,normal,1.0900000000000034,72.75666666666666,0.47,1.583333333333333,-0.7,1.7933333333333332,-0.049000000000000016,0.253
2026-01-01 07:53:00,NODE_04,73.47,2.23,1.7,0.307,25.54,65.74,normal,0.21999999999999886,72.96,0.3500000000000001,1.8399999999999999,0.3599999999999999,1.6933333333333334,0.097,0.25866666666666666
2026-01-01 08:03:00,NODE_04,72.65,1.82,1.25,0.341,27.51,65.8,normal,-0.8199999999999932,73.12333333333333,-0.4099999999999999,1.9766666666666663,-0.44999999999999996,1.43,0.03400000000000003,0.286
2026-01-01 08:13:00,NODE_04,73.12,2.03,1.53,0.344,25.64,66.37,normal,0.46999999999999886,73.08,0.20999999999999974,2.0266666666666664,0.28,1.4933333333333334,0.002999999999999947,0.33066666666666666
2026-01-01 08:23:00,NODE_04,73.71,1.99,1.5,0.297,24.91,72.22,normal,0.5899999999999892,73.16,-0.039999999999999813,1.9466666666666665,-0.030000000000000027,1.4266666666666667,-0.046999999999999986,0.3273333333333333
2026-01-01 08:33:00,NODE_04,72.3,1.78,1.37,0.289,27.44,74.06,normal,-1.4099999999999966,73.04333333333334,-0.20999999999999996,1.933333333333333,-0.1299999999999999,1.4666666666666668,-0.008000000000000007,0.31
2026-01-01 08:43:00,NODE_04,74.27,1.53,1.11,0.273,27.19,69.54,normal,1.9699999999999989,73.42666666666666,-0.25,1.7666666666666666,-0.26,1.3266666666666667,-0.01599999999999996,0.2863333333333333
2026-01-01 08:53:00,NODE_04,73.47,2.39,1.76,0.224,26.4,72.8,normal,-0.7999999999999972,73.34666666666666,0.8600000000000001,1.9000000000000001,0.6499999999999999,1.4133333333333333,-0.049000000000000016,0.26199999999999996
2026-01-01 09:03:00,NODE_04,73.4,1.75,1.49,0.225,26.92,68.5,normal,-0.06999999999999318,73.71333333333334,-0.6400000000000001,1.89,-0.27,1.4533333333333334,0.0010000000000000009,0.24066666666666667
2026-01-01 09:13:00,NODE_04,73.02,2.01,0.91,0.253,27.07,69.59,normal,-0.38000000000000966,73.29666666666667,0.2599999999999998,2.0500000000000003,-0.58,1.3866666666666667,0.027999999999999997,0.23399999999999999
2026-01-01 09:23:00,NODE_04,72.1,2.01,1.96,0.346,24.12,67.22,normal,-0.9200000000000017,72.83999999999999,0.0,1.9233333333333331,1.0499999999999998,1.4533333333333334,0.09299999999999997,0.27466666666666667
2026-01-01 09:33:00,NODE_04,72.45,2.18,1.33,0.329,26.38,69.27,normal,0.3500000000000085,72.52333333333333,0.17000000000000037,2.066666666666667,-0.6299999999999999,1.4000000000000001,-0.01699999999999996,0.3093333333333333
2026-01-01 09:43:00,NODE_04,72.32,2.61,1.36,0.262,25.93,71.51,normal,-0.13000000000000966,72.29,0.4299999999999997,2.266666666666667,0.030000000000000027,1.55,-0.067,0.3123333333333333
2026-01-01 09:53:00,NODE_04,71.78,1.88,1.24,0.318,25.02,69.79,normal,-0.539999999999992,72.18333333333332,-0.73,2.223333333333333,-0.1200000000000001,1.31,0.055999999999999994,0.303
2026-01-01 10:03:00,NODE_04,71.36,2.54,1.21,0.302,25.72,66.83,normal,-0.4200000000000017,71.82,0.6600000000000001,2.3433333333333337,-0.030000000000000027,1.27,-0.016000000000000014,0.294
2026-01-01 10:13:00,NODE_04,71.92,1.46,2.0,0.317,24.89,72.25,normal,0.5600000000000023,71.68666666666667,-1.08,1.9600000000000002,0.79,1.4833333333333334,0.015000000000000013,0.3123333333333333
2026-01-01 10:23:00,NODE_04,73.24,1.7,1.15,0.314,26.61,72.57,normal,1.3199999999999932,72.17333333333333,0.24,1.9000000000000001,-0.8500000000000001,1.4533333333333331,-0.0030000000000000027,0.311
2026-01-01 10:33:00,NODE_04,73.57,1.92,2.01,0.35,25.01,68.08,normal,0.3299999999999983,72.90999999999998,0.21999999999999997,1.6933333333333334,0.8599999999999999,1.72,0.035999999999999976,0.32699999999999996
2026-01-01 10:43:00,NODE_04,72.22,1.74,1.42,0.365,22.63,72.65,normal,-1.3499999999999943,73.00999999999999,-0.17999999999999994,1.7866666666666668,-0.5899999999999999,1.5266666666666666,0.015000000000000013,0.34299999999999997
2026-01-01 10:53:00,NODE_04,72.92,2.37,1.82,0.396,25.74,71.16,normal,0.7000000000000028,72.90333333333332,0.6300000000000001,2.0100000000000002,0.40000000000000013,1.75,0.031000000000000028,0.37033333333333335
2026-01-01 11:03:00,NODE_04,72.43,1.91,1.58,0.418,24.79,73.82,normal,-0.4899999999999949,72.52333333333333,-0.4600000000000002,2.006666666666667,-0.24,1.6066666666666667,0.021999999999999964,0.39299999999999996
2026-01-01 11:13:00,NODE_04,73.75,1.6,1.51,0.231,25.61,68.73,normal,1.3199999999999932,73.03333333333335,-0.30999999999999983,1.9600000000000002,-0.07000000000000006,1.6366666666666667,-0.18699999999999997,0.34833333333333333
2026-01-01 11:23:00,NODE_04,72.96,1.51,1.28,0.271,26.37,70.84,normal,-0.7900000000000063,73.04666666666667,-0.09000000000000008,1.6733333333333336,-0.22999999999999998,1.4566666666666668,0.04000000000000001,0.30666666666666664
2026-01-01 11:33:00,NODE_04,73.62,1.3,1.44,0.224,26.88,62.75,normal,0.6600000000000108,73.44333333333333,-0.20999999999999996,1.47,0.15999999999999992,1.41,-0.047000000000000014,0.242
2026-01-01 11:43:00,NODE_04,72.45,1.95,1.42,0.26,26.2,74.89,normal,-1.1700000000000017,73.01,0.6499999999999999,1.586666666666667,-0.020000000000000018,1.38,0.036000000000000004,0.25166666666666665
2026-01-01 11:53:00,NODE_04,72.94,2.22,2.17,0.219,27.04,72.56,normal,0.4899999999999949,73.00333333333333,0.27000000000000024,1.8233333333333335,0.75,1.6766666666666665,-0.04100000000000001,0.23433333333333328
2026-01-01 12:03:00,NODE_04,72.96,2.04,1.15,0.27,26.93,71.2,normal,0.01999999999999602,72.78333333333332,-0.18000000000000016,2.0700000000000003,-1.02,1.58,0.05100000000000002,0.24966666666666662
2026-01-01 12:13:00,NODE_04,72.93,1.85,1.55,0.276,24.45,71.01,normal,-0.029999999999986926,72.94333333333333,-0.18999999999999995,2.036666666666667,0.40000000000000013,1.6233333333333333,0.006000000000000005,0.25499999999999995
2026-01-01 12:23:00,NODE_04,72.61,2.5,1.75,0.316,25.84,62.72,normal,-0.3200000000000074,72.83333333333333,0.6499999999999999,2.1300000000000003,0.19999999999999996,1.4833333333333334,0.03999999999999998,0.2873333333333333
2026-01-01 12:33:00,NODE_04,72.4,2.66,1.42,0.367,25.81,68.7,normal,-0.20999999999999375,72.64666666666668,0.16000000000000014,2.336666666666667,-0.33000000000000007,1.5733333333333333,0.05099999999999999,0.3196666666666666
2026-01-01 12:43:00,NODE_04,73.11,2.21,1.61,0.319,26.06,74.05,normal,0.7099999999999937,72.70666666666666,-0.4500000000000002,2.4566666666666666,0.19000000000000017,1.5933333333333335,-0.04799999999999999,0.3339999999999999
2026-01-01 12:53:00,NODE_04,72.21,2.52,1.3,0.362,27.25,72.9,normal,-0.9000000000000057,72.57333333333334,0.31000000000000005,2.4633333333333334,-0.31000000000000005,1.4433333333333334,0.04299999999999998,0.3493333333333333
2026-01-01 13:03:00,NODE_04,71.78,1.88,1.17,0.287,26.21,71.32,normal,-0.4299999999999926,72.36666666666666,-0.6400000000000001,2.2033333333333336,-0.13000000000000012,1.36,-0.07500000000000001,0.3226666666666666
2026-01-01 13:13:00,NODE_04,73.29,2.26,1.59,0.316,26.31,72.65,normal,1.5100000000000051,72.42666666666668,0.3799999999999999,2.22,0.42000000000000015,1.3533333333333335,0.029000000000000026,0.3216666666666666
2026-01-01 13:23:00,NODE_04,73.24,1.66,1.16,0.266,26.93,71.57,normal,-0.05000000000001137,72.77,-0.5999999999999999,1.9333333333333333,-0.43000000000000016,1.3066666666666666,-0.04999999999999999,0.28966666666666663
2026-01-01 13:33:00,NODE_04,74.27,2.01,2.02,0.291,26.54,68.12,normal,1.0300000000000011,73.60000000000001,0.34999999999999987,1.9766666666666666,0.8600000000000001,1.59,0.024999999999999967,0.2909999999999999
2026-01-01 13:43:00,NODE_04,73.36,1.31,0.94,0.246,26.51,73.75,normal,-0.9099999999999966,73.62333333333332,-0.6999999999999997,1.6600000000000001,-1.08,1.3733333333333333,-0.044999999999999984,0.26766666666666666
2026-01-01 13:53:00,NODE_04,73.73,1.62,1.19,0.215,26.67,66.14,normal,0.37000000000000455,73.78666666666668,0.31000000000000005,1.6466666666666665,0.25,1.3833333333333335,-0.031,0.25066666666666665
2026-01-01 14:03:00,NODE_04,73.71,1.49,0.75,0.185,27.93,75.82,normal,-0.020000000000010232,73.60000000000001,-0.13000000000000012,1.4733333333333334,-0.43999999999999995,0.9600000000000001,-0.03,0.2153333333333333
2026-01-01 14:13:00,NODE_04,74.03,1.45,1.49,0.293,27.04,68.15,normal,0.3200000000000074,73.82333333333334,-0.040000000000000036,1.5200000000000002,0.74,1.1433333333333335,0.10799999999999998,0.23099999999999996
2026-01-01 14:23:00,NODE_04,72.44,1.54,0.75,0.21,26.91,70.06,normal,-1.5900000000000034,73.39333333333333,0.09000000000000008,1.4933333333333334,-0.74,0.9966666666666667,-0.08299999999999999,0.22933333333333328
2026-01-01 14:33:00,NODE_04,72.44,1.27,0.76,0.251,26.46,63.39,normal,0.0,72.97,-0.27,1.42,0.010000000000000009,1.0000000000000002,0.04100000000000001,0.25133333333333324
2026-01-01 14:43:00,NODE_04,73.2,1.62,1.15,0.175,26.35,71.55,normal,0.7600000000000051,72.69333333333333,0.3500000000000001,1.4766666666666666,0.3899999999999999,0.8866666666666667,-0.07600000000000001,0.21199999999999997
2026-01-01 14:53:00,NODE_04,73.55,1.12,1.19,0.256,26.25,72.74,normal,0.3499999999999943,73.06333333333333,-0.5,1.3366666666666667,0.040000000000000036,1.0333333333333334,0.08100000000000002,0.2273333333333333
2026-01-01 15:03:00,NODE_04,73.2,1.9,1.67,0.3,27.93,67.18,normal,-0.3499999999999943,73.31666666666666,0.7799999999999998,1.5466666666666669,0.48,1.336666666666667,0.043999999999999984,0.24366666666666661
2026-01-01 15:13:00,NODE_04,73.21,1.68,0.81,0.285,25.3,71.01,normal,0.009999999999990905,73.32000000000001,-0.21999999999999997,1.5666666666666667,-0.8599999999999999,1.2233333333333334,-0.015000000000000013,0.28033333333333327
2026-01-01 15:23:00,NODE_04,72.41,1.49,1.32,0.291,26.57,69.22,normal,-0.7999999999999972,72.94,-0.18999999999999995,1.6900000000000002,0.51,1.2666666666666668,0.006000000000000005,0.2919999999999999
2026-01-01 15:33:00,NODE_04,73.21,1.63,1.03,0.274,27.74,78.55,normal,0.7999999999999972,72.94333333333333,0.1399999999999999,1.5999999999999999,-0.29000000000000004,1.0533333333333337,-0.01699999999999996,0.28333333333333327
2026-01-01 15:43:00,NODE_04,72.63,1.95,1.69,0.191,25.11,66.34,normal,-0.5799999999999983,72.75,0.32000000000000006,1.6900000000000002,0.6599999999999999,1.3466666666666667,-0.08300000000000002,0.252
2026-01-01 15:53:00,NODE_04,73.23,1.72,0.93,0.313,26.49,72.42,normal,0.6000000000000085,73.02333333333333,-0.22999999999999998,1.7666666666666666,-0.7599999999999999,1.2166666666666668,0.122,0.2593333333333333
2026-01-01 16:03:00,NODE_04,73.72,0.84,0.73,0.173,24.33,70.59,normal,0.4899999999999949,73.19333333333334,-0.88,1.5033333333333332,-0.20000000000000007,1.1166666666666667,-0.14,0.2256666666666666
2026-01-01 16:13:00,NODE_04,74.16,1.69,1.1,0.171,24.96,66.88,normal,0.4399999999999977,73.70333333333333,0.85,1.4166666666666667,0.3700000000000001,0.9200000000000003,-0.001999999999999974,0.21899999999999997
2026-01-01 16:23:00,NODE_04,74.11,1.41,0.57,0.249,27.83,70.32,normal,-0.04999999999999716,73.99666666666667,-0.28,1.3133333333333332,-0.5300000000000001,0.8000000000000002,0.07799999999999999,0.19766666666666663
2026-01-01 16:33:00,NODE_04,74.34,1.28,0.9,0.167,26.38,68.3,normal,0.23000000000000398,74.20333333333333,-0.1299999999999999,1.46,0.33000000000000007,0.8566666666666668,-0.08199999999999999,0.19566666666666666
2026-01-01 16:43:00,NODE_04,73.83,1.16,0.28,0.233,25.88,71.74,normal,-0.5100000000000051,74.09333333333333,-0.1200000000000001,1.2833333333333332,-0.62,0.5833333333333334,0.066,0.2163333333333333
2026-01-01 16:53:00,NODE_04,74.62,0.73,0.48,0.184,26.18,74.01,normal,0.7900000000000063,74.26333333333334,-0.42999999999999994,1.0566666666666666,0.19999999999999996,0.5533333333333333,-0.049000000000000016,0.19466666666666663
2026-01-01 17:03:00,NODE_04,73.74,1.42,1.03,0.205,24.94,74.33,normal,-0.8800000000000097,74.06333333333333,0.69,1.1033333333333333,0.55,0.5966666666666668,0.02099999999999999,0.2073333333333333
2026-01-01 17:13:00,NODE_04,74.65,1.42,0.72,0.239,24.52,66.32,normal,0.9100000000000108,74.33666666666666,0.0,1.1899999999999997,-0.31000000000000005,0.7433333333333335,0.034,0.2093333333333333
2026-01-01 17:23:00,NODE_04,73.62,1.42,1.23,0.13,24.64,72.23,normal,-1.0300000000000011,74.00333333333333,0.0,1.42,0.51,0.9933333333333335,-0.10899999999999999,0.19133333333333327
2026-01-01 17:33:00,NODE_04,73.25,1.37,0.81,0.205,25.94,72.72,normal,-0.37000000000000455,73.83999999999999,-0.04999999999999982,1.4033333333333333,-0.41999999999999993,0.92,0.07499999999999998,0.19133333333333327
2026-01-01 17:43:00,NODE_04,73.26,1.06,0.97,0.229,25.03,69.41,normal,0.010000000000005116,73.37666666666668,-0.31000000000000005,1.2833333333333334,0.15999999999999992,1.0033333333333332,0.02400000000000002,0.18799999999999994
2026-01-01 17:53:00,NODE_04,74.1,1.66,1.25,0.223,23.66,66.45,normal,0.8399999999999892,73.53666666666666,0.5999999999999999,1.3633333333333333,0.28,1.01,-0.006000000000000005,0.21899999999999997
2026-01-01 18:03:00,NODE_04,73.76,1.5,1.01,0.245,24.89,72.04,normal,-0.3399999999999892,73.70666666666666,-0.15999999999999992,1.406666666666667,-0.24,1.0766666666666669,0.021999999999999992,0.2323333333333333
2026-01-01 18:13:00,NODE_04,73.74,1.51,0.76,0.252,27.35,71.59,normal,-0.020000000000010232,73.86666666666666,0.010000000000000009,1.5566666666666666,-0.25,1.0066666666666668,0.007000000000000006,0.24
2026-01-01 18:23:00,NODE_04,73.78,1.29,1.21,0.337,26.12,73.89,normal,0.04000000000000625,73.76,-0.21999999999999997,1.4333333333333333,0.44999999999999996,0.9933333333333335,0.08500000000000002,0.27799999999999997
2026-01-01 18:33:00,NODE_04,73.61,2.07,1.06,0.221,27.02,70.67,normal,-0.1700000000000017,73.71,0.7799999999999998,1.6233333333333333,-0.1499999999999999,1.01,-0.11600000000000002,0.26999999999999996
2026-01-01 18:43:00,NODE_04,73.61,1.42,1.81,0.211,26.66,73.61,normal,0.0,73.66666666666667,-0.6499999999999999,1.5933333333333335,0.75,1.36,-0.010000000000000009,0.2563333333333333
2026-01-01 18:53:00,NODE_04,74.45,2.16,1.37,0.287,25.16,71.13,normal,0.8400000000000034,73.89,0.7400000000000002,1.8833333333333335,-0.43999999999999995,1.4133333333333333,0.07599999999999998,0.2396666666666666
2026-01-01 19:03:00,NODE_04,72.44,1.76,1.64,0.393,27.19,71.69,normal,-2.010000000000005,73.5,-0.40000000000000013,1.78,0.2699999999999998,1.6066666666666667,0.10600000000000004,0.297
2026-01-01 19:13:00,NODE_04,73.18,1.52,0.67,0.26,25.69,73.12,normal,0.7400000000000091,73.35666666666667,-0.24,1.8133333333333335,-0.9699999999999999,1.2266666666666668,-0.133,0.3133333333333333
2026-01-01 19:23:00,NODE_04,74.35,1.85,1.12,0.258,27.16,63.49,normal,1.1699999999999875,73.32333333333334,0.33000000000000007,1.71,0.45000000000000007,1.1433333333333335,-0.0020000000000000018,0.3036666666666667
2026-01-01 19:33:00,NODE_04,72.91,1.2,1.42,0.252,28.85,70.51,normal,-1.4399999999999977,73.48,-0.6500000000000001,1.5233333333333334,0.2999999999999998,1.07,-0.006000000000000005,0.25666666666666665
2026-01-01 19:43:00,NODE_04,74.4,1.4,0.99,0.24,26.85,68.57,normal,1.490000000000009,73.88666666666667,0.19999999999999996,1.4833333333333332,-0.42999999999999994,1.1766666666666667,-0.01200000000000001,0.25
2026-01-01 19:53:00,NODE_04,74.03,1.68,1.18,0.273,25.76,71.95,normal,-0.37000000000000455,73.77999999999999,0.28,1.4266666666666667,0.18999999999999995,1.1966666666666668,0.03300000000000003,0.25499999999999995
2026-01-01 20:03:00,NODE_04,74.1,0.97,1.04,0.218,25.91,67.31,normal,0.06999999999999318,74.17666666666668,-0.71,1.3499999999999999,-0.1399999999999999,1.07,-0.05500000000000002,0.24366666666666667
2026-01-01 20:13:00,NODE_04,74.44,1.43,0.94,0.262,27.32,74.05,normal,0.3400000000000034,74.19,0.45999999999999996,1.36,-0.10000000000000009,1.0533333333333335,0.04400000000000001,0.251
2026-01-01 20:23:00,NODE_04,74.08,1.71,1.33,0.176,26.47,72.48,normal,-0.35999999999999943,74.20666666666666,0.28,1.37,0.3900000000000001,1.1033333333333335,-0.08600000000000002,0.21866666666666665
2026-01-01 20:33:00,NODE_04,74.26,1.92,1.02,0.336,25.17,68.88,normal,0.18000000000000682,74.25999999999999,0.20999999999999996,1.6866666666666665,-0.31000000000000005,1.096666666666667,0.16000000000000003,0.258
2026-01-01 20:43:00,NODE_04,74.22,1.37,1.19,0.199,27.68,68.33,normal,-0.04000000000000625,74.18666666666667,-0.5499999999999998,1.6666666666666667,0.16999999999999993,1.1800000000000002,-0.137,0.23700000000000002
2026-01-01 20:53:00,NODE_04,73.25,0.92,0.84,0.166,25.8,72.14,normal,-0.9699999999999989,73.91000000000001,-0.45000000000000007,1.4033333333333333,-0.35,1.0166666666666668,-0.033,0.2336666666666667
2026-01-01 21:03:00,NODE_04,73.49,1.36,1.34,0.229,26.08,65.73,normal,0.23999999999999488,73.65333333333334,0.44000000000000006,1.2166666666666668,0.5000000000000001,1.1233333333333335,0.063,0.19800000000000004
2026-01-01 21:13:00,NODE_04,73.53,1.23,0.37,0.187,27.06,73.81,normal,0.04000000000000625,73.42333333333333,-0.13000000000000012,1.1700000000000002,-0.9700000000000001,0.8500000000000002,-0.04200000000000001,0.19400000000000003
2026-01-01 21:23:00,NODE_04,74.35,1.23,1.2,0.149,26.61,72.37,normal,0.8199999999999932,73.78999999999999,0.0,1.2733333333333332,0.83,0.9700000000000002,-0.038000000000000006,0.18833333333333332
2026-01-01 21:33:00,NODE_04,74.52,0.94,0.49,0.138,25.81,70.7,normal,0.1700000000000017,74.13333333333333,-0.29000000000000004,1.1333333333333333,-0.71,0.6866666666666669,-0.010999999999999982,0.158
2026-01-01 21:43:00,NODE_04,74.67,0.25,0.4,0.108,27.68,67.78,normal,0.15000000000000568,74.51333333333334,-0.69,0.8066666666666666,-0.08999999999999997,0.6966666666666668,-0.030000000000000013,0.13166666666666668
2026-01-01 21:53:00,NODE_04,74.88,1.06,0.65,0.172,25.84,69.45,normal,0.20999999999999375,74.69,0.81,0.75,0.25,0.5133333333333335,0.06399999999999999,0.13933333333333334
2026-01-01 22:03:00,NODE_04,73.81,0.98,0.88,0.144,23.65,68.73,normal,-1.0699999999999932,74.45333333333333,-0.08000000000000007,0.7633333333333333,0.22999999999999998,0.6433333333333335,-0.027999999999999997,0.14133333333333334
2026-01-01 22:13:00,NODE_04,73.97,1.04,0.52,0.203,26.64,70.3,normal,0.1599999999999966,74.22,0.06000000000000005,1.0266666666666666,-0.36,0.6833333333333336,0.059000000000000025,0.17300000000000001
2026-01-01 22:23:00,NODE_04,74.21,0.73,0.13,0.146,24.66,72.47,normal,0.23999999999999488,73.99666666666667,-0.31000000000000005,0.9166666666666666,-0.39,0.5100000000000001,-0.05700000000000002,0.16433333333333333
2026-01-01 22:33:00,NODE_04,74.71,1.26,0.25,0.128,24.65,75.8,normal,0.5,74.29666666666667,0.53,1.01,0.12,0.30000000000000016,-0.017999999999999988,0.159
2026-01-01 22:43:00,NODE_04,74.42,0.4,0.64,0.221,26.59,69.65,normal,-0.28999999999999204,74.44666666666666,-0.86,0.7966666666666667,0.39,0.34000000000000014,0.093,0.165
2026-01-01 22:53:00,NODE_04,74.51,0.67,0.39,0.14,24.67,73.69,normal,0.09000000000000341,74.54666666666667,0.27,0.7766666666666667,-0.25,0.4266666666666668,-0.08099999999999999,0.163
2026-01-01 23:03:00,NODE_04,75.26,0.94,0.54,0.1,27.46,71.71,normal,0.75,74.73,0.2699999999999999,0.6699999999999999,0.15000000000000002,0.5233333333333335,-0.04000000000000001,0.1536666666666667
2026-01-01 23:13:00,NODE_04,74.17,0.97,0.56,0.199,27.58,67.59,normal,-1.0900000000000034,74.64666666666666,0.030000000000000027,0.86,0.020000000000000018,0.49666666666666687,0.099,0.14633333333333334
2026-01-01 23:23:00,NODE_04,74.49,0.52,0.4,0.097,25.98,67.74,normal,0.3199999999999932,74.64,-0.44999999999999996,0.8099999999999999,-0.16000000000000003,0.5000000000000001,-0.10200000000000001,0.132
2026-01-01 23:33:00,NODE_04,74.78,1.17,0.48,0.253,26.1,69.13,normal,0.29000000000000625,74.48,0.6499999999999999,0.8866666666666667,0.07999999999999996,0.48000000000000015,0.156,0.18300000000000002
2026-01-01 23:43:00,NODE_04,74.53,1.15,1.02,0.136,26.28,71.38,normal,-0.25,74.60000000000001,-0.020000000000000018,0.9466666666666667,0.54,0.6333333333333334,-0.11699999999999999,0.162
2026-01-01 23:53:00,NODE_04,74.21,1.31,1.34,0.231,25.1,74.44,normal,-0.3200000000000074,74.50666666666666,0.16000000000000014,1.21,0.32000000000000006,0.9466666666666669,0.095,0.20666666666666667
2026-01-02 00:03:00,NODE_04,74.07,1.05,0.83,0.298,26.56,75.41,normal,-0.14000000000000057,74.27,-0.26,1.17,-0.5100000000000001,1.0633333333333335,0.06699999999999998,0.22166666666666668
2026-01-02 00:13:00,NODE_04,74.09,1.11,0.93,0.164,26.79,72.19,normal,0.020000000000010232,74.12333333333332,0.06000000000000005,1.1566666666666667,0.10000000000000009,1.0333333333333334,-0.13399999999999998,0.231
2026-01-02 00:23:00,NODE_04,74.12,1.28,1.03,0.169,26.07,66.43,normal,0.030000000000001137,74.09333333333333,0.16999999999999993,1.1466666666666667,0.09999999999999998,0.9300000000000002,0.0050000000000000044,0.21033333333333334
2026-01-02 00:33:00,NODE_04,74.13,1.28,0.74,0.183,27.65,72.02,normal,0.009999999999990905,74.11333333333333,0.0,1.2233333333333334,-0.29000000000000004,0.9,0.013999999999999985,0.17200000000000001
2026-01-02 00:43:00,NODE_04,74.23,0.92,1.35,0.22,25.88,70.75,normal,0.10000000000000853,74.16000000000001,-0.36,1.16,0.6100000000000001,1.0400000000000003,0.037000000000000005,0.19066666666666665
2026-01-02 00:53:00,NODE_04,73.73,0.66,1.19,0.171,25.99,70.69,normal,-0.5,74.03,-0.26,0.9533333333333335,-0.16000000000000014,1.0933333333333335,-0.04899999999999999,0.19133333333333336
2026-01-02 01:03:00,NODE_04,74.22,1.81,1.05,0.223,25.85,72.19,normal,0.4899999999999949,74.06,1.15,1.1300000000000001,-0.1399999999999999,1.196666666666667,0.05199999999999999,0.20466666666666666
2026-01-02 01:13:00,NODE_04,73.96,1.24,1.27,0.188,26.43,69.85,normal,-0.2600000000000051,73.96999999999998,-0.5700000000000001,1.2366666666666666,0.21999999999999997,1.1700000000000002,-0.035,0.19400000000000003
2026-01-02 01:23:00,NODE_04,74.33,1.95,1.21,0.26,27.51,70.19,normal,0.37000000000000455,74.17,0.71,1.6666666666666667,-0.06000000000000005,1.1766666666666667,0.07200000000000001,0.22366666666666668
2026-01-02 01:33:00,NODE_04,73.94,1.77,1.01,0.17,25.39,71.01,normal,-0.39000000000000057,74.07666666666667,-0.17999999999999994,1.6533333333333333,-0.19999999999999996,1.1633333333333336,-0.09,0.20600000000000004
2026-01-02 01:43:00,NODE_04,72.58,2.19,1.96,0.239,27.05,68.59,normal,-1.3599999999999994,73.61666666666666,0.41999999999999993,1.97,0.95,1.3933333333333335,0.06899999999999998,0.223
2026-01-02 01:53:00,NODE_04,72.57,0.82,1.28,0.275,27.61,69.88,normal,-0.010000000000005116,73.02999999999999,-1.37,1.5933333333333335,-0.6799999999999999,1.416666666666667,0.03600000000000003,0.228
2026-01-02 02:03:00,NODE_04,73.83,1.39,1.01,0.289,26.5,70.45,normal,1.2600000000000051,72.99333333333333,0.57,1.4666666666666668,-0.27,1.4166666666666667,0.013999999999999957,0.26766666666666666
2026-01-02 02:13:00,NODE_04,73.95,1.2,0.87,0.277,25.45,76.39,normal,0.12000000000000455,73.44999999999999,-0.18999999999999995,1.1366666666666667,-0.14,1.0533333333333335,-0.011999999999999955,0.2803333333333333
2026-01-02 02:23:00,NODE_04,73.63,1.5,0.81,0.236,25.87,71.88,normal,-0.3200000000000074,73.80333333333333,0.30000000000000004,1.3633333333333333,-0.05999999999999994,0.8966666666666668,-0.041000000000000036,0.26733333333333337
2026-01-02 02:33:00,NODE_04,72.86,1.54,1.33,0.235,27.62,76.68,normal,-0.769999999999996,73.48,0.040000000000000036,1.4133333333333333,0.52,1.0033333333333336,-0.0010000000000000009,0.24933333333333332
2026-01-02 02:43:00,NODE_04,73.33,0.94,1.32,0.245,26.24,72.87,normal,0.46999999999999886,73.27333333333333,-0.6000000000000001,1.3266666666666664,-0.010000000000000009,1.1533333333333335,0.010000000000000009,0.23866666666666667
2026-01-02 02:53:00,NODE_04,72.66,2.09,0.92,0.213,26.29,70.6,normal,-0.6700000000000017,72.95,1.15,1.5233333333333332,-0.4,1.1900000000000002,-0.032,0.23099999999999998
2026-01-02 03:03:00,NODE_04,73.4,1.85,1.35,0.31,26.15,67.58,normal,0.7400000000000091,73.13,-0.23999999999999977,1.6266666666666663,0.43000000000000005,1.1966666666666668,0.097,0.256
2026-01-02 03:13:00,NODE_04,73.88,1.73,1.42,0.22,26.93,68.6,normal,0.47999999999998977,73.31333333333333,-0.1200000000000001,1.89,0.06999999999999984,1.2300000000000002,-0.09,0.24766666666666667
2026-01-02 03:23:00,NODE_04,74.21,1.25,1.04,0.347,26.66,73.08,normal,0.3299999999999983,73.83,-0.48,1.61,-0.3799999999999999,1.27,0.12699999999999997,0.29233333333333333
2026-01-02 03:33:00,NODE_04,72.67,1.46,1.34,0.344,23.46,73.89,normal,-1.539999999999992,73.58666666666666,0.20999999999999996,1.4799999999999998,0.30000000000000004,1.2666666666666666,-0.0030000000000000027,0.30366666666666664
2026-01-02 03:43:00,NODE_04,73.88,1.0,0.76,0.219,24.99,76.94,normal,1.2099999999999937,73.58666666666666,-0.45999999999999996,1.2366666666666666,-0.5800000000000001,1.0466666666666666,-0.12499999999999997,0.3033333333333333
2026-01-02 03:53:00,NODE_04,73.9,1.56,0.62,0.227,28.1,68.14,normal,0.020000000000010232,73.48333333333333,0.56,1.3399999999999999,-0.14,0.9066666666666667,0.008000000000000007,0.26333333333333336
2026-01-02 04:03:00,NODE_04,74.31,1.31,1.56,0.193,25.46,68.63,normal,0.4099999999999966,74.02999999999999,-0.25,1.29,0.9400000000000001,0.9800000000000001,-0.034,0.213
2026-01-02 04:13:00,NODE_04,74.25,1.05,0.6,0.199,28.77,75.89,normal,-0.060000000000002274,74.15333333333332,-0.26,1.3066666666666666,-0.9600000000000001,0.9266666666666667,0.006000000000000005,0.20633333333333334
2026-01-02 04:23:00,NODE_04,73.4,1.2,1.32,0.276,26.08,71.58,normal,-0.8499999999999943,73.98666666666668,0.1499999999999999,1.1866666666666668,0.7200000000000001,1.1600000000000001,0.07700000000000001,0.22266666666666668
2026-01-02 04:33:00,NODE_04,73.61,1.61,0.99,0.166,26.43,72.14,normal,0.20999999999999375,73.75333333333334,0.41000000000000014,1.2866666666666668,-0.33000000000000007,0.9700000000000001,-0.11000000000000001,0.21366666666666667
2026-01-02 04:43:00,NODE_04,74.32,1.25,0.71,0.201,25.99,74.27,normal,0.7099999999999937,73.77666666666666,-0.3600000000000001,1.3533333333333335,-0.28,1.0066666666666668,0.035,0.21433333333333335
2026-01-02 04:53:00,NODE_04,74.3,0.98,0.6,0.175,26.59,72.64,normal,-0.01999999999999602,74.07666666666667,-0.27,1.28,-0.10999999999999999,0.7666666666666667,-0.026000000000000023,0.18066666666666667
2026-01-02 05:03:00,NODE_04,74.34,0.74,0.96,0.177,26.22,72.84,normal,0.04000000000000625,74.32,-0.24,0.9899999999999999,0.36,0.7566666666666668,0.0020000000000000018,0.18433333333333332
2026-01-02 05:13:00,NODE_04,74.57,1.55,0.76,0.099,27.54,69.6,normal,0.22999999999998977,74.40333333333332,0.81,1.09,-0.19999999999999996,0.7733333333333334,-0.07799999999999999,0.15033333333333335
2026-01-02 05:23:00,NODE_04,74.64,0.52,0.14,0.144,26.23,70.18,normal,0.07000000000000739,74.51666666666667,-1.03,0.9366666666666666,-0.62,0.6200000000000001,0.044999999999999984,0.14
2026-01-02 05:33:00,NODE_04,74.9,1.22,0.83,0.162,27.71,69.48,normal,0.2600000000000051,74.70333333333333,0.7,1.0966666666666667,0.69,0.5766666666666668,0.018000000000000016,0.135
2026-01-02 05:43:00,NODE_04,74.62,0.95,0.37,0.132,26.35,67.52,normal,-0.28000000000000114,74.72000000000001,-0.27,0.8966666666666666,-0.45999999999999996,0.44666666666666677,-0.03,0.14600000000000002
2026-01-02 05:53:00,NODE_04,75.1,0.69,0.31,0.143,25.44,69.73,normal,0.47999999999998977,74.87333333333333,-0.26,0.9533333333333333,-0.06,0.5033333333333334,0.010999999999999982,0.14566666666666667
2026-01-02 06:03:00,NODE_04,74.63,0.64,0.35,0.154,27.62,68.08,normal,-0.46999999999999886,74.78333333333333,-0.04999999999999993,0.7599999999999999,0.03999999999999998,0.3433333333333335,0.01100000000000001,0.14300000000000002
2026-01-02 06:13:00,NODE_04,74.58,0.51,0.74,0.113,27.41,71.04,normal,-0.04999999999999716,74.77,-0.13,0.6133333333333333,0.39,0.4666666666666668,-0.040999999999999995,0.1366666666666667
2026-01-02 06:23:00,NODE_04,74.38,0.93,0.35,0.102,25.09,75.09,normal,-0.20000000000000284,74.52999999999999,0.42000000000000004,0.6933333333333334,-0.39,0.48000000000000015,-0.01100000000000001,0.123
2026-01-02 06:33:00,NODE_04,75.61,0.38,0.03,0.122,27.85,66.2,normal,1.230000000000004,74.85666666666667,-0.55,0.6066666666666666,-0.31999999999999995,0.3733333333333335,0.020000000000000004,0.11233333333333333
2026-01-02 06:43:00,NODE_04,74.94,0.64,0.87,0.161,25.68,67.45,normal,-0.6700000000000017,74.97666666666667,0.26,0.65,0.84,0.4166666666666668,0.03900000000000001,0.12833333333333333
2026-01-02 06:53:00,NODE_04,73.99,1.3,0.87,0.162,28.0,72.7,normal,-0.9500000000000028,74.84666666666668,0.66,0.7733333333333334,0.0,0.5900000000000002,0.0010000000000000009,0.14833333333333334
2026-01-02 07:03:00,NODE_04,74.02,0.92,0.64,0.203,25.76,71.9,normal,0.030000000000001137,74.31666666666666,-0.38,0.9533333333333335,-0.22999999999999998,0.7933333333333336,0.04100000000000001,0.17533333333333334
2026-01-02 07:13:00,NODE_04,74.25,1.03,1.01,0.225,24.18,71.38,normal,0.23000000000000398,74.08666666666666,0.10999999999999999,1.0833333333333333,0.37,0.8400000000000002,0.021999999999999992,0.19666666666666668
2026-01-02 07:23:00,NODE_04,74.16,1.67,0.53,0.28,23.71,69.56,normal,-0.09000000000000341,74.14333333333333,0.6399999999999999,1.2066666666666668,-0.48,0.7266666666666669,0.05500000000000002,0.236
2026-01-02 07:33:00,NODE_04,73.92,0.87,1.42,0.191,25.53,70.17,normal,-0.23999999999999488,74.11,-0.7999999999999999,1.19,0.8899999999999999,0.9866666666666668,-0.08900000000000002,0.232
2026-01-02 07:43:00,NODE_04,74.15,1.55,1.11,0.213,25.51,70.48,normal,0.23000000000000398,74.07666666666667,0.68,1.3633333333333333,-0.30999999999999983,1.0200000000000002,0.021999999999999992,0.228
2026-01-02 07:53:00,NODE_04,73.64,1.54,0.66,0.199,27.39,69.6,normal,-0.5100000000000051,73.90333333333334,-0.010000000000000009,1.32,-0.45000000000000007,1.0633333333333335,-0.013999999999999985,0.20099999999999998
2026-01-02 08:03:00,NODE_04,73.51,1.9,1.12,0.202,23.75,70.23,normal,-0.12999999999999545,73.76666666666667,0.3599999999999999,1.6633333333333333,0.4600000000000001,0.9633333333333335,0.0030000000000000027,0.20466666666666666
2026-01-02 08:13:00,NODE_04,74.37,0.98,1.16,0.29,28.16,69.72,normal,0.8599999999999994,73.83999999999999,-0.9199999999999999,1.4733333333333334,0.039999999999999813,0.9800000000000001,0.08799999999999997,0.23033333333333336
2026-01-02 08:23:00,NODE_04,73.93,0.65,1.45,0.191,26.44,69.72,normal,-0.4399999999999977,73.93666666666667,-0.32999999999999996,1.1766666666666665,0.29000000000000004,1.2433333333333334,-0.09899999999999998,0.22766666666666668
2026-01-02 08:33:00,NODE_04,73.12,1.76,0.76,0.234,25.21,69.39,normal,-0.8100000000000023,73.80666666666667,1.1099999999999999,1.1300000000000001,-0.69,1.1233333333333333,0.04300000000000001,0.23833333333333337
2026-01-02 08:43:00,NODE_04,74.04,1.5,1.0,0.271,27.13,68.44,normal,0.9200000000000017,73.69666666666667,-0.26,1.3033333333333335,0.24,1.07,0.037000000000000005,0.232
2026-01-02 08:53:00,NODE_04,73.49,1.74,0.54,0.265,25.55,72.79,normal,-0.5500000000000114,73.55000000000001,0.24,1.6666666666666667,-0.45999999999999996,0.7666666666666669,-0.006000000000000005,0.2566666666666667
2026-01-02 09:03:00,NODE_04,73.7,1.46,1.62,0.255,26.22,67.86,normal,0.21000000000000796,73.74333333333334,-0.28,1.5666666666666667,1.08,1.0533333333333335,-0.010000000000000009,0.26366666666666666
2026-01-02 09:13:00,NODE_04,73.5,2.02,1.42,0.227,26.94,66.02,normal,-0.20000000000000284,73.56333333333333,0.56,1.74,-0.20000000000000018,1.1933333333333336,-0.027999999999999997,0.249
2026-01-02 09:23:00,NODE_04,72.92,1.27,0.74,0.299,29.4,74.3,normal,-0.5799999999999983,73.37333333333333,-0.75,1.5833333333333333,-0.6799999999999999,1.26,0.07199999999999998,0.26033333333333336
2026-01-02 09:33:00,NODE_04,72.58,1.49,1.4,0.229,27.12,66.2,normal,-0.3400000000000034,73.0,0.21999999999999997,1.593333333333333,0.6599999999999999,1.1866666666666668,-0.06999999999999998,0.25166666666666665
2026-01-02 09:43:00,NODE_04,72.81,1.92,1.58,0.288,29.62,74.75,normal,0.23000000000000398,72.77,0.42999999999999994,1.5599999999999998,0.18000000000000016,1.2400000000000002,0.05899999999999997,0.272
2026-01-02 09:53:00,NODE_04,72.37,1.78,1.37,0.284,25.8,70.36,normal,-0.4399999999999977,72.58666666666666,-0.1399999999999999,1.7299999999999998,-0.20999999999999996,1.4500000000000002,-0.0040000000000000036,0.26699999999999996
2026-01-02 10:03:00,NODE_04,73.81,1.18,1.46,0.281,24.35,71.29,normal,1.4399999999999977,72.99666666666667,-0.6000000000000001,1.6266666666666667,0.08999999999999986,1.4700000000000004,-0.002999999999999947,0.2843333333333333
2026-01-02 10:13:00,NODE_04,73.58,2.05,0.93,0.206,25.49,73.14,normal,-0.23000000000000398,73.25333333333333,0.8699999999999999,1.67,-0.5299999999999999,1.2533333333333336,-0.07500000000000004,0.257
2026-01-02 10:23:00,NODE_04,72.88,1.51,1.75,0.252,25.86,69.54,normal,-0.7000000000000028,73.42333333333333,-0.5399999999999998,1.58,0.82,1.3800000000000001,0.04600000000000001,0.24633333333333338
2026-01-02 10:33:00,NODE_04,73.66,1.98,1.21,0.273,26.9,70.63,normal,0.7800000000000011,73.37333333333333,0.47,1.8466666666666667,-0.54,1.2966666666666669,0.02100000000000002,0.2436666666666667
2026-01-02 10:43:00,NODE_04,73.61,2.04,1.3,0.369,26.12,79.18,normal,-0.04999999999999716,73.38333333333334,0.06000000000000005,1.8433333333333335,0.09000000000000008,1.4200000000000002,0.09599999999999997,0.29800000000000004
2026-01-02 10:53:00,NODE_04,73.58,2.05,1.31,0.362,23.08,67.63,normal,-0.030000000000001137,73.61666666666666,0.009999999999999787,2.0233333333333334,0.010000000000000009,1.2733333333333334,-0.007000000000000006,0.33466666666666667
2026-01-02 11:03:00,NODE_04,73.06,1.87,1.4,0.295,28.21,70.59,normal,-0.519999999999996,73.41666666666667,-0.17999999999999972,1.9866666666666666,0.08999999999999986,1.336666666666667,-0.067,0.342
2026-01-02 11:13:00,NODE_04,73.19,2.29,1.23,0.395,26.12,67.54,normal,0.12999999999999545,73.27666666666666,0.41999999999999993,2.07,-0.16999999999999993,1.3133333333333335,0.10000000000000003,0.3506666666666667
2026-01-02 11:23:00,NODE_04,72.48,2.59,1.08,0.266,27.94,76.13,normal,-0.7099999999999937,72.91000000000001,0.2999999999999998,2.25,-0.1499999999999999,1.2366666666666666,-0.129,0.3186666666666667
2026-01-02 11:33:00,NODE_04,73.47,1.96,1.43,0.275,27.56,70.99,normal,0.9899999999999949,73.04666666666667,-0.6299999999999999,2.28,0.34999999999999987,1.2466666666666668,0.009000000000000008,0.312
2026-01-02 11:43:00,NODE_04,73.1,2.19,1.94,0.428,25.78,71.11,normal,-0.37000000000000455,73.01666666666667,0.22999999999999998,2.2466666666666666,0.51,1.4833333333333336,0.15299999999999997,0.323
2026-01-02 11:53:00,NODE_04,72.49,1.61,2.08,0.272,27.59,68.13,normal,-0.6099999999999994,73.02,-0.5799999999999998,1.92,0.14000000000000012,1.816666666666667,-0.15599999999999997,0.325
2026-01-02 12:03:00,NODE_04,72.64,1.4,1.94,0.253,28.13,71.18,normal,0.15000000000000568,72.74333333333333,-0.2100000000000002,1.7333333333333334,-0.14000000000000012,1.986666666666667,-0.019000000000000017,0.3176666666666667
2026-01-02 12:13:00,NODE_04,73.24,2.14,1.5,0.212,25.58,73.66,normal,0.5999999999999943,72.79,0.7400000000000002,1.7166666666666668,-0.43999999999999995,1.84,-0.04100000000000001,0.2456666666666667
2026-01-02 12:23:00,NODE_04,73.45,1.38,0.94,0.265,25.29,73.47,normal,0.21000000000000796,73.11,-0.7600000000000002,1.64,-0.56,1.4600000000000002,0.05300000000000002,0.24333333333333337
2026-01-02 12:33:00,NODE_04,74.01,1.45,1.31,0.256,27.85,74.54,normal,0.5600000000000023,73.56666666666666,0.07000000000000006,1.6566666666666665,0.3700000000000001,1.2500000000000002,-0.009000000000000008,0.24433333333333337
2026-01-02 12:43:00,NODE_04,73.56,2.08,1.48,0.367,27.99,71.21,normal,-0.45000000000000284,73.67333333333333,0.6300000000000001,1.6366666666666665,0.16999999999999993,1.2433333333333334,0.11099999999999999,0.29600000000000004
2026-01-02 12:53:00,NODE_04,73.76,1.09,0.91,0.198,24.89,70.8,normal,0.20000000000000284,73.77666666666667,-0.99,1.5399999999999998,-0.57,1.2333333333333336,-0.16899999999999998,0.2736666666666667
2026-01-02 13:03:00,NODE_04,73.19,1.31,0.72,0.254,26.02,72.41,normal,-0.5700000000000074,73.50333333333333,0.21999999999999997,1.4933333333333332,-0.19000000000000006,1.0366666666666668,0.055999999999999994,0.2730000000000001
2026-01-02 13:13:00,NODE_04,72.86,1.25,1.13,0.248,25.23,70.39,normal,-0.3299999999999983,73.27,-0.06000000000000005,1.2166666666666666,0.4099999999999999,0.92,-0.006000000000000005,0.2333333333333334
2026-01-02 13:23:00,NODE_04,72.46,1.78,1.66,0.246,27.02,72.68,normal,-0.4000000000000057,72.83666666666666,0.53,1.4466666666666665,0.53,1.17,-0.0020000000000000018,0.2493333333333334
2026-01-02 13:33:00,NODE_04,72.8,1.21,0.96,0.282,26.58,68.81,normal,0.3400000000000034,72.70666666666666,-0.5700000000000001,1.4133333333333329,-0.7,1.25,0.035999999999999976,0.25866666666666666
2026-01-02 13:43:00,NODE_04,73.04,1.88,1.85,0.264,26.87,70.76,normal,0.2400000000000091,72.76666666666667,0.6699999999999999,1.623333333333333,0.8900000000000001,1.4900000000000002,-0.01799999999999996,0.264
2026-01-02 13:53:00,NODE_04,73.37,1.95,1.41,0.262,25.46,71.99,normal,0.3299999999999983,73.07000000000001,0.07000000000000006,1.6799999999999997,-0.44000000000000017,1.406666666666667,-0.0020000000000000018,0.26933333333333337
2026-01-02 14:03:00,NODE_04,73.67,1.62,1.64,0.407,28.44,70.28,normal,0.29999999999999716,73.36000000000001,-0.32999999999999985,1.8166666666666664,0.22999999999999998,1.6333333333333335,0.14499999999999996,0.311
2026-01-02 14:13:00,NODE_04,73.09,2.25,1.73,0.265,25.89,65.43,normal,-0.5799999999999983,73.37666666666667,0.6299999999999999,1.9399999999999997,0.09000000000000008,1.5933333333333335,-0.14199999999999996,0.31133333333333335
2026-01-02 14:23:00,NODE_04,73.45,2.88,2.15,0.388,24.91,71.76,normal,0.35999999999999943,73.40333333333334,0.6299999999999999,2.2499999999999996,0.41999999999999993,1.84,0.123,0.35333333333333333
2026-01-02 14:33:00,NODE_04,72.69,1.65,1.23,0.285,25.89,64.56,normal,-0.7600000000000051,73.07666666666667,-1.23,2.26,-0.9199999999999999,1.7033333333333338,-0.10300000000000004,0.3126666666666667
2026-01-02 14:43:00,NODE_04,68.35,7.25,3.78,1.136,26.52,75.98,critical,-4.340000000000003,71.49666666666666,5.6,3.9266666666666663,2.55,2.3866666666666667,0.851,0.6030000000000001
2026-01-02 14:53:00,NODE_04,67.57,4.93,4.29,1.167,27.02,73.77,critical,-0.7800000000000011,69.53666666666666,-2.3200000000000003,4.609999999999999,0.5100000000000002,3.1,0.03100000000000014,0.8626666666666667
2026-01-02 15:03:00,NODE_04,66.05,5.66,5.58,1.161,25.16,76.15,critical,-1.519999999999996,67.32333333333332,0.7300000000000004,5.946666666666666,1.29,4.55,-0.006000000000000005,1.1546666666666667
2026-01-02 15:13:00,NODE_04,65.56,5.99,5.06,0.757,27.76,75.14,critical,-0.4899999999999949,66.39333333333333,0.33000000000000007,5.526666666666666,-0.5200000000000005,4.976666666666667,-0.404,1.0283333333333335
2026-01-02 15:23:00,NODE_04,68.6,6.08,5.37,1.055,28.16,72.47,critical,3.039999999999992,66.73666666666666,0.08999999999999986,5.91,0.3100000000000005,5.336666666666667,0.29799999999999993,0.991
2026-01-02 15:33:00,NODE_04,65.85,6.78,3.78,0.883,26.02,74.1,critical,-2.75,66.67,0.7000000000000002,6.283333333333334,-1.5900000000000003,4.736666666666666,-0.17199999999999993,0.8983333333333333
2026-01-02 15:43:00,NODE_04,68.48,4.33,3.62,0.723,24.55,77.36,critical,2.6300000000000097,67.64333333333333,-2.45,5.73,-0.1599999999999997,4.256666666666667,-0.16000000000000003,0.8869999999999999
2026-01-02 15:53:00,NODE_04,66.21,4.45,4.1,0.844,26.34,72.34,critical,-2.2700000000000102,66.84666666666665,0.1200000000000001,5.1866666666666665,0.47999999999999954,3.8333333333333335,0.121,0.8166666666666668
2026-01-02 16:03:00,NODE_04,65.83,5.57,3.11,0.759,23.91,74.41,critical,-0.37999999999999545,66.84,1.12,4.783333333333334,-0.9899999999999998,3.6100000000000008,-0.08499999999999996,0.7753333333333333
2026-01-02 16:13:00,NODE_04,67.04,5.8,3.06,0.543,27.76,69.81,warning,1.210000000000008,66.36,0.22999999999999954,5.273333333333333,-0.04999999999999982,3.4233333333333333,-0.21599999999999997,0.7153333333333333
2026-01-02 16:23:00,NODE_04,67.2,4.26,4.74,0.825,26.63,71.12,warning,0.1599999999999966,66.69000000000001,-1.54,5.21,1.6800000000000002,3.6366666666666667,0.2819999999999999,0.709
2026-01-02 16:33:00,NODE_04,68.87,6.12,3.67,0.533,23.71,73.24,warning,1.6700000000000017,67.70333333333333,1.8600000000000003,5.3933333333333335,-1.0700000000000003,3.823333333333334,-0.2919999999999999,0.6336666666666667
2026-01-02 16:43:00,NODE_04,68.87,4.7,5.11,0.848,26.46,77.19,warning,0.0,68.31333333333333,-1.42,5.026666666666666,1.4400000000000004,4.506666666666667,0.31499999999999995,0.7353333333333333
2026-01-02 16:53:00,NODE_04,68.11,5.27,2.6,0.907,26.19,71.87,warning,-0.7600000000000051,68.61666666666667,0.5699999999999994,5.363333333333333,-2.5100000000000002,3.7933333333333334,0.05900000000000005,0.7626666666666667
2026-01-02 17:03:00,NODE_04,67.8,5.32,4.36,0.71,24.64,70.67,warning,-0.3100000000000023,68.26,0.05000000000000071,5.096666666666667,1.7600000000000002,4.023333333333334,-0.19700000000000006,0.8216666666666667
2026-01-02 17:13:00,NODE_04,70.83,4.03,2.66,0.803,26.58,76.49,warning,3.030000000000001,68.91333333333334,-1.29,4.873333333333334,-1.7000000000000002,3.206666666666667,0.09300000000000008,0.8066666666666666
2026-01-02 17:23:00,NODE_04,69.66,3.98,3.12,0.72,25.59,76.66,warning,-1.1700000000000017,69.42999999999999,-0.050000000000000266,4.443333333333334,0.45999999999999996,3.380000000000001,-0.08300000000000007,0.7443333333333334
2026-01-02 17:33:00,NODE_04,68.3,3.56,3.43,0.693,26.07,69.33,warning,-1.3599999999999994,69.59666666666666,-0.41999999999999993,3.856666666666667,0.31000000000000005,3.0700000000000003,-0.027000000000000024,0.7386666666666667
2026-01-02 17:43:00,NODE_04,69.51,4.24,2.42,0.561,25.41,71.25,warning,1.210000000000008,69.15666666666665,0.6800000000000002,3.926666666666667,-1.0100000000000002,2.99,-0.1319999999999999,0.658
2026-01-02 17:53:00,NODE_04,68.93,4.1,3.7,0.654,26.13,72.36,warning,-0.5799999999999983,68.91333333333334,-0.14000000000000057,3.9666666666666663,1.2800000000000002,3.1833333333333336,0.09299999999999997,0.636
2026-01-02 18:03:00,NODE_04,71.2,2.94,3.94,0.51,26.78,70.14,warning,2.269999999999996,69.88000000000001,-1.1599999999999997,3.7600000000000002,0.23999999999999977,3.353333333333334,-0.14400000000000002,0.5750000000000001
2026-01-02 18:13:00,NODE_04,69.59,3.67,2.41,0.668,27.39,77.82,warning,-1.6099999999999994,69.90666666666667,0.73,3.57,-1.5299999999999998,3.35,0.15800000000000003,0.6106666666666668
2026-01-02 18:23:00,NODE_04,71.39,3.03,1.89,0.698,27.18,75.78,warning,1.7999999999999972,70.72666666666667,-0.6400000000000001,3.2133333333333334,-0.5200000000000002,2.7466666666666666,0.029999999999999916,0.6253333333333333
2026-01-02 18:33:00,NODE_04,70.78,4.3,2.66,0.424,27.51,68.58,warning,-0.6099999999999994,70.58666666666666,1.27,3.6666666666666665,0.7700000000000002,2.3200000000000003,-0.27399999999999997,0.5966666666666667
2026-01-02 18:43:00,NODE_04,70.11,3.92,3.31,0.389,28.33,74.63,warning,-0.6700000000000017,70.76,-0.3799999999999999,3.75,0.6499999999999999,2.6200000000000006,-0.034999999999999976,0.5036666666666666
2026-01-02 18:53:00,NODE_04,69.57,3.1,2.44,0.389,23.67,66.59,warning,-0.5400000000000063,70.15333333333332,-0.8199999999999998,3.773333333333333,-0.8700000000000001,2.8033333333333332,0.0,0.40066666666666667
2026-01-02 19:03:00,NODE_04,69.22,3.67,2.33,0.485,29.38,71.9,warning,-0.3499999999999943,69.63333333333334,0.5699999999999998,3.563333333333333,-0.10999999999999988,2.693333333333334,0.09599999999999997,0.42100000000000004
2026-01-02 19:13:00,NODE_04,70.59,2.98,2.27,0.524,24.78,73.62,warning,1.3700000000000045,69.79333333333334,-0.69,3.25,-0.06000000000000005,2.346666666666667,0.039000000000000035,0.466
2026-01-02 19:23:00,NODE_04,70.28,3.35,2.46,0.49,27.99,71.21,warning,-0.3100000000000023,70.03,0.3700000000000001,3.3333333333333335,0.18999999999999995,2.3533333333333335,-0.03400000000000003,0.4996666666666667
2026-01-02 19:33:00,NODE_04,72.04,3.04,1.94,0.379,27.92,62.87,warning,1.7600000000000051,70.97000000000001,-0.31000000000000005,3.1233333333333335,-0.52,2.2233333333333336,-0.11099999999999999,0.4643333333333333
2026-01-02 19:43:00,NODE_04,72.2,3.11,1.56,0.396,26.41,70.04,warning,0.1599999999999966,71.50666666666667,0.06999999999999984,3.1666666666666665,-0.3799999999999999,1.986666666666667,0.017000000000000015,0.4216666666666667
2026-01-02 19:53:00,NODE_04,72.13,2.24,1.62,0.443,26.66,64.84,warning,-0.07000000000000739,72.12333333333333,-0.8699999999999997,2.796666666666667,0.06000000000000005,1.706666666666667,0.046999999999999986,0.40599999999999997
2026-01-02 20:03:00,NODE_04,71.19,3.47,1.65,0.471,26.05,65.13,warning,-0.9399999999999977,71.83999999999999,1.23,2.94,0.029999999999999805,1.6100000000000003,0.02799999999999997,0.4366666666666667
2026-01-02 20:13:00,NODE_04,72.7,2.48,1.14,0.397,26.26,68.52,warning,1.5100000000000051,72.00666666666666,-0.9900000000000002,2.7300000000000004,-0.51,1.4700000000000004,-0.07399999999999995,0.437
2026-01-02 20:23:00,NODE_04,71.85,2.0,1.78,0.534,25.78,71.45,warning,-0.8500000000000085,71.91333333333334,-0.48,2.65,0.6400000000000001,1.5233333333333334,0.137,0.4673333333333333
2026-01-02 20:33:00,NODE_04,70.16,2.89,2.55,0.498,28.01,70.43,warning,-1.6899999999999977,71.57,0.8900000000000001,2.456666666666667,0.7699999999999998,1.8233333333333335,-0.03600000000000003,0.47633333333333333
2026-01-02 20:43:00,NODE_04,72.65,2.97,2.18,0.347,27.36,72.39,warning,2.490000000000009,71.55333333333334,0.08000000000000007,2.62,-0.36999999999999966,2.1700000000000004,-0.15100000000000002,0.45966666666666667
2026-01-02 20:53:00,NODE_04,70.81,3.06,1.49,0.439,25.23,66.76,warning,-1.8400000000000034,71.20666666666666,0.08999999999999986,2.973333333333333,-0.6900000000000002,2.0733333333333337,0.09200000000000003,0.428
2026-01-02 21:03:00,NODE_04,71.36,2.64,1.95,0.506,26.8,73.05,warning,0.5499999999999972,71.60666666666667,-0.41999999999999993,2.89,0.45999999999999996,1.8733333333333337,0.067,0.4306666666666667
2026-01-02 21:13:00,NODE_04,71.42,3.01,2.1,0.395,24.85,73.6,warning,0.060000000000002274,71.19666666666667,0.36999999999999966,2.9033333333333338,0.15000000000000013,1.846666666666667,-0.11099999999999999,0.4466666666666667
2026-01-02 21:23:00,NODE_04,71.52,2.08,1.75,0.341,26.39,68.54,warning,0.09999999999999432,71.43333333333334,-0.9299999999999997,2.5766666666666667,-0.3500000000000001,1.9333333333333336,-0.05399999999999999,0.414
2026-01-02 21:33:00,NODE_04,72.49,2.15,2.41,0.294,26.17,70.99,normal,0.9699999999999989,71.81,0.06999999999999984,2.4133333333333336,0.6600000000000001,2.0866666666666673,-0.04700000000000004,0.3433333333333333
2026-01-02 21:43:00,NODE_04,67.95,5.68,6.98,1.227,26.76,74.9,critical,-4.539999999999992,70.65333333333332,3.53,3.3033333333333332,4.57,3.7133333333333343,0.933,0.6206666666666667
2026-01-02 21:53:00,NODE_04,65.37,5.91,6.92,1.233,26.5,72.2,critical,-2.5799999999999983,68.60333333333334,0.23000000000000043,4.58,-0.0600000000000005,5.436666666666667,0.006000000000000005,0.9180000000000001
2026-01-02 22:03:00,NODE_04,66.04,8.85,5.17,0.977,26.68,77.32,critical,0.6700000000000017,66.45333333333333,2.9399999999999995,6.813333333333333,-1.75,6.3566666666666665,-0.2560000000000001,1.1456666666666668
2026-01-02 22:13:00,NODE_04,62.96,5.87,5.33,0.835,26.96,67.79,critical,-3.0800000000000054,64.79,-2.9799999999999995,6.876666666666666,0.16000000000000014,5.8066666666666675,-0.14200000000000002,1.015
2026-01-02 22:23:00,NODE_04,65.26,7.87,6.2,1.12,28.17,71.08,critical,2.3000000000000043,64.75333333333334,2.0,7.53,0.8700000000000001,5.566666666666667,0.28500000000000014,0.9773333333333335
2026-01-02 22:33:00,NODE_04,65.54,6.4,5.2,0.847,27.17,72.87,critical,0.28000000000000114,64.58666666666669,-1.4699999999999998,6.713333333333334,-1.0,5.576666666666668,-0.27300000000000013,0.9340000000000002
2026-01-02 22:43:00,NODE_04,67.19,7.65,4.76,1.071,27.21,76.45,critical,1.6499999999999915,65.99666666666667,1.25,7.3066666666666675,-0.4400000000000004,5.386666666666668,0.22399999999999998,1.0126666666666668
2026-01-02 22:53:00,NODE_04,66.08,6.97,5.22,1.194,27.26,66.72,critical,-1.1099999999999994,66.27,-0.6800000000000006,7.006666666666667,0.45999999999999996,5.060000000000001,0.123,1.0373333333333334
2026-01-02 23:03:00,NODE_04,66.27,5.75,2.9,0.893,26.88,74.21,critical,0.18999999999999773,66.51333333333332,-1.2199999999999998,6.79,-2.32,4.293333333333334,-0.30099999999999993,1.0526666666666669
2026-01-02 23:13:00,NODE_04,64.11,5.64,5.73,0.797,25.88,80.15,critical,-2.1599999999999966,65.48666666666666,-0.11000000000000032,6.12,2.8300000000000005,4.616666666666667,-0.09599999999999997,0.9613333333333335
2026-01-02 23:23:00,NODE_04,69.6,4.94,5.58,0.623,27.84,65.59,critical,5.489999999999995,66.66,-0.6999999999999993,5.443333333333334,-0.15000000000000036,4.736666666666667,-0.17400000000000004,0.771
2026-01-02 23:33:00,NODE_04,66.56,4.6,4.44,0.902,27.88,71.5,critical,-3.039999999999992,66.75666666666666,-0.34000000000000075,5.06,-1.1399999999999997,5.250000000000001,0.279,0.774
2026-01-02 23:43:00,NODE_04,69.86,5.62,5.09,0.972,27.85,70.36,critical,3.299999999999997,68.67333333333333,1.0200000000000005,5.053333333333334,0.6499999999999995,5.036666666666668,0.06999999999999995,0.8323333333333333
2026-01-02 23:53:00,NODE_04,68.23,3.78,2.95,0.947,26.79,70.02,critical,-1.6299999999999955,68.21666666666667,-1.8400000000000003,4.666666666666666,-2.1399999999999997,4.160000000000001,-0.025000000000000022,0.9403333333333334
2026-01-03 00:03:00,NODE_04,68.97,5.23,4.65,0.932,27.21,69.23,critical,0.7399999999999949,69.02,1.4500000000000006,4.876666666666666,1.7000000000000002,4.230000000000001,-0.014999999999999902,0.9503333333333334
2026-01-03 00:13:00,NODE_04,69.63,4.29,3.07,0.681,25.18,67.37,warning,0.6599999999999966,68.94333333333333,-0.9400000000000004,4.433333333333334,-1.5800000000000005,3.556666666666667,-0.251,0.8533333333333335
2026-01-03 00:23:00,NODE_04,67.44,4.82,4.81,0.541,27.36,71.21,warning,-2.1899999999999977,68.67999999999999,0.5300000000000002,4.78,1.7399999999999998,4.176666666666667,-0.14,0.7180000000000001
2026-01-03 00:33:00,NODE_04,67.71,5.59,3.33,0.803,28.31,68.67,warning,0.269999999999996,68.25999999999999,0.7699999999999996,4.8999999999999995,-1.4799999999999995,3.736666666666667,0.262,0.6750000000000002
2026-01-03 00:43:00,NODE_04,67.19,5.5,3.61,0.763,27.14,70.7,warning,-0.519999999999996,67.44666666666666,-0.08999999999999986,5.303333333333334,0.2799999999999998,3.9166666666666674,-0.040000000000000036,0.7023333333333334
2026-01-03 00:53:00,NODE_04,69.26,4.08,3.04,0.498,25.45,69.15,warning,2.0700000000000074,68.05333333333333,-1.42,5.0566666666666675,-0.5699999999999998,3.3266666666666675,-0.265,0.6880000000000002
2026-01-03 01:03:00,NODE_04,70.92,2.99,3.6,0.776,25.5,70.44,warning,1.6599999999999966,69.12333333333333,-1.0899999999999999,4.19,0.56,3.416666666666668,0.278,0.6790000000000002
2026-01-03 01:13:00,NODE_04,69.64,3.55,3.52,0.726,25.42,68.73,warning,-1.2800000000000011,69.94,0.5599999999999996,3.5400000000000005,-0.08000000000000007,3.386666666666668,-0.050000000000000044,0.6666666666666669
2026-01-03 01:23:00,NODE_04,69.03,2.87,3.08,0.524,26.05,70.05,warning,-0.6099999999999994,69.86333333333333,-0.6799999999999997,3.1366666666666667,-0.43999999999999995,3.400000000000001,-0.20199999999999996,0.6753333333333335
2026-01-03 01:33:00,NODE_04,71.24,3.82,2.38,0.532,25.61,66.5,warning,2.2099999999999937,69.97000000000001,0.9499999999999997,3.4133333333333336,-0.7000000000000002,2.993333333333334,0.008000000000000007,0.5940000000000002
2026-01-03 01:43:00,NODE_04,70.98,3.47,4.06,0.553,26.54,70.75,warning,-0.2599999999999909,70.41666666666667,-0.34999999999999964,3.3866666666666667,1.6799999999999997,3.1733333333333342,0.02100000000000002,0.5363333333333334
2026-01-03 01:53:00,NODE_04,68.63,3.5,2.2,0.695,25.41,66.21,warning,-2.3500000000000085,70.28333333333333,0.029999999999999805,3.5966666666666662,-1.8599999999999994,2.8800000000000012,0.1419999999999999,0.5933333333333334
2026-01-03 02:03:00,NODE_04,71.17,2.89,2.4,0.584,24.61,70.23,warning,2.5400000000000063,70.26,-0.6099999999999999,3.2866666666666666,0.19999999999999973,2.886666666666667,-0.11099999999999999,0.6106666666666668
2026-01-03 02:13:00,NODE_04,71.39,4.19,3.08,0.458,27.18,73.72,warning,0.21999999999999886,70.39666666666666,1.3000000000000003,3.5266666666666673,0.6800000000000002,2.560000000000001,-0.12599999999999995,0.5790000000000001
2026-01-03 02:23:00,NODE_04,71.77,4.05,1.88,0.416,26.37,70.78,warning,0.37999999999999545,71.44333333333333,-0.14000000000000057,3.7100000000000004,-1.2000000000000002,2.4533333333333345,-0.04200000000000004,0.48600000000000004
2026-01-03 02:33:00,NODE_04,71.16,3.04,3.11,0.428,28.36,78.1,warning,-0.6099999999999994,71.44,-1.0099999999999998,3.7600000000000002,1.23,2.6900000000000013,0.01200000000000001,0.4340000000000001
2026-01-03 02:43:00,NODE_04,71.94,3.47,2.2,0.553,27.09,73.59,warning,0.7800000000000011,71.62333333333333,0.43000000000000016,3.52,-0.9099999999999997,2.396666666666668,0.12500000000000006,0.46566666666666673
2026-01-03 02:53:00,NODE_04,70.41,2.73,2.81,0.425,24.86,74.59,warning,-1.5300000000000011,71.17,-0.7400000000000002,3.0800000000000005,0.6099999999999999,2.7066666666666683,-0.12800000000000006,0.46866666666666673
2026-01-03 03:03:00,NODE_04,69.51,2.75,2.34,0.538,26.71,70.16,warning,-0.8999999999999915,70.61999999999999,0.020000000000000018,2.983333333333334,-0.4700000000000002,2.450000000000001,0.11300000000000004,0.5053333333333334
2026-01-03 03:13:00,NODE_04,70.92,3.43,3.03,0.535,28.44,70.55,warning,1.4099999999999966,70.28000000000002,0.6800000000000002,2.97,0.69,2.726666666666668,-0.0030000000000000027,0.4993333333333334
2026-01-03 03:23:00,NODE_04,69.97,2.41,1.36,0.401,23.78,71.2,warning,-0.9500000000000028,70.13333333333333,-1.02,2.8633333333333337,-1.6699999999999997,2.2433333333333345,-0.134,0.4913333333333334
2026-01-03 03:33:00,NODE_04,72.07,2.91,3.03,0.51,25.11,69.92,warning,2.0999999999999943,70.98666666666666,0.5,2.9166666666666674,1.6699999999999997,2.4733333333333345,0.10899999999999999,0.48200000000000004
2026-01-03 03:43:00,NODE_04,71.92,2.95,1.93,0.465,27.28,71.04,warning,-0.14999999999999147,71.32,0.040000000000000036,2.7566666666666673,-1.0999999999999999,2.106666666666668,-0.044999999999999984,0.4586666666666667
2026-01-03 03:53:00,NODE_04,72.83,3.05,2.95,0.359,27.23,72.22,warning,0.9099999999999966,72.27333333333333,0.09999999999999964,2.9700000000000006,1.0200000000000002,2.6366666666666676,-0.10600000000000004,0.4446666666666667
2026-01-03 04:03:00,NODE_04,72.17,3.61,2.34,0.623,28.45,69.07,warning,-0.6599999999999966,72.30666666666667,0.56,3.2033333333333336,-0.6100000000000003,2.4066666666666676,0.264,0.48233333333333334
2026-01-03 04:13:00,NODE_04,72.37,2.33,1.79,0.487,24.69,73.49,warning,0.20000000000000284,72.45666666666666,-1.2799999999999998,2.9966666666666666,-0.5499999999999998,2.360000000000001,-0.136,0.48966666666666664
2026-01-03 04:23:00,NODE_04,72.37,4.09,3.1,0.473,25.99,68.14,warning,0.0,72.30333333333334,1.7599999999999998,3.3433333333333337,1.31,2.4100000000000015,-0.014000000000000012,0.5276666666666666
2026-01-03 04:33:00,NODE_04,71.78,2.06,2.71,0.424,26.57,74.4,warning,-0.5900000000000034,72.17333333333333,-2.03,2.8266666666666667,-0.3900000000000001,2.5333333333333345,-0.04899999999999999,0.4613333333333333
2026-01-03 04:43:00,NODE_04,71.69,3.67,2.08,0.529,26.93,67.23,warning,-0.09000000000000341,71.94666666666667,1.6099999999999999,3.2733333333333334,-0.6299999999999999,2.6300000000000012,0.10500000000000004,0.4753333333333334
2026-01-03 04:53:00,NODE_04,70.49,2.71,2.89,0.41,28.36,75.2,warning,-1.2000000000000028,71.32,-0.96,2.813333333333334,0.81,2.5600000000000014,-0.11900000000000005,0.4543333333333333
2026-01-03 05:03:00,NODE_04,70.59,2.65,1.58,0.385,25.12,73.3,warning,0.10000000000000853,70.92333333333333,-0.06000000000000005,3.0100000000000002,-1.31,2.183333333333335,-0.024999999999999967,0.44133333333333336
2026-01-03 05:13:00,NODE_04,72.63,2.54,2.18,0.505,25.23,70.79,warning,2.039999999999992,71.23666666666666,-0.10999999999999988,2.6333333333333333,0.6000000000000001,2.216666666666668,0.12,0.43333333333333335
2026-01-03 05:23:00,NODE_04,72.7,2.98,1.36,0.39,25.58,75.86,warning,0.07000000000000739,71.97333333333333,0.43999999999999995,2.723333333333334,-0.8200000000000001,1.7066666666666679,-0.11499999999999999,0.42666666666666675
2026-01-03 05:33:00,NODE_04,70.53,2.16,2.31,0.377,26.75,71.74,normal,-2.1700000000000017,71.95333333333333,-0.8199999999999998,2.5600000000000005,0.95,1.9500000000000013,-0.013000000000000012,0.4240000000000001
2026-01-03 05:43:00,NODE_04,72.15,2.98,2.44,0.449,28.68,73.02,normal,1.6200000000000045,71.79333333333334,0.8199999999999998,2.706666666666667,0.1299999999999999,2.036666666666668,0.07200000000000001,0.4053333333333333
2026-01-03 05:53:00,NODE_04,71.84,1.88,2.13,0.383,25.79,73.99,normal,-0.3100000000000023,71.50666666666667,-1.1,2.3400000000000003,-0.31000000000000005,2.2933333333333343,-0.066,0.403
2026-01-03 06:03:00,NODE_04,72.5,1.91,2.51,0.459,27.07,72.41,normal,0.6599999999999966,72.16333333333334,0.030000000000000027,2.2566666666666673,0.3799999999999999,2.360000000000001,0.07600000000000001,0.4303333333333333
2026-01-03 06:13:00,NODE_04,73.06,2.29,1.47,0.292,23.58,69.4,normal,0.5600000000000023,72.46666666666667,0.3800000000000001,2.026666666666667,-1.0399999999999998,2.036666666666668,-0.16700000000000004,0.37799999999999995
2026-01-03 06:23:00,NODE_04,71.37,1.9,1.56,0.32,27.75,69.12,normal,-1.6899999999999977,72.31,-0.3900000000000001,2.0333333333333337,0.09000000000000008,1.8466666666666678,0.028000000000000025,0.357
2026-01-03 06:33:00,NODE_04,73.36,2.26,1.68,0.31,24.33,71.19,normal,1.9899999999999949,72.59666666666668,0.3599999999999999,2.1500000000000004,0.11999999999999988,1.5700000000000014,-0.010000000000000009,0.3073333333333333
2026-01-03 06:43:00,NODE_04,71.05,2.62,1.84,0.403,25.43,67.7,normal,-2.3100000000000023,71.92666666666666,0.3600000000000003,2.2600000000000002,0.16000000000000014,1.693333333333335,0.09300000000000003,0.3443333333333333
2026-01-03 06:53:00,NODE_04,72.39,2.75,1.71,0.324,25.71,68.43,normal,1.3400000000000034,72.26666666666667,0.1299999999999999,2.5433333333333334,-0.13000000000000012,1.7433333333333347,-0.07900000000000001,0.3456666666666666
2026-01-03 07:03:00,NODE_04,73.03,2.23,1.61,0.381,28.15,71.31,normal,0.6400000000000006,72.15666666666665,-0.52,2.5333333333333337,-0.09999999999999987,1.7200000000000013,0.056999999999999995,0.36933333333333335
2026-01-03 07:13:00,NODE_04,73.08,2.39,1.9,0.394,26.34,75.32,normal,0.04999999999999716,72.83333333333333,0.16000000000000014,2.456666666666667,0.2899999999999998,1.7400000000000013,0.013000000000000012,0.36633333333333334
2026-01-03 07:23:00,NODE_04,73.03,2.51,1.57,0.365,24.21,71.0,normal,-0.04999999999999716,73.04666666666667,0.11999999999999966,2.376666666666667,-0.32999999999999985,1.693333333333335,-0.029000000000000026,0.38000000000000006
2026-01-03 07:33:00,NODE_04,73.5,2.54,1.95,0.298,25.68,74.13,normal,0.46999999999999886,73.20333333333333,0.03000000000000025,2.4800000000000004,0.3799999999999999,1.8066666666666678,-0.067,0.35233333333333333
2026-01-03 07:43:00,NODE_04,72.42,2.15,2.07,0.259,26.04,76.88,normal,-1.0799999999999983,72.98333333333333,-0.3900000000000001,2.4,0.11999999999999988,1.8633333333333344,-0.03899999999999998,0.3073333333333333
2026-01-03 07:53:00,NODE_04,73.94,1.8,1.29,0.21,26.78,77.93,normal,1.519999999999996,73.28666666666668,-0.34999999999999987,2.1633333333333336,-0.7799999999999998,1.7700000000000014,-0.049000000000000016,0.25566666666666665
2026-01-03 08:03:00,NODE_04,73.2,2.21,1.68,0.261,26.11,72.06,normal,-0.7399999999999949,73.18666666666667,0.4099999999999999,2.0533333333333332,0.3899999999999999,1.6800000000000013,0.05100000000000002,0.24333333333333332
2026-01-03 08:13:00,NODE_04,72.25,1.93,1.57,0.266,25.51,66.72,normal,-0.9500000000000028,73.13,-0.28,1.9800000000000002,-0.10999999999999988,1.5133333333333348,0.0050000000000000044,0.2456666666666667
2026-01-03 08:23:00,NODE_04,71.88,1.81,1.5,0.353,25.12,73.06,normal,-0.37000000000000455,72.44333333333333,-0.11999999999999988,1.9833333333333334,-0.07000000000000006,1.5833333333333346,0.08699999999999997,0.2933333333333334
2026-01-03 08:33:00,NODE_04,73.6,2.01,1.08,0.236,26.81,73.35,normal,1.7199999999999989,72.57666666666667,0.19999999999999973,1.9166666666666667,-0.41999999999999993,1.3833333333333346,-0.11699999999999999,0.285
2026-01-03 08:43:00,NODE_04,72.58,2.63,1.32,0.316,27.23,68.73,normal,-1.019999999999996,72.68666666666667,0.6200000000000001,2.15,0.24,1.3000000000000014,0.08000000000000002,0.3016666666666667
2026-01-03 08:53:00,NODE_04,71.67,2.79,1.14,0.316,26.05,71.82,normal,-0.9099999999999966,72.61666666666666,0.16000000000000014,2.4766666666666666,-0.18000000000000016,1.1800000000000013,0.0,0.2893333333333334
2026-01-03 09:03:00,NODE_04,72.11,2.35,1.35,0.333,27.2,72.83,normal,0.4399999999999977,72.12,-0.43999999999999995,2.59,0.2100000000000002,1.2700000000000014,0.017000000000000015,0.3216666666666667
2026-01-03 09:13:00,NODE_04,72.01,2.48,0.79,0.351,24.01,69.88,normal,-0.09999999999999432,71.93,0.1299999999999999,2.54,-0.56,1.0933333333333346,0.01799999999999996,0.3333333333333333
2026-01-03 09:23:00,NODE_04,72.93,1.7,1.45,0.334,27.13,72.72,normal,0.9200000000000017,72.35000000000001,-0.78,2.1766666666666667,0.6599999999999999,1.196666666666668,-0.01699999999999996,0.3393333333333333
2026-01-03 09:33:00,NODE_04,74.12,2.25,0.59,0.242,26.47,66.83,normal,1.1899999999999977,73.02,0.55,2.143333333333333,-0.86,0.9433333333333347,-0.09200000000000003,0.309
2026-01-03 09:43:00,NODE_04,72.35,1.22,1.25,0.285,25.88,70.05,normal,-1.7700000000000102,73.13333333333334,-1.03,1.7233333333333334,0.66,1.096666666666668,0.04299999999999998,0.28700000000000003
2026-01-03 09:53:00,NODE_04,72.64,2.07,1.28,0.34,28.12,77.83,normal,0.29000000000000625,73.03666666666668,0.8499999999999999,1.8466666666666667,0.030000000000000027,1.0400000000000014,0.05500000000000005,0.289
2026-01-03 10:03:00,NODE_04,73.21,1.88,1.36,0.287,25.43,70.3,normal,0.5699999999999932,72.73333333333333,-0.18999999999999995,1.7233333333333334,0.08000000000000007,1.296666666666668,-0.05300000000000005,0.304
2026-01-03 10:13:00,NODE_04,72.99,1.44,1.02,0.335,25.73,68.48,normal,-0.21999999999999886,72.94666666666666,-0.43999999999999995,1.7966666666666669,-0.3400000000000001,1.2200000000000015,0.04800000000000004,0.32066666666666666
2026-01-03 10:23:00,NODE_04,73.32,1.92,0.84,0.311,25.72,67.18,normal,0.3299999999999983,73.17333333333333,0.48,1.7466666666666668,-0.18000000000000005,1.0733333333333348,-0.02400000000000002,0.311
2026-01-03 10:33:00,NODE_04,72.92,1.44,0.43,0.249,25.23,74.64,normal,-0.3999999999999915,73.07666666666667,-0.48,1.5999999999999999,-0.41,0.7633333333333346,-0.062,0.2983333333333334
2026-01-03 10:43:00,NODE_04,73.12,1.03,1.12,0.201,25.38,69.93,normal,0.20000000000000284,73.12,-0.4099999999999999,1.4633333333333332,0.6900000000000002,0.7966666666666681,-0.04799999999999999,0.2536666666666667
2026-01-03 10:53:00,NODE_04,74.24,1.28,0.78,0.234,26.52,71.29,normal,1.1199999999999903,73.42666666666668,0.25,1.25,-0.3400000000000001,0.7766666666666682,0.033,0.228
2026-01-03 11:03:00,NODE_04,72.96,1.7,1.47,0.23,25.48,73.01,normal,-1.2800000000000011,73.44,0.41999999999999993,1.3366666666666667,0.69,1.1233333333333348,-0.0040000000000000036,0.22166666666666668
2026-01-03 11:13:00,NODE_04,73.53,1.01,1.19,0.235,28.15,73.83,normal,0.5700000000000074,73.57666666666667,-0.69,1.3299999999999998,-0.28,1.146666666666668,0.004999999999999977,0.233
2026-01-03 11:23:00,NODE_04,74.18,1.62,1.43,0.296,25.56,75.13,normal,0.6500000000000057,73.55666666666667,0.6100000000000001,1.4433333333333334,0.24,1.3633333333333344,0.061,0.2536666666666667
2026-01-03 11:33:00,NODE_04,74.19,1.99,0.92,0.274,25.86,69.25,normal,0.009999999999990905,73.96666666666667,0.3699999999999999,1.54,-0.5099999999999999,1.1800000000000013,-0.021999999999999964,0.26833333333333337
2026-01-03 11:43:00,NODE_04,73.41,1.69,1.36,0.205,25.78,68.34,normal,-0.7800000000000011,73.92666666666666,-0.30000000000000004,1.7666666666666666,0.44000000000000006,1.2366666666666681,-0.06900000000000003,0.25833333333333336
2026-01-03 11:53:00,NODE_04,73.07,2.02,0.89,0.196,27.6,67.06,normal,-0.3400000000000034,73.55666666666666,0.33000000000000007,1.9000000000000001,-0.4700000000000001,1.0566666666666682,-0.00899999999999998,0.225
2026-01-03 12:03:00,NODE_04,72.77,2.18,0.69,0.273,26.26,67.05,normal,-0.29999999999999716,73.08333333333333,0.16000000000000014,1.9633333333333336,-0.20000000000000007,0.9800000000000014,0.07700000000000001,0.22466666666666668
2026-01-03 12:13:00,NODE_04,72.92,1.44,1.8,0.272,25.51,75.61,normal,0.15000000000000568,72.92,-0.7400000000000002,1.8800000000000001,1.11,1.126666666666668,-0.0010000000000000009,0.24700000000000003
2026-01-03 12:23:00,NODE_04,72.63,2.02,1.02,0.283,25.11,69.95,normal,-0.29000000000000625,72.77333333333333,0.5800000000000001,1.8800000000000001,-0.78,1.1700000000000015,0.010999999999999954,0.276
2026-01-03 12:33:00,NODE_04,72.36,2.1,1.16,0.312,25.3,69.29,normal,-0.269999999999996,72.63666666666667,0.08000000000000007,1.8533333333333335,0.1399999999999999,1.326666666666668,0.029000000000000026,0.289
2026-01-03 12:43:00,NODE_04,72.83,1.98,1.45,0.237,26.74,68.47,normal,0.46999999999999886,72.60666666666667,-0.1200000000000001,2.0333333333333337,0.29000000000000004,1.2100000000000015,-0.07500000000000001,0.2773333333333333
2026-01-03 12:53:00,NODE_04,73.53,1.98,1.36,0.37,27.02,70.83,normal,0.7000000000000028,72.90666666666667,0.0,2.02,-0.08999999999999986,1.3233333333333348,0.133,0.3063333333333333
2026-01-03 13:03:00,NODE_04,73.45,1.94,1.27,0.355,25.58,74.56,normal,-0.0799999999999983,73.27,-0.040000000000000036,1.9666666666666668,-0.09000000000000008,1.3600000000000014,-0.015000000000000013,0.32066666666666666
2026-01-03 13:13:00,NODE_04,72.36,2.05,1.28,0.308,27.36,74.8,normal,-1.0900000000000034,73.11333333333333,0.10999999999999988,1.99,0.010000000000000009,1.3033333333333348,-0.046999999999999986,0.3443333333333333
2026-01-03 13:23:00,NODE_04,73.76,2.18,1.12,0.302,26.52,73.56,normal,1.4000000000000057,73.19,0.13000000000000034,2.0566666666666666,-0.15999999999999992,1.2233333333333347,-0.006000000000000005,0.32166666666666666
2026-01-03 13:33:00,NODE_04,73.23,1.4,1.57,0.364,29.0,67.92,normal,-0.5300000000000011,73.11666666666667,-0.7800000000000002,1.876666666666667,0.44999999999999996,1.323333333333335,0.062,0.32466666666666666
2026-01-03 13:43:00,NODE_04,73.89,1.97,1.28,0.213,25.39,71.67,normal,0.6599999999999966,73.62666666666667,0.5700000000000001,1.8499999999999999,-0.29000000000000004,1.3233333333333348,-0.151,0.293
2026-01-03 13:53:00,NODE_04,73.81,1.83,1.38,0.303,26.28,72.86,normal,-0.0799999999999983,73.64333333333333,-0.1399999999999999,1.7333333333333334,0.09999999999999987,1.4100000000000013,0.09,0.29333333333333333
2026-01-03 14:03:00,NODE_04,73.25,1.75,1.52,0.251,25.0,71.54,normal,-0.5600000000000023,73.64999999999999,-0.08000000000000007,1.8499999999999999,0.14000000000000012,1.3933333333333346,-0.05199999999999999,0.25566666666666665
2026-01-03 14:13:00,NODE_04,73.35,2.02,1.77,0.315,25.38,67.91,normal,0.09999999999999432,73.47000000000001,0.27,1.866666666666667,0.25,1.5566666666666682,0.064,0.2896666666666667
2026-01-03 14:23:00,NODE_04,72.16,2.26,1.06,0.277,26.39,68.97,normal,-1.1899999999999977,72.92,0.23999999999999977,2.0100000000000002,-0.71,1.4500000000000017,-0.03799999999999998,0.28099999999999997
2026-01-03 14:33:00,NODE_04,73.59,2.0,1.43,0.302,27.05,70.43,normal,1.4300000000000068,73.03333333333335,-0.2599999999999998,2.0933333333333333,0.3699999999999999,1.4200000000000015,0.024999999999999967,0.298
2026-01-03 14:43:00,NODE_04,71.82,2.68,2.04,0.286,24.9,73.31,normal,-1.7700000000000102,72.52333333333333,0.6800000000000002,2.313333333333333,0.6100000000000001,1.5100000000000016,-0.016000000000000014,0.28833333333333333
2026-01-03 14:53:00,NODE_04,71.81,1.92,1.71,0.248,25.06,74.78,normal,-0.009999999999990905,72.40666666666668,-0.7600000000000002,2.1999999999999997,-0.33000000000000007,1.7266666666666681,-0.03799999999999998,0.2786666666666667
2026-01-03 15:03:00,NODE_04,72.67,2.02,2.31,0.331,25.28,69.54,normal,0.8599999999999994,72.1,0.10000000000000009,2.2066666666666666,0.6000000000000001,2.0200000000000014,0.08300000000000002,0.28833333333333333
2026-01-03 15:13:00,NODE_04,72.18,2.08,1.09,0.319,25.41,73.31,normal,-0.4899999999999949,72.22000000000001,0.06000000000000005,2.0066666666666664,-1.22,1.703333333333335,-0.01200000000000001,0.2993333333333333
2026-01-03 15:23:00,NODE_04,72.35,2.47,2.43,0.347,25.63,70.03,normal,0.1699999999999875,72.4,0.3900000000000001,2.19,1.34,1.943333333333335,0.02799999999999997,0.3323333333333333
2026-01-03 15:33:00,NODE_04,72.46,2.76,1.5,0.256,26.1,71.11,normal,0.10999999999999943,72.33,0.2899999999999996,2.436666666666667,-0.9300000000000002,1.673333333333335,-0.09099999999999997,0.3073333333333333
2026-01-03 15:43:00,NODE_04,73.39,1.76,1.15,0.346,26.31,70.75,normal,0.9300000000000068,72.73333333333333,-0.9999999999999998,2.33,-0.3500000000000001,1.693333333333335,0.08999999999999997,0.31633333333333336
2026-01-03 15:53:00,NODE_04,72.3,1.75,1.6,0.385,26.96,75.9,normal,-1.0900000000000034,72.71666666666665,-0.010000000000000009,2.09,0.4500000000000002,1.4166666666666679,0.039000000000000035,0.329
2026-01-03 16:03:00,NODE_04,72.82,2.31,1.15,0.317,27.79,68.72,normal,0.519999999999996,72.83666666666666,0.56,1.9400000000000002,-0.4500000000000002,1.3000000000000014,-0.068,0.34933333333333333
2026-01-03 16:13:00,NODE_04,74.22,1.68,1.03,0.268,27.66,73.58,normal,1.4000000000000057,73.11333333333333,-0.6300000000000001,1.9133333333333333,-0.11999999999999988,1.2600000000000013,-0.04899999999999999,0.3233333333333333
2026-01-03 16:23:00,NODE_04,73.4,1.5,0.87,0.228,26.2,71.21,normal,-0.8199999999999932,73.48,-0.17999999999999994,1.83,-0.16000000000000003,1.016666666666668,-0.04000000000000001,0.27099999999999996
2026-01-03 16:33:00,NODE_04,73.94,2.08,1.62,0.241,25.78,65.77,normal,0.539999999999992,73.85333333333334,0.5800000000000001,1.7533333333333332,0.7500000000000001,1.1733333333333347,0.012999999999999984,0.24566666666666667
2026-01-03 16:43:00,NODE_04,73.48,1.66,1.21,0.239,26.14,67.14,normal,-0.45999999999999375,73.60666666666667,-0.42000000000000015,1.7466666666666668,-0.41000000000000014,1.2333333333333345,-0.0020000000000000018,0.236
2026-01-03 16:53:00,NODE_04,72.19,1.74,1.68,0.315,26.67,69.42,normal,-1.2900000000000063,73.20333333333333,0.08000000000000007,1.8266666666666669,0.47,1.5033333333333347,0.07600000000000001,0.265
2026-01-03 17:03:00,NODE_04,72.48,1.46,1.74,0.295,25.97,68.38,normal,0.29000000000000625,72.71666666666668,-0.28,1.6199999999999999,0.06000000000000005,1.5433333333333348,-0.020000000000000018,0.283
2026-01-03 17:13:00,NODE_04,72.04,1.41,1.67,0.266,24.97,70.03,normal,-0.4399999999999977,72.23666666666666,-0.050000000000000044,1.5366666666666664,-0.07000000000000006,1.6966666666666679,-0.02899999999999997,0.29200000000000004
2026-01-03 17:23:00,NODE_04,72.69,2.67,1.63,0.377,24.31,74.72,normal,0.6499999999999915,72.40333333333334,1.26,1.8466666666666665,-0.040000000000000036,1.6800000000000015,0.11099999999999999,0.31266666666666665
2026-01-03 17:33:00,NODE_04,73.04,2.27,1.91,0.385,25.78,71.68,normal,0.3500000000000085,72.59000000000002,-0.3999999999999999,2.1166666666666667,0.28,1.736666666666668,0.008000000000000007,0.3426666666666667
2026-01-03 17:43:00,NODE_04,73.28,1.97,1.5,0.245,25.12,69.02,normal,0.23999999999999488,73.00333333333333,-0.30000000000000004,2.3033333333333332,-0.4099999999999999,1.6800000000000013,-0.14,0.3356666666666667
2026-01-03 17:53:00,NODE_04,73.18,2.47,1.18,0.358,26.98,65.67,normal,-0.09999999999999432,73.16666666666667,0.5000000000000002,2.236666666666667,-0.32000000000000006,1.5300000000000011,0.11299999999999999,0.3293333333333333
2026-01-03 18:03:00,NODE_04,73.36,2.24,1.92,0.367,27.65,67.05,normal,0.1799999999999926,73.27333333333333,-0.22999999999999998,2.2266666666666666,0.74,1.5333333333333343,0.009000000000000008,0.3233333333333333
2026-01-03 18:13:00,NODE_04,73.67,2.76,1.91,0.268,26.03,72.98,normal,0.3100000000000023,73.40333333333335,0.5199999999999996,2.4899999999999998,-0.010000000000000009,1.670000000000001,-0.09899999999999998,0.33099999999999996
2026-01-03 18:23:00,NODE_04,72.86,1.27,1.48,0.209,24.3,65.86,normal,-0.8100000000000023,73.29666666666667,-1.4899999999999998,2.09,-0.42999999999999994,1.7700000000000014,-0.059000000000000025,0.2813333333333334
2026-01-03 18:33:00,NODE_04,73.37,2.36,1.27,0.25,26.36,63.9,normal,0.5100000000000051,73.3,1.0899999999999999,2.13,-0.20999999999999996,1.5533333333333346,0.04100000000000001,0.24233333333333332
2026-01-03 18:43:00,NODE_04,73.12,1.44,0.92,0.288,26.95,73.29,normal,-0.25,73.11666666666667,-0.9199999999999999,1.6900000000000002,-0.35,1.2233333333333347,0.03799999999999998,0.249
2026-01-03 18:53:00,NODE_04,72.7,1.57,1.64,0.204,24.98,76.33,normal,-0.4200000000000017,73.06333333333333,0.13000000000000012,1.79,0.7199999999999999,1.276666666666668,-0.08399999999999999,0.24733333333333332
